2024-11-27 23:07:48,238:WARNING:
'cuml' is a soft dependency and not included in the pycaret installation. Please run: `pip install cuml` to install.
2024-11-27 23:07:48,239:WARNING:
'cuml' is a soft dependency and not included in the pycaret installation. Please run: `pip install cuml` to install.
2024-11-27 23:07:48,240:WARNING:
'cuml' is a soft dependency and not included in the pycaret installation. Please run: `pip install cuml` to install.
2024-11-27 23:07:48,240:WARNING:
'cuml' is a soft dependency and not included in the pycaret installation. Please run: `pip install cuml` to install.
2024-11-27 23:07:52,572:INFO:PyCaret ClassificationExperiment
2024-11-27 23:07:52,573:INFO:Logging name: clf-default-name
2024-11-27 23:07:52,573:INFO:ML Usecase: MLUsecase.CLASSIFICATION
2024-11-27 23:07:52,573:INFO:version 3.3.2
2024-11-27 23:07:52,573:INFO:Initializing setup()
2024-11-27 23:07:52,573:INFO:self.USI: 91d3
2024-11-27 23:07:52,573:INFO:self._variable_keys: {'data', '_available_plots', 'target_param', 'logging_param', 'memory', 'gpu_n_jobs_param', 'html_param', 'is_multiclass', 'exp_id', 'y_train', 'fix_imbalance', 'pipeline', 'seed', 'USI', '_ml_usecase', 'gpu_param', 'exp_name_log', 'X_test', 'y', 'fold_generator', 'idx', 'fold_shuffle_param', 'X', 'n_jobs_param', 'y_test', 'fold_groups_param', 'log_plots_param', 'X_train'}
2024-11-27 23:07:52,573:INFO:Checking environment
2024-11-27 23:07:52,573:INFO:python_version: 3.10.12
2024-11-27 23:07:52,573:INFO:python_build: ('main', 'Nov  6 2024 20:22:13')
2024-11-27 23:07:52,573:INFO:machine: x86_64
2024-11-27 23:07:52,573:INFO:platform: Linux-5.15.167.4-microsoft-standard-WSL2-x86_64-with-glibc2.35
2024-11-27 23:07:52,580:INFO:Memory: svmem(total=8286756864, available=2618318848, percent=68.4, used=5356552192, free=1810661376, active=442343424, inactive=5436862464, buffers=122728448, cached=996814848, shared=4198400, slab=260579328)
2024-11-27 23:07:52,653:INFO:Physical Core: 4
2024-11-27 23:07:52,653:INFO:Logical Core: 4
2024-11-27 23:07:52,653:INFO:Checking libraries
2024-11-27 23:07:52,653:INFO:System:
2024-11-27 23:07:52,653:INFO:    python: 3.10.12 (main, Nov  6 2024, 20:22:13) [GCC 11.4.0]
2024-11-27 23:07:52,653:INFO:executable: /bin/python3
2024-11-27 23:07:52,653:INFO:   machine: Linux-5.15.167.4-microsoft-standard-WSL2-x86_64-with-glibc2.35
2024-11-27 23:07:52,653:INFO:PyCaret required dependencies:
2024-11-27 23:07:53,340:INFO:                 pip: 22.0.2
2024-11-27 23:07:53,340:INFO:          setuptools: 59.6.0
2024-11-27 23:07:53,340:INFO:             pycaret: 3.3.2
2024-11-27 23:07:53,340:INFO:             IPython: 8.27.0
2024-11-27 23:07:53,340:INFO:          ipywidgets: 8.1.5
2024-11-27 23:07:53,340:INFO:                tqdm: 4.66.5
2024-11-27 23:07:53,340:INFO:               numpy: 1.26.4
2024-11-27 23:07:53,341:INFO:              pandas: 2.1.4
2024-11-27 23:07:53,341:INFO:              jinja2: 3.1.4
2024-11-27 23:07:53,341:INFO:               scipy: 1.11.4
2024-11-27 23:07:53,341:INFO:              joblib: 1.3.2
2024-11-27 23:07:53,341:INFO:             sklearn: 1.4.2
2024-11-27 23:07:53,341:INFO:                pyod: 2.0.2
2024-11-27 23:07:53,341:INFO:            imblearn: 0.12.4
2024-11-27 23:07:53,341:INFO:   category_encoders: 2.6.4
2024-11-27 23:07:53,341:INFO:            lightgbm: 4.5.0
2024-11-27 23:07:53,341:INFO:               numba: 0.60.0
2024-11-27 23:07:53,341:INFO:            requests: 2.32.3
2024-11-27 23:07:53,341:INFO:          matplotlib: 3.7.5
2024-11-27 23:07:53,341:INFO:          scikitplot: 0.3.7
2024-11-27 23:07:53,341:INFO:         yellowbrick: 1.5
2024-11-27 23:07:53,341:INFO:              plotly: 5.24.1
2024-11-27 23:07:53,341:INFO:    plotly-resampler: Not installed
2024-11-27 23:07:53,341:INFO:             kaleido: 0.2.1
2024-11-27 23:07:53,341:INFO:           schemdraw: 0.15
2024-11-27 23:07:53,341:INFO:         statsmodels: 0.14.3
2024-11-27 23:07:53,341:INFO:              sktime: 0.26.0
2024-11-27 23:07:53,341:INFO:               tbats: 1.1.3
2024-11-27 23:07:53,341:INFO:            pmdarima: 2.0.4
2024-11-27 23:07:53,341:INFO:              psutil: 6.0.0
2024-11-27 23:07:53,341:INFO:          markupsafe: 3.0.1
2024-11-27 23:07:53,341:INFO:             pickle5: Not installed
2024-11-27 23:07:53,341:INFO:         cloudpickle: 3.0.0
2024-11-27 23:07:53,341:INFO:         deprecation: 2.1.0
2024-11-27 23:07:53,341:INFO:              xxhash: 3.5.0
2024-11-27 23:07:53,341:INFO:           wurlitzer: 3.1.1
2024-11-27 23:07:53,341:INFO:PyCaret optional dependencies:
2024-11-27 23:07:54,052:INFO:                shap: 0.46.0
2024-11-27 23:07:54,052:INFO:           interpret: Not installed
2024-11-27 23:07:54,052:INFO:                umap: Not installed
2024-11-27 23:07:54,052:INFO:     ydata_profiling: Not installed
2024-11-27 23:07:54,052:INFO:  explainerdashboard: Not installed
2024-11-27 23:07:54,052:INFO:             autoviz: Not installed
2024-11-27 23:07:54,052:INFO:           fairlearn: Not installed
2024-11-27 23:07:54,052:INFO:          deepchecks: Not installed
2024-11-27 23:07:54,052:INFO:             xgboost: 2.1.1
2024-11-27 23:07:54,052:INFO:            catboost: 1.2.7
2024-11-27 23:07:54,052:INFO:              kmodes: Not installed
2024-11-27 23:07:54,052:INFO:             mlxtend: Not installed
2024-11-27 23:07:54,052:INFO:       statsforecast: Not installed
2024-11-27 23:07:54,052:INFO:        tune_sklearn: Not installed
2024-11-27 23:07:54,052:INFO:                 ray: Not installed
2024-11-27 23:07:54,052:INFO:            hyperopt: Not installed
2024-11-27 23:07:54,052:INFO:              optuna: Not installed
2024-11-27 23:07:54,052:INFO:               skopt: Not installed
2024-11-27 23:07:54,052:INFO:              mlflow: Not installed
2024-11-27 23:07:54,052:INFO:              gradio: Not installed
2024-11-27 23:07:54,052:INFO:             fastapi: Not installed
2024-11-27 23:07:54,052:INFO:             uvicorn: Not installed
2024-11-27 23:07:54,052:INFO:              m2cgen: Not installed
2024-11-27 23:07:54,052:INFO:           evidently: Not installed
2024-11-27 23:07:54,052:INFO:               fugue: Not installed
2024-11-27 23:07:54,052:INFO:           streamlit: Not installed
2024-11-27 23:07:54,052:INFO:             prophet: 1.1.6
2024-11-27 23:07:54,053:INFO:None
2024-11-27 23:07:54,053:INFO:Set up data.
2024-11-27 23:07:54,374:INFO:Set up folding strategy.
2024-11-27 23:07:54,374:INFO:Set up train/test split.
2024-11-27 23:07:55,147:INFO:Set up index.
2024-11-27 23:07:55,148:INFO:Assigning column types.
2024-11-27 23:07:55,225:INFO:Engine successfully changes for model 'lr' to 'sklearn'.
2024-11-27 23:07:55,296:INFO:Engine for model 'knn' has not been set explicitly, hence returning None.
2024-11-27 23:07:55,302:INFO:Engine for model 'rbfsvm' has not been set explicitly, hence returning None.
2024-11-27 23:07:55,381:INFO:Soft dependency imported: xgboost: 2.1.1
2024-11-27 23:07:55,384:INFO:Soft dependency imported: catboost: 1.2.7
2024-11-27 23:07:55,657:INFO:Engine for model 'knn' has not been set explicitly, hence returning None.
2024-11-27 23:07:55,659:INFO:Engine for model 'rbfsvm' has not been set explicitly, hence returning None.
2024-11-27 23:07:55,739:INFO:Soft dependency imported: xgboost: 2.1.1
2024-11-27 23:07:55,745:INFO:Soft dependency imported: catboost: 1.2.7
2024-11-27 23:07:55,746:INFO:Engine successfully changes for model 'knn' to 'sklearn'.
2024-11-27 23:07:55,880:INFO:Engine for model 'rbfsvm' has not been set explicitly, hence returning None.
2024-11-27 23:07:55,953:INFO:Soft dependency imported: xgboost: 2.1.1
2024-11-27 23:07:55,957:INFO:Soft dependency imported: catboost: 1.2.7
2024-11-27 23:07:56,031:INFO:Engine for model 'rbfsvm' has not been set explicitly, hence returning None.
2024-11-27 23:07:56,070:INFO:Soft dependency imported: xgboost: 2.1.1
2024-11-27 23:07:56,074:INFO:Soft dependency imported: catboost: 1.2.7
2024-11-27 23:07:56,075:INFO:Engine successfully changes for model 'rbfsvm' to 'sklearn'.
2024-11-27 23:07:56,194:INFO:Soft dependency imported: xgboost: 2.1.1
2024-11-27 23:07:56,200:INFO:Soft dependency imported: catboost: 1.2.7
2024-11-27 23:07:56,319:INFO:Soft dependency imported: xgboost: 2.1.1
2024-11-27 23:07:56,322:INFO:Soft dependency imported: catboost: 1.2.7
2024-11-27 23:07:56,386:INFO:Preparing preprocessing pipeline...
2024-11-27 23:07:56,447:INFO:Set up date feature engineering.
2024-11-27 23:07:56,447:INFO:Set up simple imputation.
2024-11-27 23:07:56,652:INFO:Set up encoding of ordinal features.
2024-11-27 23:07:56,679:INFO:Set up encoding of categorical features.
2024-11-27 23:07:56,679:INFO:Set up removing outliers.
2024-11-27 23:07:56,679:INFO:Set up column transformation.
2024-11-27 23:07:56,679:INFO:Set up feature normalization.
2024-11-27 23:10:05,625:INFO:PyCaret ClassificationExperiment
2024-11-27 23:10:05,625:INFO:Logging name: clf-default-name
2024-11-27 23:10:05,625:INFO:ML Usecase: MLUsecase.CLASSIFICATION
2024-11-27 23:10:05,625:INFO:version 3.3.2
2024-11-27 23:10:05,625:INFO:Initializing setup()
2024-11-27 23:10:05,625:INFO:self.USI: e208
2024-11-27 23:10:05,625:INFO:self._variable_keys: {'data', '_available_plots', 'target_param', 'logging_param', 'memory', 'gpu_n_jobs_param', 'html_param', 'is_multiclass', 'exp_id', 'y_train', 'fix_imbalance', 'pipeline', 'seed', 'USI', '_ml_usecase', 'gpu_param', 'exp_name_log', 'X_test', 'y', 'fold_generator', 'idx', 'fold_shuffle_param', 'X', 'n_jobs_param', 'y_test', 'fold_groups_param', 'log_plots_param', 'X_train'}
2024-11-27 23:10:05,625:INFO:Checking environment
2024-11-27 23:10:05,625:INFO:python_version: 3.10.12
2024-11-27 23:10:05,625:INFO:python_build: ('main', 'Nov  6 2024 20:22:13')
2024-11-27 23:10:05,625:INFO:machine: x86_64
2024-11-27 23:10:05,625:INFO:platform: Linux-5.15.167.4-microsoft-standard-WSL2-x86_64-with-glibc2.35
2024-11-27 23:10:05,626:INFO:Memory: svmem(total=8286756864, available=2416697344, percent=70.8, used=5558226944, free=1566978048, active=442728448, inactive=5685108736, buffers=123019264, cached=1038532608, shared=4202496, slab=261009408)
2024-11-27 23:10:05,626:INFO:Physical Core: 4
2024-11-27 23:10:05,626:INFO:Logical Core: 4
2024-11-27 23:10:05,626:INFO:Checking libraries
2024-11-27 23:10:05,626:INFO:System:
2024-11-27 23:10:05,626:INFO:    python: 3.10.12 (main, Nov  6 2024, 20:22:13) [GCC 11.4.0]
2024-11-27 23:10:05,626:INFO:executable: /bin/python3
2024-11-27 23:10:05,626:INFO:   machine: Linux-5.15.167.4-microsoft-standard-WSL2-x86_64-with-glibc2.35
2024-11-27 23:10:05,626:INFO:PyCaret required dependencies:
2024-11-27 23:10:05,626:INFO:                 pip: 22.0.2
2024-11-27 23:10:05,627:INFO:          setuptools: 59.6.0
2024-11-27 23:10:05,627:INFO:             pycaret: 3.3.2
2024-11-27 23:10:05,627:INFO:             IPython: 8.27.0
2024-11-27 23:10:05,627:INFO:          ipywidgets: 8.1.5
2024-11-27 23:10:05,627:INFO:                tqdm: 4.66.5
2024-11-27 23:10:05,627:INFO:               numpy: 1.26.4
2024-11-27 23:10:05,627:INFO:              pandas: 2.1.4
2024-11-27 23:10:05,627:INFO:              jinja2: 3.1.4
2024-11-27 23:10:05,627:INFO:               scipy: 1.11.4
2024-11-27 23:10:05,627:INFO:              joblib: 1.3.2
2024-11-27 23:10:05,627:INFO:             sklearn: 1.4.2
2024-11-27 23:10:05,627:INFO:                pyod: 2.0.2
2024-11-27 23:10:05,627:INFO:            imblearn: 0.12.4
2024-11-27 23:10:05,627:INFO:   category_encoders: 2.6.4
2024-11-27 23:10:05,627:INFO:            lightgbm: 4.5.0
2024-11-27 23:10:05,627:INFO:               numba: 0.60.0
2024-11-27 23:10:05,627:INFO:            requests: 2.32.3
2024-11-27 23:10:05,627:INFO:          matplotlib: 3.7.5
2024-11-27 23:10:05,627:INFO:          scikitplot: 0.3.7
2024-11-27 23:10:05,627:INFO:         yellowbrick: 1.5
2024-11-27 23:10:05,627:INFO:              plotly: 5.24.1
2024-11-27 23:10:05,627:INFO:    plotly-resampler: Not installed
2024-11-27 23:10:05,627:INFO:             kaleido: 0.2.1
2024-11-27 23:10:05,627:INFO:           schemdraw: 0.15
2024-11-27 23:10:05,627:INFO:         statsmodels: 0.14.3
2024-11-27 23:10:05,627:INFO:              sktime: 0.26.0
2024-11-27 23:10:05,627:INFO:               tbats: 1.1.3
2024-11-27 23:10:05,627:INFO:            pmdarima: 2.0.4
2024-11-27 23:10:05,628:INFO:              psutil: 6.0.0
2024-11-27 23:10:05,628:INFO:          markupsafe: 3.0.1
2024-11-27 23:10:05,628:INFO:             pickle5: Not installed
2024-11-27 23:10:05,628:INFO:         cloudpickle: 3.0.0
2024-11-27 23:10:05,628:INFO:         deprecation: 2.1.0
2024-11-27 23:10:05,628:INFO:              xxhash: 3.5.0
2024-11-27 23:10:05,628:INFO:           wurlitzer: 3.1.1
2024-11-27 23:10:05,628:INFO:PyCaret optional dependencies:
2024-11-27 23:10:05,628:INFO:                shap: 0.46.0
2024-11-27 23:10:05,628:INFO:           interpret: Not installed
2024-11-27 23:10:05,628:INFO:                umap: Not installed
2024-11-27 23:10:05,628:INFO:     ydata_profiling: Not installed
2024-11-27 23:10:05,628:INFO:  explainerdashboard: Not installed
2024-11-27 23:10:05,628:INFO:             autoviz: Not installed
2024-11-27 23:10:05,628:INFO:           fairlearn: Not installed
2024-11-27 23:10:05,628:INFO:          deepchecks: Not installed
2024-11-27 23:10:05,628:INFO:             xgboost: 2.1.1
2024-11-27 23:10:05,628:INFO:            catboost: 1.2.7
2024-11-27 23:10:05,628:INFO:              kmodes: Not installed
2024-11-27 23:10:05,628:INFO:             mlxtend: Not installed
2024-11-27 23:10:05,628:INFO:       statsforecast: Not installed
2024-11-27 23:10:05,628:INFO:        tune_sklearn: Not installed
2024-11-27 23:10:05,628:INFO:                 ray: Not installed
2024-11-27 23:10:05,628:INFO:            hyperopt: Not installed
2024-11-27 23:10:05,628:INFO:              optuna: Not installed
2024-11-27 23:10:05,628:INFO:               skopt: Not installed
2024-11-27 23:10:05,628:INFO:              mlflow: Not installed
2024-11-27 23:10:05,629:INFO:              gradio: Not installed
2024-11-27 23:10:05,629:INFO:             fastapi: Not installed
2024-11-27 23:10:05,629:INFO:             uvicorn: Not installed
2024-11-27 23:10:05,629:INFO:              m2cgen: Not installed
2024-11-27 23:10:05,629:INFO:           evidently: Not installed
2024-11-27 23:10:05,629:INFO:               fugue: Not installed
2024-11-27 23:10:05,629:INFO:           streamlit: Not installed
2024-11-27 23:10:05,629:INFO:             prophet: 1.1.6
2024-11-27 23:10:05,629:INFO:None
2024-11-27 23:10:05,629:INFO:Set up data.
2024-11-27 23:10:05,718:INFO:Set up folding strategy.
2024-11-27 23:10:05,718:INFO:Set up train/test split.
2024-11-27 23:10:05,808:INFO:Set up index.
2024-11-27 23:10:05,809:INFO:Assigning column types.
2024-11-27 23:10:05,899:INFO:Engine successfully changes for model 'lr' to 'sklearn'.
2024-11-27 23:10:05,969:INFO:Engine for model 'knn' has not been set explicitly, hence returning None.
2024-11-27 23:10:05,970:INFO:Engine for model 'rbfsvm' has not been set explicitly, hence returning None.
2024-11-27 23:10:06,011:INFO:Soft dependency imported: xgboost: 2.1.1
2024-11-27 23:10:06,017:INFO:Soft dependency imported: catboost: 1.2.7
2024-11-27 23:10:06,086:INFO:Engine for model 'knn' has not been set explicitly, hence returning None.
2024-11-27 23:10:06,087:INFO:Engine for model 'rbfsvm' has not been set explicitly, hence returning None.
2024-11-27 23:10:06,132:INFO:Soft dependency imported: xgboost: 2.1.1
2024-11-27 23:10:06,136:INFO:Soft dependency imported: catboost: 1.2.7
2024-11-27 23:10:06,137:INFO:Engine successfully changes for model 'knn' to 'sklearn'.
2024-11-27 23:10:06,213:INFO:Engine for model 'rbfsvm' has not been set explicitly, hence returning None.
2024-11-27 23:10:06,258:INFO:Soft dependency imported: xgboost: 2.1.1
2024-11-27 23:10:06,262:INFO:Soft dependency imported: catboost: 1.2.7
2024-11-27 23:10:06,348:INFO:Engine for model 'rbfsvm' has not been set explicitly, hence returning None.
2024-11-27 23:10:06,477:INFO:Soft dependency imported: xgboost: 2.1.1
2024-11-27 23:10:06,481:INFO:Soft dependency imported: catboost: 1.2.7
2024-11-27 23:10:06,482:INFO:Engine successfully changes for model 'rbfsvm' to 'sklearn'.
2024-11-27 23:10:06,628:INFO:Soft dependency imported: xgboost: 2.1.1
2024-11-27 23:10:06,632:INFO:Soft dependency imported: catboost: 1.2.7
2024-11-27 23:10:06,775:INFO:Soft dependency imported: xgboost: 2.1.1
2024-11-27 23:10:06,779:INFO:Soft dependency imported: catboost: 1.2.7
2024-11-27 23:10:06,780:INFO:Preparing preprocessing pipeline...
2024-11-27 23:10:06,792:INFO:Set up date feature engineering.
2024-11-27 23:10:06,793:INFO:Set up simple imputation.
2024-11-27 23:10:06,836:INFO:Set up encoding of ordinal features.
2024-11-27 23:10:06,859:INFO:Set up encoding of categorical features.
2024-11-27 23:10:06,859:INFO:Set up removing outliers.
2024-11-27 23:10:06,859:INFO:Set up column transformation.
2024-11-27 23:10:06,860:INFO:Set up feature normalization.
2024-11-27 23:12:13,394:WARNING:
'cuml' is a soft dependency and not included in the pycaret installation. Please run: `pip install cuml` to install.
2024-11-27 23:12:13,394:WARNING:
'cuml' is a soft dependency and not included in the pycaret installation. Please run: `pip install cuml` to install.
2024-11-27 23:12:13,394:WARNING:
'cuml' is a soft dependency and not included in the pycaret installation. Please run: `pip install cuml` to install.
2024-11-27 23:12:13,394:WARNING:
'cuml' is a soft dependency and not included in the pycaret installation. Please run: `pip install cuml` to install.
2024-11-27 23:14:56,000:INFO:PyCaret ClassificationExperiment
2024-11-27 23:14:56,001:INFO:Logging name: clf-default-name
2024-11-27 23:14:56,001:INFO:ML Usecase: MLUsecase.CLASSIFICATION
2024-11-27 23:14:56,001:INFO:version 3.3.2
2024-11-27 23:14:56,001:INFO:Initializing setup()
2024-11-27 23:14:56,002:INFO:self.USI: 831b
2024-11-27 23:14:56,002:INFO:self._variable_keys: {'target_param', 'seed', '_ml_usecase', 'exp_id', 'X_test', 'exp_name_log', 'USI', 'y', 'memory', 'data', 'gpu_param', 'y_train', 'n_jobs_param', 'idx', 'X', 'X_train', 'fix_imbalance', 'html_param', 'is_multiclass', 'gpu_n_jobs_param', 'log_plots_param', 'logging_param', 'fold_groups_param', 'y_test', 'fold_shuffle_param', 'fold_generator', 'pipeline', '_available_plots'}
2024-11-27 23:14:56,002:INFO:Checking environment
2024-11-27 23:14:56,002:INFO:python_version: 3.10.12
2024-11-27 23:14:56,002:INFO:python_build: ('main', 'Nov  6 2024 20:22:13')
2024-11-27 23:14:56,002:INFO:machine: x86_64
2024-11-27 23:14:56,002:INFO:platform: Linux-5.15.167.4-microsoft-standard-WSL2-x86_64-with-glibc2.35
2024-11-27 23:14:56,004:INFO:Memory: svmem(total=8286756864, available=2869911552, percent=65.4, used=5105012736, free=2018807808, active=478683136, inactive=5184897024, buffers=123666432, cached=1039269888, shared=4202496, slab=261230592)
2024-11-27 23:14:56,005:INFO:Physical Core: 4
2024-11-27 23:14:56,006:INFO:Logical Core: 4
2024-11-27 23:14:56,006:INFO:Checking libraries
2024-11-27 23:14:56,006:INFO:System:
2024-11-27 23:14:56,006:INFO:    python: 3.10.12 (main, Nov  6 2024, 20:22:13) [GCC 11.4.0]
2024-11-27 23:14:56,006:INFO:executable: /bin/python3
2024-11-27 23:14:56,006:INFO:   machine: Linux-5.15.167.4-microsoft-standard-WSL2-x86_64-with-glibc2.35
2024-11-27 23:14:56,006:INFO:PyCaret required dependencies:
2024-11-27 23:14:56,060:INFO:                 pip: 22.0.2
2024-11-27 23:14:56,060:INFO:          setuptools: 59.6.0
2024-11-27 23:14:56,060:INFO:             pycaret: 3.3.2
2024-11-27 23:14:56,061:INFO:             IPython: 8.27.0
2024-11-27 23:14:56,061:INFO:          ipywidgets: 8.1.5
2024-11-27 23:14:56,061:INFO:                tqdm: 4.66.5
2024-11-27 23:14:56,061:INFO:               numpy: 1.26.4
2024-11-27 23:14:56,061:INFO:              pandas: 2.1.4
2024-11-27 23:14:56,061:INFO:              jinja2: 3.1.4
2024-11-27 23:14:56,061:INFO:               scipy: 1.11.4
2024-11-27 23:14:56,061:INFO:              joblib: 1.3.2
2024-11-27 23:14:56,061:INFO:             sklearn: 1.4.2
2024-11-27 23:14:56,062:INFO:                pyod: 2.0.2
2024-11-27 23:14:56,062:INFO:            imblearn: 0.12.4
2024-11-27 23:14:56,062:INFO:   category_encoders: 2.6.4
2024-11-27 23:14:56,062:INFO:            lightgbm: 4.5.0
2024-11-27 23:14:56,062:INFO:               numba: 0.60.0
2024-11-27 23:14:56,062:INFO:            requests: 2.32.3
2024-11-27 23:14:56,062:INFO:          matplotlib: 3.7.5
2024-11-27 23:14:56,062:INFO:          scikitplot: 0.3.7
2024-11-27 23:14:56,063:INFO:         yellowbrick: 1.5
2024-11-27 23:14:56,063:INFO:              plotly: 5.24.1
2024-11-27 23:14:56,063:INFO:    plotly-resampler: Not installed
2024-11-27 23:14:56,063:INFO:             kaleido: 0.2.1
2024-11-27 23:14:56,063:INFO:           schemdraw: 0.15
2024-11-27 23:14:56,063:INFO:         statsmodels: 0.14.3
2024-11-27 23:14:56,063:INFO:              sktime: 0.26.0
2024-11-27 23:14:56,063:INFO:               tbats: 1.1.3
2024-11-27 23:14:56,064:INFO:            pmdarima: 2.0.4
2024-11-27 23:14:56,064:INFO:              psutil: 6.0.0
2024-11-27 23:14:56,064:INFO:          markupsafe: 3.0.1
2024-11-27 23:14:56,064:INFO:             pickle5: Not installed
2024-11-27 23:14:56,064:INFO:         cloudpickle: 3.0.0
2024-11-27 23:14:56,064:INFO:         deprecation: 2.1.0
2024-11-27 23:14:56,064:INFO:              xxhash: 3.5.0
2024-11-27 23:14:56,064:INFO:           wurlitzer: 3.1.1
2024-11-27 23:14:56,065:INFO:PyCaret optional dependencies:
2024-11-27 23:14:56,191:INFO:                shap: 0.46.0
2024-11-27 23:14:56,191:INFO:           interpret: Not installed
2024-11-27 23:14:56,191:INFO:                umap: Not installed
2024-11-27 23:14:56,191:INFO:     ydata_profiling: Not installed
2024-11-27 23:14:56,191:INFO:  explainerdashboard: Not installed
2024-11-27 23:14:56,192:INFO:             autoviz: Not installed
2024-11-27 23:14:56,192:INFO:           fairlearn: Not installed
2024-11-27 23:14:56,192:INFO:          deepchecks: Not installed
2024-11-27 23:14:56,192:INFO:             xgboost: 2.1.1
2024-11-27 23:14:56,192:INFO:            catboost: 1.2.7
2024-11-27 23:14:56,192:INFO:              kmodes: Not installed
2024-11-27 23:14:56,192:INFO:             mlxtend: Not installed
2024-11-27 23:14:56,192:INFO:       statsforecast: Not installed
2024-11-27 23:14:56,192:INFO:        tune_sklearn: Not installed
2024-11-27 23:14:56,192:INFO:                 ray: Not installed
2024-11-27 23:14:56,192:INFO:            hyperopt: Not installed
2024-11-27 23:14:56,192:INFO:              optuna: Not installed
2024-11-27 23:14:56,192:INFO:               skopt: Not installed
2024-11-27 23:14:56,192:INFO:              mlflow: Not installed
2024-11-27 23:14:56,192:INFO:              gradio: Not installed
2024-11-27 23:14:56,192:INFO:             fastapi: Not installed
2024-11-27 23:14:56,192:INFO:             uvicorn: Not installed
2024-11-27 23:14:56,192:INFO:              m2cgen: Not installed
2024-11-27 23:14:56,192:INFO:           evidently: Not installed
2024-11-27 23:14:56,193:INFO:               fugue: Not installed
2024-11-27 23:14:56,193:INFO:           streamlit: Not installed
2024-11-27 23:14:56,193:INFO:             prophet: 1.1.6
2024-11-27 23:14:56,193:INFO:None
2024-11-27 23:14:56,193:INFO:Set up data.
2024-11-27 23:14:56,509:INFO:Set up folding strategy.
2024-11-27 23:14:56,509:INFO:Set up train/test split.
2024-11-27 23:14:56,590:INFO:Set up index.
2024-11-27 23:14:56,591:INFO:Assigning column types.
2024-11-27 23:14:56,662:INFO:Engine successfully changes for model 'lr' to 'sklearn'.
2024-11-27 23:14:56,747:INFO:Engine for model 'knn' has not been set explicitly, hence returning None.
2024-11-27 23:14:56,752:INFO:Engine for model 'rbfsvm' has not been set explicitly, hence returning None.
2024-11-27 23:14:56,806:INFO:Soft dependency imported: xgboost: 2.1.1
2024-11-27 23:14:56,815:INFO:Soft dependency imported: catboost: 1.2.7
2024-11-27 23:14:56,945:INFO:Engine for model 'knn' has not been set explicitly, hence returning None.
2024-11-27 23:14:56,946:INFO:Engine for model 'rbfsvm' has not been set explicitly, hence returning None.
2024-11-27 23:14:56,996:INFO:Soft dependency imported: xgboost: 2.1.1
2024-11-27 23:14:57,003:INFO:Soft dependency imported: catboost: 1.2.7
2024-11-27 23:14:57,004:INFO:Engine successfully changes for model 'knn' to 'sklearn'.
2024-11-27 23:14:57,088:INFO:Engine for model 'rbfsvm' has not been set explicitly, hence returning None.
2024-11-27 23:14:57,139:INFO:Soft dependency imported: xgboost: 2.1.1
2024-11-27 23:14:57,146:INFO:Soft dependency imported: catboost: 1.2.7
2024-11-27 23:14:57,237:INFO:Engine for model 'rbfsvm' has not been set explicitly, hence returning None.
2024-11-27 23:14:57,286:INFO:Soft dependency imported: xgboost: 2.1.1
2024-11-27 23:14:57,292:INFO:Soft dependency imported: catboost: 1.2.7
2024-11-27 23:14:57,294:INFO:Engine successfully changes for model 'rbfsvm' to 'sklearn'.
2024-11-27 23:14:57,437:INFO:Soft dependency imported: xgboost: 2.1.1
2024-11-27 23:14:57,446:INFO:Soft dependency imported: catboost: 1.2.7
2024-11-27 23:14:57,605:INFO:Soft dependency imported: xgboost: 2.1.1
2024-11-27 23:14:57,610:INFO:Soft dependency imported: catboost: 1.2.7
2024-11-27 23:14:57,614:INFO:Preparing preprocessing pipeline...
2024-11-27 23:14:57,623:INFO:Set up date feature engineering.
2024-11-27 23:14:57,623:INFO:Set up simple imputation.
2024-11-27 23:14:57,657:INFO:Set up encoding of ordinal features.
2024-11-27 23:14:57,675:INFO:Set up encoding of categorical features.
2024-11-27 23:14:57,676:INFO:Set up removing outliers.
2024-11-27 23:14:57,676:INFO:Set up column transformation.
2024-11-27 23:14:57,676:INFO:Set up feature normalization.
2024-11-27 23:14:59,683:WARNING:/home/damiatus/.local/lib/python3.10/site-packages/sklearn/preprocessing/_data.py:3408: RuntimeWarning: overflow encountered in power
  out[pos] = (np.power(x[pos] + 1, lmbda) - 1) / lmbda

2024-11-27 23:16:57,681:INFO:PyCaret ClassificationExperiment
2024-11-27 23:16:57,681:INFO:Logging name: clf-default-name
2024-11-27 23:16:57,681:INFO:ML Usecase: MLUsecase.CLASSIFICATION
2024-11-27 23:16:57,681:INFO:version 3.3.2
2024-11-27 23:16:57,682:INFO:Initializing setup()
2024-11-27 23:16:57,682:INFO:self.USI: cdea
2024-11-27 23:16:57,682:INFO:self._variable_keys: {'target_param', 'seed', '_ml_usecase', 'exp_id', 'X_test', 'exp_name_log', 'USI', 'y', 'memory', 'data', 'gpu_param', 'y_train', 'n_jobs_param', 'idx', 'X', 'X_train', 'fix_imbalance', 'html_param', 'is_multiclass', 'gpu_n_jobs_param', 'log_plots_param', 'logging_param', 'fold_groups_param', 'y_test', 'fold_shuffle_param', 'fold_generator', 'pipeline', '_available_plots'}
2024-11-27 23:16:57,682:INFO:Checking environment
2024-11-27 23:16:57,682:INFO:python_version: 3.10.12
2024-11-27 23:16:57,682:INFO:python_build: ('main', 'Nov  6 2024 20:22:13')
2024-11-27 23:16:57,682:INFO:machine: x86_64
2024-11-27 23:16:57,682:INFO:platform: Linux-5.15.167.4-microsoft-standard-WSL2-x86_64-with-glibc2.35
2024-11-27 23:16:57,682:INFO:Memory: svmem(total=8286756864, available=2881515520, percent=65.2, used=5093400576, free=2011541504, active=480448512, inactive=5203197952, buffers=123899904, cached=1057914880, shared=4202496, slab=261812224)
2024-11-27 23:16:57,682:INFO:Physical Core: 4
2024-11-27 23:16:57,682:INFO:Logical Core: 4
2024-11-27 23:16:57,682:INFO:Checking libraries
2024-11-27 23:16:57,683:INFO:System:
2024-11-27 23:16:57,683:INFO:    python: 3.10.12 (main, Nov  6 2024, 20:22:13) [GCC 11.4.0]
2024-11-27 23:16:57,683:INFO:executable: /bin/python3
2024-11-27 23:16:57,683:INFO:   machine: Linux-5.15.167.4-microsoft-standard-WSL2-x86_64-with-glibc2.35
2024-11-27 23:16:57,683:INFO:PyCaret required dependencies:
2024-11-27 23:16:57,683:INFO:                 pip: 22.0.2
2024-11-27 23:16:57,683:INFO:          setuptools: 59.6.0
2024-11-27 23:16:57,683:INFO:             pycaret: 3.3.2
2024-11-27 23:16:57,683:INFO:             IPython: 8.27.0
2024-11-27 23:16:57,683:INFO:          ipywidgets: 8.1.5
2024-11-27 23:16:57,683:INFO:                tqdm: 4.66.5
2024-11-27 23:16:57,683:INFO:               numpy: 1.26.4
2024-11-27 23:16:57,683:INFO:              pandas: 2.1.4
2024-11-27 23:16:57,683:INFO:              jinja2: 3.1.4
2024-11-27 23:16:57,683:INFO:               scipy: 1.11.4
2024-11-27 23:16:57,683:INFO:              joblib: 1.3.2
2024-11-27 23:16:57,683:INFO:             sklearn: 1.4.2
2024-11-27 23:16:57,683:INFO:                pyod: 2.0.2
2024-11-27 23:16:57,683:INFO:            imblearn: 0.12.4
2024-11-27 23:16:57,683:INFO:   category_encoders: 2.6.4
2024-11-27 23:16:57,683:INFO:            lightgbm: 4.5.0
2024-11-27 23:16:57,683:INFO:               numba: 0.60.0
2024-11-27 23:16:57,683:INFO:            requests: 2.32.3
2024-11-27 23:16:57,683:INFO:          matplotlib: 3.7.5
2024-11-27 23:16:57,683:INFO:          scikitplot: 0.3.7
2024-11-27 23:16:57,683:INFO:         yellowbrick: 1.5
2024-11-27 23:16:57,683:INFO:              plotly: 5.24.1
2024-11-27 23:16:57,684:INFO:    plotly-resampler: Not installed
2024-11-27 23:16:57,684:INFO:             kaleido: 0.2.1
2024-11-27 23:16:57,684:INFO:           schemdraw: 0.15
2024-11-27 23:16:57,684:INFO:         statsmodels: 0.14.3
2024-11-27 23:16:57,684:INFO:              sktime: 0.26.0
2024-11-27 23:16:57,684:INFO:               tbats: 1.1.3
2024-11-27 23:16:57,684:INFO:            pmdarima: 2.0.4
2024-11-27 23:16:57,684:INFO:              psutil: 6.0.0
2024-11-27 23:16:57,684:INFO:          markupsafe: 3.0.1
2024-11-27 23:16:57,684:INFO:             pickle5: Not installed
2024-11-27 23:16:57,684:INFO:         cloudpickle: 3.0.0
2024-11-27 23:16:57,684:INFO:         deprecation: 2.1.0
2024-11-27 23:16:57,684:INFO:              xxhash: 3.5.0
2024-11-27 23:16:57,684:INFO:           wurlitzer: 3.1.1
2024-11-27 23:16:57,684:INFO:PyCaret optional dependencies:
2024-11-27 23:16:57,684:INFO:                shap: 0.46.0
2024-11-27 23:16:57,684:INFO:           interpret: Not installed
2024-11-27 23:16:57,684:INFO:                umap: Not installed
2024-11-27 23:16:57,684:INFO:     ydata_profiling: Not installed
2024-11-27 23:16:57,684:INFO:  explainerdashboard: Not installed
2024-11-27 23:16:57,684:INFO:             autoviz: Not installed
2024-11-27 23:16:57,684:INFO:           fairlearn: Not installed
2024-11-27 23:16:57,684:INFO:          deepchecks: Not installed
2024-11-27 23:16:57,684:INFO:             xgboost: 2.1.1
2024-11-27 23:16:57,684:INFO:            catboost: 1.2.7
2024-11-27 23:16:57,684:INFO:              kmodes: Not installed
2024-11-27 23:16:57,684:INFO:             mlxtend: Not installed
2024-11-27 23:16:57,685:INFO:       statsforecast: Not installed
2024-11-27 23:16:57,685:INFO:        tune_sklearn: Not installed
2024-11-27 23:16:57,685:INFO:                 ray: Not installed
2024-11-27 23:16:57,685:INFO:            hyperopt: Not installed
2024-11-27 23:16:57,685:INFO:              optuna: Not installed
2024-11-27 23:16:57,685:INFO:               skopt: Not installed
2024-11-27 23:16:57,685:INFO:              mlflow: Not installed
2024-11-27 23:16:57,685:INFO:              gradio: Not installed
2024-11-27 23:16:57,685:INFO:             fastapi: Not installed
2024-11-27 23:16:57,685:INFO:             uvicorn: Not installed
2024-11-27 23:16:57,685:INFO:              m2cgen: Not installed
2024-11-27 23:16:57,685:INFO:           evidently: Not installed
2024-11-27 23:16:57,685:INFO:               fugue: Not installed
2024-11-27 23:16:57,685:INFO:           streamlit: Not installed
2024-11-27 23:16:57,685:INFO:             prophet: 1.1.6
2024-11-27 23:16:57,685:INFO:None
2024-11-27 23:16:57,685:INFO:Set up data.
2024-11-27 23:16:57,787:INFO:Set up folding strategy.
2024-11-27 23:16:57,788:INFO:Set up train/test split.
2024-11-27 23:16:57,861:INFO:Set up index.
2024-11-27 23:16:57,862:INFO:Assigning column types.
2024-11-27 23:16:57,926:INFO:Engine successfully changes for model 'lr' to 'sklearn'.
2024-11-27 23:16:57,995:INFO:Engine for model 'knn' has not been set explicitly, hence returning None.
2024-11-27 23:16:57,996:INFO:Engine for model 'rbfsvm' has not been set explicitly, hence returning None.
2024-11-27 23:16:58,040:INFO:Soft dependency imported: xgboost: 2.1.1
2024-11-27 23:16:58,044:INFO:Soft dependency imported: catboost: 1.2.7
2024-11-27 23:16:58,115:INFO:Engine for model 'knn' has not been set explicitly, hence returning None.
2024-11-27 23:16:58,116:INFO:Engine for model 'rbfsvm' has not been set explicitly, hence returning None.
2024-11-27 23:16:58,158:INFO:Soft dependency imported: xgboost: 2.1.1
2024-11-27 23:16:58,161:INFO:Soft dependency imported: catboost: 1.2.7
2024-11-27 23:16:58,162:INFO:Engine successfully changes for model 'knn' to 'sklearn'.
2024-11-27 23:16:58,231:INFO:Engine for model 'rbfsvm' has not been set explicitly, hence returning None.
2024-11-27 23:16:58,273:INFO:Soft dependency imported: xgboost: 2.1.1
2024-11-27 23:16:58,278:INFO:Soft dependency imported: catboost: 1.2.7
2024-11-27 23:16:58,350:INFO:Engine for model 'rbfsvm' has not been set explicitly, hence returning None.
2024-11-27 23:16:58,393:INFO:Soft dependency imported: xgboost: 2.1.1
2024-11-27 23:16:58,397:INFO:Soft dependency imported: catboost: 1.2.7
2024-11-27 23:16:58,398:INFO:Engine successfully changes for model 'rbfsvm' to 'sklearn'.
2024-11-27 23:16:58,510:INFO:Soft dependency imported: xgboost: 2.1.1
2024-11-27 23:16:58,514:INFO:Soft dependency imported: catboost: 1.2.7
2024-11-27 23:16:58,627:INFO:Soft dependency imported: xgboost: 2.1.1
2024-11-27 23:16:58,631:INFO:Soft dependency imported: catboost: 1.2.7
2024-11-27 23:16:58,632:INFO:Preparing preprocessing pipeline...
2024-11-27 23:16:58,643:INFO:Set up date feature engineering.
2024-11-27 23:16:58,643:INFO:Set up simple imputation.
2024-11-27 23:16:58,684:INFO:Set up encoding of ordinal features.
2024-11-27 23:16:58,703:INFO:Set up encoding of categorical features.
2024-11-27 23:16:59,610:INFO:Finished creating preprocessing pipeline.
2024-11-27 23:16:59,647:INFO:Pipeline: Pipeline(memory=FastMemory(location=/tmp/joblib),
         steps=[('date_feature_extractor',
                 TransformerWrapper(exclude=None,
                                    include=['borrow_timestamp',
                                             'first_tx_timestamp',
                                             'last_tx_timestamp',
                                             'risky_first_tx_timestamp',
                                             'risky_last_tx_timestamp'],
                                    transformer=ExtractDateTimeFeatures(features=['day',
                                                                                  'month',
                                                                                  'year']))),
                ('numerical_imputer',
                 TransformerWrapper(ex...
                 TransformerWrapper(exclude=None,
                                    include=['borrow_block_number',
                                             'wallet_address',
                                             'time_since_last_liquidated'],
                                    transformer=TargetEncoder(cols=['borrow_block_number',
                                                                    'wallet_address',
                                                                    'time_since_last_liquidated'],
                                                              drop_invariant=False,
                                                              handle_missing='return_nan',
                                                              handle_unknown='value',
                                                              hierarchy=None,
                                                              min_samples_leaf=20,
                                                              return_df=True,
                                                              smoothing=10,
                                                              verbose=0)))],
         verbose=False)
2024-11-27 23:16:59,647:INFO:Creating final display dataframe.
2024-11-27 23:17:01,215:INFO:Setup _display_container:                     Description             Value
0                    Session id               123
1                        Target            target
2                   Target type            Binary
3           Original data shape       (44296, 78)
4        Transformed data shape       (44296, 82)
5   Transformed train set shape       (31007, 82)
6    Transformed test set shape       (13289, 82)
7              Numeric features                68
8                 Date features                 5
9          Categorical features                 4
10     Rows with missing values             99.1%
11                   Preprocess              True
12              Imputation type            simple
13           Numeric imputation              mean
14       Categorical imputation              mode
15     Maximum one-hot encoding                25
16              Encoding method              None
17               Fold Generator   StratifiedKFold
18                  Fold Number                 5
19                     CPU Jobs                -1
20                      Use GPU             False
21               Log Experiment             False
22              Experiment Name  clf-default-name
23                          USI              cdea
2024-11-27 23:17:01,395:INFO:Soft dependency imported: xgboost: 2.1.1
2024-11-27 23:17:01,399:INFO:Soft dependency imported: catboost: 1.2.7
2024-11-27 23:17:01,540:INFO:Soft dependency imported: xgboost: 2.1.1
2024-11-27 23:17:01,543:INFO:Soft dependency imported: catboost: 1.2.7
2024-11-27 23:17:01,545:INFO:setup() successfully completed in 3.92s...............
2024-11-27 23:17:01,549:INFO:Initializing compare_models()
2024-11-27 23:17:01,550:INFO:compare_models(self=<pycaret.classification.oop.ClassificationExperiment object at 0x7fb8e284ea40>, include=None, fold=None, round=4, cross_validation=True, sort=Accuracy, n_select=1, budget_time=None, turbo=True, errors=ignore, fit_kwargs=None, groups=None, experiment_custom_tags=None, probability_threshold=None, verbose=True, parallel=None, caller_params={'self': <pycaret.classification.oop.ClassificationExperiment object at 0x7fb8e284ea40>, 'include': None, 'exclude': None, 'fold': None, 'round': 4, 'cross_validation': True, 'sort': 'Accuracy', 'n_select': 1, 'budget_time': None, 'turbo': True, 'errors': 'ignore', 'fit_kwargs': None, 'groups': None, 'experiment_custom_tags': None, 'probability_threshold': None, 'engine': None, 'verbose': True, 'parallel': None, '__class__': <class 'pycaret.classification.oop.ClassificationExperiment'>}, exclude=None)
2024-11-27 23:17:01,550:INFO:Checking exceptions
2024-11-27 23:17:01,639:INFO:Preparing display monitor
2024-11-27 23:17:01,709:INFO:Initializing Logistic Regression
2024-11-27 23:17:01,710:INFO:Total runtime is 4.585584004720052e-06 minutes
2024-11-27 23:17:01,715:INFO:SubProcess create_model() called ==================================
2024-11-27 23:17:01,718:INFO:Initializing create_model()
2024-11-27 23:17:01,719:INFO:create_model(self=<pycaret.classification.oop.ClassificationExperiment object at 0x7fb8e284ea40>, estimator=lr, fold=StratifiedKFold(n_splits=5, random_state=None, shuffle=False), round=4, cross_validation=True, predict=True, fit_kwargs={}, groups=None, refit=False, probability_threshold=None, experiment_custom_tags=None, verbose=False, system=False, add_to_model_list=True, metrics=None, display=<pycaret.internal.display.display.CommonDisplay object at 0x7fb8e284ead0>, model_only=True, return_train_score=False, error_score=0.0, kwargs={})
2024-11-27 23:17:01,720:INFO:Checking exceptions
2024-11-27 23:17:01,720:INFO:Importing libraries
2024-11-27 23:17:01,721:INFO:Copying training dataset
2024-11-27 23:17:01,884:INFO:Defining folds
2024-11-27 23:17:01,884:INFO:Declaring metric variables
2024-11-27 23:17:01,891:INFO:Importing untrained model
2024-11-27 23:17:01,901:INFO:Logistic Regression Imported successfully
2024-11-27 23:17:01,929:INFO:Starting cross validation
2024-11-27 23:17:01,935:INFO:Cross validating with StratifiedKFold(n_splits=5, random_state=None, shuffle=False), n_jobs=-1
2024-11-27 23:17:19,677:WARNING:/home/damiatus/.local/lib/python3.10/site-packages/sklearn/linear_model/_logistic.py:469: ConvergenceWarning: lbfgs failed to converge (status=1):
STOP: TOTAL NO. of ITERATIONS REACHED LIMIT.

Increase the number of iterations (max_iter) or scale the data as shown in:
    https://scikit-learn.org/stable/modules/preprocessing.html
Please also refer to the documentation for alternative solver options:
    https://scikit-learn.org/stable/modules/linear_model.html#logistic-regression
  n_iter_i = _check_optimize_result(

2024-11-27 23:17:19,683:WARNING:/home/damiatus/.local/lib/python3.10/site-packages/sklearn/linear_model/_logistic.py:469: ConvergenceWarning: lbfgs failed to converge (status=1):
STOP: TOTAL NO. of ITERATIONS REACHED LIMIT.

Increase the number of iterations (max_iter) or scale the data as shown in:
    https://scikit-learn.org/stable/modules/preprocessing.html
Please also refer to the documentation for alternative solver options:
    https://scikit-learn.org/stable/modules/linear_model.html#logistic-regression
  n_iter_i = _check_optimize_result(

2024-11-27 23:17:19,720:WARNING:/home/damiatus/.local/lib/python3.10/site-packages/sklearn/linear_model/_logistic.py:469: ConvergenceWarning: lbfgs failed to converge (status=1):
STOP: TOTAL NO. of ITERATIONS REACHED LIMIT.

Increase the number of iterations (max_iter) or scale the data as shown in:
    https://scikit-learn.org/stable/modules/preprocessing.html
Please also refer to the documentation for alternative solver options:
    https://scikit-learn.org/stable/modules/linear_model.html#logistic-regression
  n_iter_i = _check_optimize_result(

2024-11-27 23:17:19,782:WARNING:/home/damiatus/.local/lib/python3.10/site-packages/sklearn/linear_model/_logistic.py:469: ConvergenceWarning: lbfgs failed to converge (status=1):
STOP: TOTAL NO. of ITERATIONS REACHED LIMIT.

Increase the number of iterations (max_iter) or scale the data as shown in:
    https://scikit-learn.org/stable/modules/preprocessing.html
Please also refer to the documentation for alternative solver options:
    https://scikit-learn.org/stable/modules/linear_model.html#logistic-regression
  n_iter_i = _check_optimize_result(

2024-11-27 23:17:27,040:WARNING:/home/damiatus/.local/lib/python3.10/site-packages/sklearn/linear_model/_logistic.py:469: ConvergenceWarning: lbfgs failed to converge (status=1):
STOP: TOTAL NO. of ITERATIONS REACHED LIMIT.

Increase the number of iterations (max_iter) or scale the data as shown in:
    https://scikit-learn.org/stable/modules/preprocessing.html
Please also refer to the documentation for alternative solver options:
    https://scikit-learn.org/stable/modules/linear_model.html#logistic-regression
  n_iter_i = _check_optimize_result(

2024-11-27 23:17:27,269:INFO:Calculating mean and std
2024-11-27 23:17:27,271:INFO:Creating metrics dataframe
2024-11-27 23:17:27,276:INFO:Uploading results into container
2024-11-27 23:17:27,277:INFO:Uploading model into container now
2024-11-27 23:17:27,278:INFO:_master_model_container: 1
2024-11-27 23:17:27,279:INFO:_display_container: 2
2024-11-27 23:17:27,279:INFO:LogisticRegression(C=1.0, class_weight=None, dual=False, fit_intercept=True,
                   intercept_scaling=1, l1_ratio=None, max_iter=1000,
                   multi_class='auto', n_jobs=None, penalty='l2',
                   random_state=123, solver='lbfgs', tol=0.0001, verbose=0,
                   warm_start=False)
2024-11-27 23:17:27,279:INFO:create_model() successfully completed......................................
2024-11-27 23:17:27,458:INFO:SubProcess create_model() end ==================================
2024-11-27 23:17:27,458:INFO:Creating metrics dataframe
2024-11-27 23:17:27,468:INFO:Initializing K Neighbors Classifier
2024-11-27 23:17:27,468:INFO:Total runtime is 0.42931402126948043 minutes
2024-11-27 23:17:27,473:INFO:SubProcess create_model() called ==================================
2024-11-27 23:17:27,474:INFO:Initializing create_model()
2024-11-27 23:17:27,475:INFO:create_model(self=<pycaret.classification.oop.ClassificationExperiment object at 0x7fb8e284ea40>, estimator=knn, fold=StratifiedKFold(n_splits=5, random_state=None, shuffle=False), round=4, cross_validation=True, predict=True, fit_kwargs={}, groups=None, refit=False, probability_threshold=None, experiment_custom_tags=None, verbose=False, system=False, add_to_model_list=True, metrics=None, display=<pycaret.internal.display.display.CommonDisplay object at 0x7fb8e284ead0>, model_only=True, return_train_score=False, error_score=0.0, kwargs={})
2024-11-27 23:17:27,475:INFO:Checking exceptions
2024-11-27 23:17:27,475:INFO:Importing libraries
2024-11-27 23:17:27,475:INFO:Copying training dataset
2024-11-27 23:17:27,584:INFO:Defining folds
2024-11-27 23:17:27,584:INFO:Declaring metric variables
2024-11-27 23:17:27,598:INFO:Importing untrained model
2024-11-27 23:17:27,604:INFO:K Neighbors Classifier Imported successfully
2024-11-27 23:17:27,620:INFO:Starting cross validation
2024-11-27 23:17:27,624:INFO:Cross validating with StratifiedKFold(n_splits=5, random_state=None, shuffle=False), n_jobs=-1
2024-11-27 23:17:41,517:INFO:Calculating mean and std
2024-11-27 23:17:41,520:INFO:Creating metrics dataframe
2024-11-27 23:17:41,523:INFO:Uploading results into container
2024-11-27 23:17:41,524:INFO:Uploading model into container now
2024-11-27 23:17:41,525:INFO:_master_model_container: 2
2024-11-27 23:17:41,526:INFO:_display_container: 2
2024-11-27 23:17:41,526:INFO:KNeighborsClassifier(algorithm='auto', leaf_size=30, metric='minkowski',
                     metric_params=None, n_jobs=-1, n_neighbors=5, p=2,
                     weights='uniform')
2024-11-27 23:17:41,527:INFO:create_model() successfully completed......................................
2024-11-27 23:17:41,685:INFO:SubProcess create_model() end ==================================
2024-11-27 23:17:41,685:INFO:Creating metrics dataframe
2024-11-27 23:17:41,702:INFO:Initializing Naive Bayes
2024-11-27 23:17:41,703:INFO:Total runtime is 0.6665520787239075 minutes
2024-11-27 23:17:41,708:INFO:SubProcess create_model() called ==================================
2024-11-27 23:17:41,709:INFO:Initializing create_model()
2024-11-27 23:17:41,709:INFO:create_model(self=<pycaret.classification.oop.ClassificationExperiment object at 0x7fb8e284ea40>, estimator=nb, fold=StratifiedKFold(n_splits=5, random_state=None, shuffle=False), round=4, cross_validation=True, predict=True, fit_kwargs={}, groups=None, refit=False, probability_threshold=None, experiment_custom_tags=None, verbose=False, system=False, add_to_model_list=True, metrics=None, display=<pycaret.internal.display.display.CommonDisplay object at 0x7fb8e284ead0>, model_only=True, return_train_score=False, error_score=0.0, kwargs={})
2024-11-27 23:17:41,709:INFO:Checking exceptions
2024-11-27 23:17:41,709:INFO:Importing libraries
2024-11-27 23:17:41,709:INFO:Copying training dataset
2024-11-27 23:17:41,803:INFO:Defining folds
2024-11-27 23:17:41,803:INFO:Declaring metric variables
2024-11-27 23:17:41,816:INFO:Importing untrained model
2024-11-27 23:17:41,822:INFO:Naive Bayes Imported successfully
2024-11-27 23:17:41,839:INFO:Starting cross validation
2024-11-27 23:17:41,842:INFO:Cross validating with StratifiedKFold(n_splits=5, random_state=None, shuffle=False), n_jobs=-1
2024-11-27 23:17:43,916:INFO:Calculating mean and std
2024-11-27 23:17:43,918:INFO:Creating metrics dataframe
2024-11-27 23:17:43,922:INFO:Uploading results into container
2024-11-27 23:17:43,928:INFO:Uploading model into container now
2024-11-27 23:17:43,931:INFO:_master_model_container: 3
2024-11-27 23:17:43,931:INFO:_display_container: 2
2024-11-27 23:17:43,931:INFO:GaussianNB(priors=None, var_smoothing=1e-09)
2024-11-27 23:17:43,931:INFO:create_model() successfully completed......................................
2024-11-27 23:17:44,070:INFO:SubProcess create_model() end ==================================
2024-11-27 23:17:44,070:INFO:Creating metrics dataframe
2024-11-27 23:17:44,081:INFO:Initializing Decision Tree Classifier
2024-11-27 23:17:44,082:INFO:Total runtime is 0.706207040945689 minutes
2024-11-27 23:17:44,092:INFO:SubProcess create_model() called ==================================
2024-11-27 23:17:44,092:INFO:Initializing create_model()
2024-11-27 23:17:44,092:INFO:create_model(self=<pycaret.classification.oop.ClassificationExperiment object at 0x7fb8e284ea40>, estimator=dt, fold=StratifiedKFold(n_splits=5, random_state=None, shuffle=False), round=4, cross_validation=True, predict=True, fit_kwargs={}, groups=None, refit=False, probability_threshold=None, experiment_custom_tags=None, verbose=False, system=False, add_to_model_list=True, metrics=None, display=<pycaret.internal.display.display.CommonDisplay object at 0x7fb8e284ead0>, model_only=True, return_train_score=False, error_score=0.0, kwargs={})
2024-11-27 23:17:44,092:INFO:Checking exceptions
2024-11-27 23:17:44,092:INFO:Importing libraries
2024-11-27 23:17:44,093:INFO:Copying training dataset
2024-11-27 23:17:44,195:INFO:Defining folds
2024-11-27 23:17:44,195:INFO:Declaring metric variables
2024-11-27 23:17:44,201:INFO:Importing untrained model
2024-11-27 23:17:44,212:INFO:Decision Tree Classifier Imported successfully
2024-11-27 23:17:44,235:INFO:Starting cross validation
2024-11-27 23:17:44,239:INFO:Cross validating with StratifiedKFold(n_splits=5, random_state=None, shuffle=False), n_jobs=-1
2024-11-27 23:17:47,583:INFO:Calculating mean and std
2024-11-27 23:17:47,584:INFO:Creating metrics dataframe
2024-11-27 23:17:47,588:INFO:Uploading results into container
2024-11-27 23:17:47,589:INFO:Uploading model into container now
2024-11-27 23:17:47,590:INFO:_master_model_container: 4
2024-11-27 23:17:47,590:INFO:_display_container: 2
2024-11-27 23:17:47,590:INFO:DecisionTreeClassifier(ccp_alpha=0.0, class_weight=None, criterion='gini',
                       max_depth=None, max_features=None, max_leaf_nodes=None,
                       min_impurity_decrease=0.0, min_samples_leaf=1,
                       min_samples_split=2, min_weight_fraction_leaf=0.0,
                       monotonic_cst=None, random_state=123, splitter='best')
2024-11-27 23:17:47,591:INFO:create_model() successfully completed......................................
2024-11-27 23:17:47,782:INFO:SubProcess create_model() end ==================================
2024-11-27 23:17:47,783:INFO:Creating metrics dataframe
2024-11-27 23:17:47,802:INFO:Initializing SVM - Linear Kernel
2024-11-27 23:17:47,802:INFO:Total runtime is 0.7682156642278036 minutes
2024-11-27 23:17:47,816:INFO:SubProcess create_model() called ==================================
2024-11-27 23:17:47,817:INFO:Initializing create_model()
2024-11-27 23:17:47,818:INFO:create_model(self=<pycaret.classification.oop.ClassificationExperiment object at 0x7fb8e284ea40>, estimator=svm, fold=StratifiedKFold(n_splits=5, random_state=None, shuffle=False), round=4, cross_validation=True, predict=True, fit_kwargs={}, groups=None, refit=False, probability_threshold=None, experiment_custom_tags=None, verbose=False, system=False, add_to_model_list=True, metrics=None, display=<pycaret.internal.display.display.CommonDisplay object at 0x7fb8e284ead0>, model_only=True, return_train_score=False, error_score=0.0, kwargs={})
2024-11-27 23:17:47,818:INFO:Checking exceptions
2024-11-27 23:17:47,818:INFO:Importing libraries
2024-11-27 23:17:47,818:INFO:Copying training dataset
2024-11-27 23:17:47,916:INFO:Defining folds
2024-11-27 23:17:47,916:INFO:Declaring metric variables
2024-11-27 23:17:47,928:INFO:Importing untrained model
2024-11-27 23:17:47,939:INFO:SVM - Linear Kernel Imported successfully
2024-11-27 23:17:47,960:INFO:Starting cross validation
2024-11-27 23:17:47,963:INFO:Cross validating with StratifiedKFold(n_splits=5, random_state=None, shuffle=False), n_jobs=-1
2024-11-27 23:17:58,008:INFO:Calculating mean and std
2024-11-27 23:17:58,009:INFO:Creating metrics dataframe
2024-11-27 23:17:58,013:INFO:Uploading results into container
2024-11-27 23:17:58,014:INFO:Uploading model into container now
2024-11-27 23:17:58,014:INFO:_master_model_container: 5
2024-11-27 23:17:58,015:INFO:_display_container: 2
2024-11-27 23:17:58,015:INFO:SGDClassifier(alpha=0.0001, average=False, class_weight=None,
              early_stopping=False, epsilon=0.1, eta0=0.001, fit_intercept=True,
              l1_ratio=0.15, learning_rate='optimal', loss='hinge',
              max_iter=1000, n_iter_no_change=5, n_jobs=-1, penalty='l2',
              power_t=0.5, random_state=123, shuffle=True, tol=0.001,
              validation_fraction=0.1, verbose=0, warm_start=False)
2024-11-27 23:17:58,016:INFO:create_model() successfully completed......................................
2024-11-27 23:17:58,452:INFO:SubProcess create_model() end ==================================
2024-11-27 23:17:58,452:INFO:Creating metrics dataframe
2024-11-27 23:17:58,486:INFO:Initializing Ridge Classifier
2024-11-27 23:17:58,486:INFO:Total runtime is 0.9462767879168194 minutes
2024-11-27 23:17:58,503:INFO:SubProcess create_model() called ==================================
2024-11-27 23:17:58,503:INFO:Initializing create_model()
2024-11-27 23:17:58,503:INFO:create_model(self=<pycaret.classification.oop.ClassificationExperiment object at 0x7fb8e284ea40>, estimator=ridge, fold=StratifiedKFold(n_splits=5, random_state=None, shuffle=False), round=4, cross_validation=True, predict=True, fit_kwargs={}, groups=None, refit=False, probability_threshold=None, experiment_custom_tags=None, verbose=False, system=False, add_to_model_list=True, metrics=None, display=<pycaret.internal.display.display.CommonDisplay object at 0x7fb8e284ead0>, model_only=True, return_train_score=False, error_score=0.0, kwargs={})
2024-11-27 23:17:58,503:INFO:Checking exceptions
2024-11-27 23:17:58,503:INFO:Importing libraries
2024-11-27 23:17:58,503:INFO:Copying training dataset
2024-11-27 23:17:59,072:INFO:Defining folds
2024-11-27 23:17:59,072:INFO:Declaring metric variables
2024-11-27 23:17:59,080:INFO:Importing untrained model
2024-11-27 23:17:59,089:INFO:Ridge Classifier Imported successfully
2024-11-27 23:17:59,118:INFO:Starting cross validation
2024-11-27 23:17:59,130:INFO:Cross validating with StratifiedKFold(n_splits=5, random_state=None, shuffle=False), n_jobs=-1
2024-11-27 23:18:01,181:WARNING:/home/damiatus/.local/lib/python3.10/site-packages/sklearn/linear_model/_ridge.py:204: LinAlgWarning: Ill-conditioned matrix (rcond=4.12906e-20): result may not be accurate.
  return linalg.solve(A, Xy, assume_a="pos", overwrite_a=True).T

2024-11-27 23:18:01,281:WARNING:/home/damiatus/.local/lib/python3.10/site-packages/sklearn/linear_model/_ridge.py:204: LinAlgWarning: Ill-conditioned matrix (rcond=4.13048e-20): result may not be accurate.
  return linalg.solve(A, Xy, assume_a="pos", overwrite_a=True).T

2024-11-27 23:18:01,443:WARNING:/home/damiatus/.local/lib/python3.10/site-packages/sklearn/linear_model/_ridge.py:204: LinAlgWarning: Ill-conditioned matrix (rcond=4.12558e-20): result may not be accurate.
  return linalg.solve(A, Xy, assume_a="pos", overwrite_a=True).T

2024-11-27 23:18:01,471:WARNING:/home/damiatus/.local/lib/python3.10/site-packages/sklearn/linear_model/_ridge.py:204: LinAlgWarning: Ill-conditioned matrix (rcond=4.12786e-20): result may not be accurate.
  return linalg.solve(A, Xy, assume_a="pos", overwrite_a=True).T

2024-11-27 23:18:02,382:WARNING:/home/damiatus/.local/lib/python3.10/site-packages/sklearn/linear_model/_ridge.py:204: LinAlgWarning: Ill-conditioned matrix (rcond=4.08527e-20): result may not be accurate.
  return linalg.solve(A, Xy, assume_a="pos", overwrite_a=True).T

2024-11-27 23:18:02,603:INFO:Calculating mean and std
2024-11-27 23:18:02,605:INFO:Creating metrics dataframe
2024-11-27 23:18:02,607:INFO:Uploading results into container
2024-11-27 23:18:02,609:INFO:Uploading model into container now
2024-11-27 23:18:02,609:INFO:_master_model_container: 6
2024-11-27 23:18:02,610:INFO:_display_container: 2
2024-11-27 23:18:02,610:INFO:RidgeClassifier(alpha=1.0, class_weight=None, copy_X=True, fit_intercept=True,
                max_iter=None, positive=False, random_state=123, solver='auto',
                tol=0.0001)
2024-11-27 23:18:02,610:INFO:create_model() successfully completed......................................
2024-11-27 23:18:02,852:INFO:SubProcess create_model() end ==================================
2024-11-27 23:18:02,853:INFO:Creating metrics dataframe
2024-11-27 23:18:02,877:INFO:Initializing Random Forest Classifier
2024-11-27 23:18:02,878:INFO:Total runtime is 1.0194725116093954 minutes
2024-11-27 23:18:02,936:INFO:SubProcess create_model() called ==================================
2024-11-27 23:18:02,936:INFO:Initializing create_model()
2024-11-27 23:18:02,936:INFO:create_model(self=<pycaret.classification.oop.ClassificationExperiment object at 0x7fb8e284ea40>, estimator=rf, fold=StratifiedKFold(n_splits=5, random_state=None, shuffle=False), round=4, cross_validation=True, predict=True, fit_kwargs={}, groups=None, refit=False, probability_threshold=None, experiment_custom_tags=None, verbose=False, system=False, add_to_model_list=True, metrics=None, display=<pycaret.internal.display.display.CommonDisplay object at 0x7fb8e284ead0>, model_only=True, return_train_score=False, error_score=0.0, kwargs={})
2024-11-27 23:18:02,936:INFO:Checking exceptions
2024-11-27 23:18:02,936:INFO:Importing libraries
2024-11-27 23:18:02,936:INFO:Copying training dataset
2024-11-27 23:18:03,101:INFO:Defining folds
2024-11-27 23:18:03,102:INFO:Declaring metric variables
2024-11-27 23:18:03,108:INFO:Importing untrained model
2024-11-27 23:18:03,115:INFO:Random Forest Classifier Imported successfully
2024-11-27 23:18:03,135:INFO:Starting cross validation
2024-11-27 23:18:03,148:INFO:Cross validating with StratifiedKFold(n_splits=5, random_state=None, shuffle=False), n_jobs=-1
2024-11-27 23:21:06,376:INFO:PyCaret ClassificationExperiment
2024-11-27 23:21:06,376:INFO:Logging name: clf-default-name
2024-11-27 23:21:06,376:INFO:ML Usecase: MLUsecase.CLASSIFICATION
2024-11-27 23:21:06,376:INFO:version 3.3.2
2024-11-27 23:21:06,376:INFO:Initializing setup()
2024-11-27 23:21:06,376:INFO:self.USI: ac81
2024-11-27 23:21:06,376:INFO:self._variable_keys: {'target_param', 'seed', '_ml_usecase', 'exp_id', 'X_test', 'exp_name_log', 'USI', 'y', 'memory', 'data', 'gpu_param', 'y_train', 'n_jobs_param', 'idx', 'X', 'X_train', 'fix_imbalance', 'html_param', 'is_multiclass', 'gpu_n_jobs_param', 'log_plots_param', 'logging_param', 'fold_groups_param', 'y_test', 'fold_shuffle_param', 'fold_generator', 'pipeline', '_available_plots'}
2024-11-27 23:21:06,376:INFO:Checking environment
2024-11-27 23:21:06,376:INFO:python_version: 3.10.12
2024-11-27 23:21:06,376:INFO:python_build: ('main', 'Nov  6 2024 20:22:13')
2024-11-27 23:21:06,376:INFO:machine: x86_64
2024-11-27 23:21:06,376:INFO:platform: Linux-5.15.167.4-microsoft-standard-WSL2-x86_64-with-glibc2.35
2024-11-27 23:21:06,376:INFO:Memory: svmem(total=8286756864, available=2631258112, percent=68.2, used=5343617024, free=1721012224, active=516354048, inactive=5439037440, buffers=124407808, cached=1097719808, shared=4251648, slab=263495680)
2024-11-27 23:21:06,377:INFO:Physical Core: 4
2024-11-27 23:21:06,377:INFO:Logical Core: 4
2024-11-27 23:21:06,377:INFO:Checking libraries
2024-11-27 23:21:06,377:INFO:System:
2024-11-27 23:21:06,377:INFO:    python: 3.10.12 (main, Nov  6 2024, 20:22:13) [GCC 11.4.0]
2024-11-27 23:21:06,377:INFO:executable: /bin/python3
2024-11-27 23:21:06,377:INFO:   machine: Linux-5.15.167.4-microsoft-standard-WSL2-x86_64-with-glibc2.35
2024-11-27 23:21:06,377:INFO:PyCaret required dependencies:
2024-11-27 23:21:06,377:INFO:                 pip: 22.0.2
2024-11-27 23:21:06,377:INFO:          setuptools: 59.6.0
2024-11-27 23:21:06,377:INFO:             pycaret: 3.3.2
2024-11-27 23:21:06,377:INFO:             IPython: 8.27.0
2024-11-27 23:21:06,377:INFO:          ipywidgets: 8.1.5
2024-11-27 23:21:06,377:INFO:                tqdm: 4.66.5
2024-11-27 23:21:06,377:INFO:               numpy: 1.26.4
2024-11-27 23:21:06,378:INFO:              pandas: 2.1.4
2024-11-27 23:21:06,378:INFO:              jinja2: 3.1.4
2024-11-27 23:21:06,378:INFO:               scipy: 1.11.4
2024-11-27 23:21:06,378:INFO:              joblib: 1.3.2
2024-11-27 23:21:06,378:INFO:             sklearn: 1.4.2
2024-11-27 23:21:06,378:INFO:                pyod: 2.0.2
2024-11-27 23:21:06,378:INFO:            imblearn: 0.12.4
2024-11-27 23:21:06,378:INFO:   category_encoders: 2.6.4
2024-11-27 23:21:06,378:INFO:            lightgbm: 4.5.0
2024-11-27 23:21:06,378:INFO:               numba: 0.60.0
2024-11-27 23:21:06,378:INFO:            requests: 2.32.3
2024-11-27 23:21:06,378:INFO:          matplotlib: 3.7.5
2024-11-27 23:21:06,378:INFO:          scikitplot: 0.3.7
2024-11-27 23:21:06,378:INFO:         yellowbrick: 1.5
2024-11-27 23:21:06,380:INFO:              plotly: 5.24.1
2024-11-27 23:21:06,381:INFO:    plotly-resampler: Not installed
2024-11-27 23:21:06,381:INFO:             kaleido: 0.2.1
2024-11-27 23:21:06,381:INFO:           schemdraw: 0.15
2024-11-27 23:21:06,381:INFO:         statsmodels: 0.14.3
2024-11-27 23:21:06,381:INFO:              sktime: 0.26.0
2024-11-27 23:21:06,381:INFO:               tbats: 1.1.3
2024-11-27 23:21:06,381:INFO:            pmdarima: 2.0.4
2024-11-27 23:21:06,381:INFO:              psutil: 6.0.0
2024-11-27 23:21:06,381:INFO:          markupsafe: 3.0.1
2024-11-27 23:21:06,381:INFO:             pickle5: Not installed
2024-11-27 23:21:06,381:INFO:         cloudpickle: 3.0.0
2024-11-27 23:21:06,382:INFO:         deprecation: 2.1.0
2024-11-27 23:21:06,382:INFO:              xxhash: 3.5.0
2024-11-27 23:21:06,382:INFO:           wurlitzer: 3.1.1
2024-11-27 23:21:06,382:INFO:PyCaret optional dependencies:
2024-11-27 23:21:06,382:INFO:                shap: 0.46.0
2024-11-27 23:21:06,382:INFO:           interpret: Not installed
2024-11-27 23:21:06,382:INFO:                umap: Not installed
2024-11-27 23:21:06,382:INFO:     ydata_profiling: Not installed
2024-11-27 23:21:06,382:INFO:  explainerdashboard: Not installed
2024-11-27 23:21:06,382:INFO:             autoviz: Not installed
2024-11-27 23:21:06,382:INFO:           fairlearn: Not installed
2024-11-27 23:21:06,382:INFO:          deepchecks: Not installed
2024-11-27 23:21:06,382:INFO:             xgboost: 2.1.1
2024-11-27 23:21:06,382:INFO:            catboost: 1.2.7
2024-11-27 23:21:06,382:INFO:              kmodes: Not installed
2024-11-27 23:21:06,382:INFO:             mlxtend: Not installed
2024-11-27 23:21:06,383:INFO:       statsforecast: Not installed
2024-11-27 23:21:06,383:INFO:        tune_sklearn: Not installed
2024-11-27 23:21:06,383:INFO:                 ray: Not installed
2024-11-27 23:21:06,383:INFO:            hyperopt: Not installed
2024-11-27 23:21:06,383:INFO:              optuna: Not installed
2024-11-27 23:21:06,383:INFO:               skopt: Not installed
2024-11-27 23:21:06,383:INFO:              mlflow: Not installed
2024-11-27 23:21:06,383:INFO:              gradio: Not installed
2024-11-27 23:21:06,383:INFO:             fastapi: Not installed
2024-11-27 23:21:06,383:INFO:             uvicorn: Not installed
2024-11-27 23:21:06,383:INFO:              m2cgen: Not installed
2024-11-27 23:21:06,383:INFO:           evidently: Not installed
2024-11-27 23:21:06,383:INFO:               fugue: Not installed
2024-11-27 23:21:06,383:INFO:           streamlit: Not installed
2024-11-27 23:21:06,383:INFO:             prophet: 1.1.6
2024-11-27 23:21:06,383:INFO:None
2024-11-27 23:21:06,383:INFO:Set up data.
2024-11-27 23:21:06,586:INFO:Set up folding strategy.
2024-11-27 23:21:06,586:INFO:Set up train/test split.
2024-11-27 23:21:06,686:INFO:Set up index.
2024-11-27 23:21:06,688:INFO:Assigning column types.
2024-11-27 23:21:06,757:INFO:Engine successfully changes for model 'lr' to 'sklearn'.
2024-11-27 23:21:06,823:INFO:Engine for model 'knn' has not been set explicitly, hence returning None.
2024-11-27 23:21:06,824:INFO:Engine for model 'rbfsvm' has not been set explicitly, hence returning None.
2024-11-27 23:21:06,866:INFO:Soft dependency imported: xgboost: 2.1.1
2024-11-27 23:21:06,870:INFO:Soft dependency imported: catboost: 1.2.7
2024-11-27 23:21:06,937:INFO:Engine for model 'knn' has not been set explicitly, hence returning None.
2024-11-27 23:21:06,938:INFO:Engine for model 'rbfsvm' has not been set explicitly, hence returning None.
2024-11-27 23:21:06,982:INFO:Soft dependency imported: xgboost: 2.1.1
2024-11-27 23:21:06,986:INFO:Soft dependency imported: catboost: 1.2.7
2024-11-27 23:21:06,987:INFO:Engine successfully changes for model 'knn' to 'sklearn'.
2024-11-27 23:21:07,057:INFO:Engine for model 'rbfsvm' has not been set explicitly, hence returning None.
2024-11-27 23:21:07,100:INFO:Soft dependency imported: xgboost: 2.1.1
2024-11-27 23:21:07,104:INFO:Soft dependency imported: catboost: 1.2.7
2024-11-27 23:21:07,188:INFO:Engine for model 'rbfsvm' has not been set explicitly, hence returning None.
2024-11-27 23:21:07,230:INFO:Soft dependency imported: xgboost: 2.1.1
2024-11-27 23:21:07,235:INFO:Soft dependency imported: catboost: 1.2.7
2024-11-27 23:21:07,235:INFO:Engine successfully changes for model 'rbfsvm' to 'sklearn'.
2024-11-27 23:21:07,342:INFO:Soft dependency imported: xgboost: 2.1.1
2024-11-27 23:21:07,346:INFO:Soft dependency imported: catboost: 1.2.7
2024-11-27 23:21:07,454:INFO:Soft dependency imported: xgboost: 2.1.1
2024-11-27 23:21:07,458:INFO:Soft dependency imported: catboost: 1.2.7
2024-11-27 23:21:07,459:INFO:Preparing preprocessing pipeline...
2024-11-27 23:21:07,469:INFO:Set up date feature engineering.
2024-11-27 23:21:07,469:INFO:Set up simple imputation.
2024-11-27 23:21:07,503:INFO:Set up encoding of ordinal features.
2024-11-27 23:21:07,524:INFO:Set up encoding of categorical features.
2024-11-27 23:21:08,461:INFO:Finished creating preprocessing pipeline.
2024-11-27 23:21:08,503:INFO:Pipeline: Pipeline(memory=FastMemory(location=/tmp/joblib),
         steps=[('date_feature_extractor',
                 TransformerWrapper(exclude=None,
                                    include=['borrow_timestamp',
                                             'first_tx_timestamp',
                                             'last_tx_timestamp'],
                                    transformer=ExtractDateTimeFeatures(features=['day',
                                                                                  'month',
                                                                                  'year']))),
                ('numerical_imputer',
                 TransformerWrapper(exclude=None,
                                    include=['wallet_age', 'incoming_tx_count',...
                                                               return_df=True,
                                                               verbose=0))),
                ('rest_encoding',
                 TransformerWrapper(exclude=None,
                                    include=['borrow_block_number',
                                             'wallet_address'],
                                    transformer=TargetEncoder(cols=['borrow_block_number',
                                                                    'wallet_address'],
                                                              drop_invariant=False,
                                                              handle_missing='return_nan',
                                                              handle_unknown='value',
                                                              hierarchy=None,
                                                              min_samples_leaf=20,
                                                              return_df=True,
                                                              smoothing=10,
                                                              verbose=0)))],
         verbose=False)
2024-11-27 23:21:08,504:INFO:Creating final display dataframe.
2024-11-27 23:21:14,093:INFO:PyCaret ClassificationExperiment
2024-11-27 23:21:14,105:INFO:Logging name: clf-default-name
2024-11-27 23:21:14,105:INFO:ML Usecase: MLUsecase.CLASSIFICATION
2024-11-27 23:21:14,105:INFO:version 3.3.2
2024-11-27 23:21:14,105:INFO:Initializing setup()
2024-11-27 23:21:14,105:INFO:self.USI: 17ef
2024-11-27 23:21:14,105:INFO:self._variable_keys: {'target_param', 'seed', '_ml_usecase', 'exp_id', 'X_test', 'exp_name_log', 'USI', 'y', 'memory', 'data', 'gpu_param', 'y_train', 'n_jobs_param', 'idx', 'X', 'X_train', 'fix_imbalance', 'html_param', 'is_multiclass', 'gpu_n_jobs_param', 'log_plots_param', 'logging_param', 'fold_groups_param', 'y_test', 'fold_shuffle_param', 'fold_generator', 'pipeline', '_available_plots'}
2024-11-27 23:21:14,105:INFO:Checking environment
2024-11-27 23:21:14,105:INFO:python_version: 3.10.12
2024-11-27 23:21:14,105:INFO:python_build: ('main', 'Nov  6 2024 20:22:13')
2024-11-27 23:21:14,105:INFO:machine: x86_64
2024-11-27 23:21:14,105:INFO:platform: Linux-5.15.167.4-microsoft-standard-WSL2-x86_64-with-glibc2.35
2024-11-27 23:21:14,105:INFO:Memory: svmem(total=8286756864, available=2557718528, percent=69.1, used=5417156608, free=1625509888, active=516399104, inactive=5541142528, buffers=124440576, cached=1119649792, shared=4251648, slab=264093696)
2024-11-27 23:21:14,106:INFO:Physical Core: 4
2024-11-27 23:21:14,106:INFO:Logical Core: 4
2024-11-27 23:21:14,106:INFO:Checking libraries
2024-11-27 23:21:14,106:INFO:System:
2024-11-27 23:21:14,106:INFO:    python: 3.10.12 (main, Nov  6 2024, 20:22:13) [GCC 11.4.0]
2024-11-27 23:21:14,106:INFO:executable: /bin/python3
2024-11-27 23:21:14,106:INFO:   machine: Linux-5.15.167.4-microsoft-standard-WSL2-x86_64-with-glibc2.35
2024-11-27 23:21:14,106:INFO:PyCaret required dependencies:
2024-11-27 23:21:14,106:INFO:                 pip: 22.0.2
2024-11-27 23:21:14,106:INFO:          setuptools: 59.6.0
2024-11-27 23:21:14,106:INFO:             pycaret: 3.3.2
2024-11-27 23:21:14,106:INFO:             IPython: 8.27.0
2024-11-27 23:21:14,106:INFO:          ipywidgets: 8.1.5
2024-11-27 23:21:14,106:INFO:                tqdm: 4.66.5
2024-11-27 23:21:14,106:INFO:               numpy: 1.26.4
2024-11-27 23:21:14,106:INFO:              pandas: 2.1.4
2024-11-27 23:21:14,106:INFO:              jinja2: 3.1.4
2024-11-27 23:21:14,107:INFO:               scipy: 1.11.4
2024-11-27 23:21:14,107:INFO:              joblib: 1.3.2
2024-11-27 23:21:14,107:INFO:             sklearn: 1.4.2
2024-11-27 23:21:14,107:INFO:                pyod: 2.0.2
2024-11-27 23:21:14,107:INFO:            imblearn: 0.12.4
2024-11-27 23:21:14,107:INFO:   category_encoders: 2.6.4
2024-11-27 23:21:14,107:INFO:            lightgbm: 4.5.0
2024-11-27 23:21:14,107:INFO:               numba: 0.60.0
2024-11-27 23:21:14,107:INFO:            requests: 2.32.3
2024-11-27 23:21:14,107:INFO:          matplotlib: 3.7.5
2024-11-27 23:21:14,107:INFO:          scikitplot: 0.3.7
2024-11-27 23:21:14,107:INFO:         yellowbrick: 1.5
2024-11-27 23:21:14,107:INFO:              plotly: 5.24.1
2024-11-27 23:21:14,107:INFO:    plotly-resampler: Not installed
2024-11-27 23:21:14,107:INFO:             kaleido: 0.2.1
2024-11-27 23:21:14,107:INFO:           schemdraw: 0.15
2024-11-27 23:21:14,107:INFO:         statsmodels: 0.14.3
2024-11-27 23:21:14,107:INFO:              sktime: 0.26.0
2024-11-27 23:21:14,107:INFO:               tbats: 1.1.3
2024-11-27 23:21:14,107:INFO:            pmdarima: 2.0.4
2024-11-27 23:21:14,107:INFO:              psutil: 6.0.0
2024-11-27 23:21:14,107:INFO:          markupsafe: 3.0.1
2024-11-27 23:21:14,107:INFO:             pickle5: Not installed
2024-11-27 23:21:14,107:INFO:         cloudpickle: 3.0.0
2024-11-27 23:21:14,107:INFO:         deprecation: 2.1.0
2024-11-27 23:21:14,107:INFO:              xxhash: 3.5.0
2024-11-27 23:21:14,107:INFO:           wurlitzer: 3.1.1
2024-11-27 23:21:14,107:INFO:PyCaret optional dependencies:
2024-11-27 23:21:14,107:INFO:                shap: 0.46.0
2024-11-27 23:21:14,107:INFO:           interpret: Not installed
2024-11-27 23:21:14,108:INFO:                umap: Not installed
2024-11-27 23:21:14,108:INFO:     ydata_profiling: Not installed
2024-11-27 23:21:14,108:INFO:  explainerdashboard: Not installed
2024-11-27 23:21:14,108:INFO:             autoviz: Not installed
2024-11-27 23:21:14,108:INFO:           fairlearn: Not installed
2024-11-27 23:21:14,108:INFO:          deepchecks: Not installed
2024-11-27 23:21:14,108:INFO:             xgboost: 2.1.1
2024-11-27 23:21:14,108:INFO:            catboost: 1.2.7
2024-11-27 23:21:14,108:INFO:              kmodes: Not installed
2024-11-27 23:21:14,108:INFO:             mlxtend: Not installed
2024-11-27 23:21:14,108:INFO:       statsforecast: Not installed
2024-11-27 23:21:14,108:INFO:        tune_sklearn: Not installed
2024-11-27 23:21:14,108:INFO:                 ray: Not installed
2024-11-27 23:21:14,108:INFO:            hyperopt: Not installed
2024-11-27 23:21:14,108:INFO:              optuna: Not installed
2024-11-27 23:21:14,108:INFO:               skopt: Not installed
2024-11-27 23:21:14,108:INFO:              mlflow: Not installed
2024-11-27 23:21:14,108:INFO:              gradio: Not installed
2024-11-27 23:21:14,108:INFO:             fastapi: Not installed
2024-11-27 23:21:14,108:INFO:             uvicorn: Not installed
2024-11-27 23:21:14,108:INFO:              m2cgen: Not installed
2024-11-27 23:21:14,108:INFO:           evidently: Not installed
2024-11-27 23:21:14,108:INFO:               fugue: Not installed
2024-11-27 23:21:14,108:INFO:           streamlit: Not installed
2024-11-27 23:21:14,108:INFO:             prophet: 1.1.6
2024-11-27 23:21:14,108:INFO:None
2024-11-27 23:21:14,108:INFO:Set up data.
2024-11-27 23:21:14,237:INFO:Set up folding strategy.
2024-11-27 23:21:14,237:INFO:Set up train/test split.
2024-11-27 23:21:14,325:INFO:Set up index.
2024-11-27 23:21:14,327:INFO:Assigning column types.
2024-11-27 23:21:14,405:INFO:Engine successfully changes for model 'lr' to 'sklearn'.
2024-11-27 23:21:14,499:INFO:Engine for model 'knn' has not been set explicitly, hence returning None.
2024-11-27 23:21:14,502:INFO:Engine for model 'rbfsvm' has not been set explicitly, hence returning None.
2024-11-27 23:21:14,547:INFO:Soft dependency imported: xgboost: 2.1.1
2024-11-27 23:21:14,553:INFO:Soft dependency imported: catboost: 1.2.7
2024-11-27 23:21:14,623:INFO:Engine for model 'knn' has not been set explicitly, hence returning None.
2024-11-27 23:21:14,625:INFO:Engine for model 'rbfsvm' has not been set explicitly, hence returning None.
2024-11-27 23:21:14,674:INFO:Soft dependency imported: xgboost: 2.1.1
2024-11-27 23:21:14,678:INFO:Soft dependency imported: catboost: 1.2.7
2024-11-27 23:21:14,679:INFO:Engine successfully changes for model 'knn' to 'sklearn'.
2024-11-27 23:21:14,758:INFO:Engine for model 'rbfsvm' has not been set explicitly, hence returning None.
2024-11-27 23:21:14,811:INFO:Soft dependency imported: xgboost: 2.1.1
2024-11-27 23:21:14,815:INFO:Soft dependency imported: catboost: 1.2.7
2024-11-27 23:21:14,896:INFO:Engine for model 'rbfsvm' has not been set explicitly, hence returning None.
2024-11-27 23:21:14,940:INFO:Soft dependency imported: xgboost: 2.1.1
2024-11-27 23:21:14,945:INFO:Soft dependency imported: catboost: 1.2.7
2024-11-27 23:21:14,946:INFO:Engine successfully changes for model 'rbfsvm' to 'sklearn'.
2024-11-27 23:21:15,074:INFO:Soft dependency imported: xgboost: 2.1.1
2024-11-27 23:21:15,078:INFO:Soft dependency imported: catboost: 1.2.7
2024-11-27 23:21:15,197:INFO:Soft dependency imported: xgboost: 2.1.1
2024-11-27 23:21:15,201:INFO:Soft dependency imported: catboost: 1.2.7
2024-11-27 23:21:15,203:INFO:Preparing preprocessing pipeline...
2024-11-27 23:21:15,212:INFO:Set up date feature engineering.
2024-11-27 23:21:15,212:INFO:Set up simple imputation.
2024-11-27 23:21:15,246:INFO:Set up encoding of ordinal features.
2024-11-27 23:21:15,266:INFO:Set up encoding of categorical features.
2024-11-27 23:21:15,883:INFO:Finished creating preprocessing pipeline.
2024-11-27 23:21:15,918:INFO:Pipeline: Pipeline(memory=FastMemory(location=/tmp/joblib),
         steps=[('date_feature_extractor',
                 TransformerWrapper(exclude=None,
                                    include=['borrow_timestamp',
                                             'first_tx_timestamp',
                                             'last_tx_timestamp'],
                                    transformer=ExtractDateTimeFeatures(features=['day',
                                                                                  'month',
                                                                                  'year']))),
                ('numerical_imputer',
                 TransformerWrapper(exclude=None,
                                    include=['wallet_age', 'incoming_tx_count',...
                                                               return_df=True,
                                                               verbose=0))),
                ('rest_encoding',
                 TransformerWrapper(exclude=None,
                                    include=['borrow_block_number',
                                             'wallet_address'],
                                    transformer=TargetEncoder(cols=['borrow_block_number',
                                                                    'wallet_address'],
                                                              drop_invariant=False,
                                                              handle_missing='return_nan',
                                                              handle_unknown='value',
                                                              hierarchy=None,
                                                              min_samples_leaf=20,
                                                              return_df=True,
                                                              smoothing=10,
                                                              verbose=0)))],
         verbose=False)
2024-11-27 23:21:15,918:INFO:Creating final display dataframe.
2024-11-27 23:21:17,315:INFO:Setup _display_container:                     Description             Value
0                    Session id               123
1                        Target            target
2                   Target type            Binary
3           Original data shape       (39866, 75)
4        Transformed data shape       (39866, 81)
5   Transformed train set shape       (27906, 81)
6    Transformed test set shape       (11960, 81)
7              Numeric features                68
8                 Date features                 3
9          Categorical features                 3
10                   Preprocess              True
11              Imputation type            simple
12           Numeric imputation              mean
13       Categorical imputation              mode
14     Maximum one-hot encoding                25
15              Encoding method              None
16               Fold Generator   StratifiedKFold
17                  Fold Number                 5
18                     CPU Jobs                -1
19                      Use GPU             False
20               Log Experiment             False
21              Experiment Name  clf-default-name
22                          USI              17ef
2024-11-27 23:21:17,470:INFO:Soft dependency imported: xgboost: 2.1.1
2024-11-27 23:21:17,474:INFO:Soft dependency imported: catboost: 1.2.7
2024-11-27 23:21:17,648:INFO:Soft dependency imported: xgboost: 2.1.1
2024-11-27 23:21:17,652:INFO:Soft dependency imported: catboost: 1.2.7
2024-11-27 23:21:17,654:INFO:setup() successfully completed in 3.56s...............
2024-11-27 23:21:17,668:INFO:Initializing compare_models()
2024-11-27 23:21:17,668:INFO:compare_models(self=<pycaret.classification.oop.ClassificationExperiment object at 0x7fb8f9675510>, include=None, fold=None, round=4, cross_validation=True, sort=Accuracy, n_select=1, budget_time=None, turbo=True, errors=ignore, fit_kwargs=None, groups=None, experiment_custom_tags=None, probability_threshold=None, verbose=True, parallel=None, caller_params={'self': <pycaret.classification.oop.ClassificationExperiment object at 0x7fb8f9675510>, 'include': None, 'exclude': None, 'fold': None, 'round': 4, 'cross_validation': True, 'sort': 'Accuracy', 'n_select': 1, 'budget_time': None, 'turbo': True, 'errors': 'ignore', 'fit_kwargs': None, 'groups': None, 'experiment_custom_tags': None, 'probability_threshold': None, 'engine': None, 'verbose': True, 'parallel': None, '__class__': <class 'pycaret.classification.oop.ClassificationExperiment'>}, exclude=None)
2024-11-27 23:21:17,668:INFO:Checking exceptions
2024-11-27 23:21:17,750:INFO:Preparing display monitor
2024-11-27 23:21:17,789:INFO:Initializing Logistic Regression
2024-11-27 23:21:17,793:INFO:Total runtime is 6.771087646484375e-05 minutes
2024-11-27 23:21:17,803:INFO:SubProcess create_model() called ==================================
2024-11-27 23:21:17,804:INFO:Initializing create_model()
2024-11-27 23:21:17,804:INFO:create_model(self=<pycaret.classification.oop.ClassificationExperiment object at 0x7fb8f9675510>, estimator=lr, fold=StratifiedKFold(n_splits=5, random_state=None, shuffle=False), round=4, cross_validation=True, predict=True, fit_kwargs={}, groups=None, refit=False, probability_threshold=None, experiment_custom_tags=None, verbose=False, system=False, add_to_model_list=True, metrics=None, display=<pycaret.internal.display.display.CommonDisplay object at 0x7fb8e18e35b0>, model_only=True, return_train_score=False, error_score=0.0, kwargs={})
2024-11-27 23:21:17,805:INFO:Checking exceptions
2024-11-27 23:21:17,805:INFO:Importing libraries
2024-11-27 23:21:17,805:INFO:Copying training dataset
2024-11-27 23:21:17,997:INFO:Defining folds
2024-11-27 23:21:17,997:INFO:Declaring metric variables
2024-11-27 23:21:18,012:INFO:Importing untrained model
2024-11-27 23:21:18,028:INFO:Logistic Regression Imported successfully
2024-11-27 23:21:18,050:INFO:Starting cross validation
2024-11-27 23:21:18,062:INFO:Cross validating with StratifiedKFold(n_splits=5, random_state=None, shuffle=False), n_jobs=-1
2024-11-27 23:21:30,018:WARNING:/home/damiatus/.local/lib/python3.10/site-packages/sklearn/linear_model/_logistic.py:469: ConvergenceWarning: lbfgs failed to converge (status=1):
STOP: TOTAL NO. of ITERATIONS REACHED LIMIT.

Increase the number of iterations (max_iter) or scale the data as shown in:
    https://scikit-learn.org/stable/modules/preprocessing.html
Please also refer to the documentation for alternative solver options:
    https://scikit-learn.org/stable/modules/linear_model.html#logistic-regression
  n_iter_i = _check_optimize_result(

2024-11-27 23:21:30,186:WARNING:/home/damiatus/.local/lib/python3.10/site-packages/sklearn/linear_model/_logistic.py:469: ConvergenceWarning: lbfgs failed to converge (status=1):
STOP: TOTAL NO. of ITERATIONS REACHED LIMIT.

Increase the number of iterations (max_iter) or scale the data as shown in:
    https://scikit-learn.org/stable/modules/preprocessing.html
Please also refer to the documentation for alternative solver options:
    https://scikit-learn.org/stable/modules/linear_model.html#logistic-regression
  n_iter_i = _check_optimize_result(

2024-11-27 23:21:30,286:WARNING:/home/damiatus/.local/lib/python3.10/site-packages/sklearn/linear_model/_logistic.py:469: ConvergenceWarning: lbfgs failed to converge (status=1):
STOP: TOTAL NO. of ITERATIONS REACHED LIMIT.

Increase the number of iterations (max_iter) or scale the data as shown in:
    https://scikit-learn.org/stable/modules/preprocessing.html
Please also refer to the documentation for alternative solver options:
    https://scikit-learn.org/stable/modules/linear_model.html#logistic-regression
  n_iter_i = _check_optimize_result(

2024-11-27 23:21:30,374:WARNING:/home/damiatus/.local/lib/python3.10/site-packages/sklearn/linear_model/_logistic.py:469: ConvergenceWarning: lbfgs failed to converge (status=1):
STOP: TOTAL NO. of ITERATIONS REACHED LIMIT.

Increase the number of iterations (max_iter) or scale the data as shown in:
    https://scikit-learn.org/stable/modules/preprocessing.html
Please also refer to the documentation for alternative solver options:
    https://scikit-learn.org/stable/modules/linear_model.html#logistic-regression
  n_iter_i = _check_optimize_result(

2024-11-27 23:21:35,543:WARNING:/home/damiatus/.local/lib/python3.10/site-packages/sklearn/linear_model/_logistic.py:469: ConvergenceWarning: lbfgs failed to converge (status=1):
STOP: TOTAL NO. of ITERATIONS REACHED LIMIT.

Increase the number of iterations (max_iter) or scale the data as shown in:
    https://scikit-learn.org/stable/modules/preprocessing.html
Please also refer to the documentation for alternative solver options:
    https://scikit-learn.org/stable/modules/linear_model.html#logistic-regression
  n_iter_i = _check_optimize_result(

2024-11-27 23:21:35,665:INFO:Calculating mean and std
2024-11-27 23:21:35,667:INFO:Creating metrics dataframe
2024-11-27 23:21:35,672:INFO:Uploading results into container
2024-11-27 23:21:35,673:INFO:Uploading model into container now
2024-11-27 23:21:35,674:INFO:_master_model_container: 1
2024-11-27 23:21:35,674:INFO:_display_container: 2
2024-11-27 23:21:35,674:INFO:LogisticRegression(C=1.0, class_weight=None, dual=False, fit_intercept=True,
                   intercept_scaling=1, l1_ratio=None, max_iter=1000,
                   multi_class='auto', n_jobs=None, penalty='l2',
                   random_state=123, solver='lbfgs', tol=0.0001, verbose=0,
                   warm_start=False)
2024-11-27 23:21:35,675:INFO:create_model() successfully completed......................................
2024-11-27 23:21:35,925:INFO:SubProcess create_model() end ==================================
2024-11-27 23:21:35,926:INFO:Creating metrics dataframe
2024-11-27 23:21:35,937:INFO:Initializing K Neighbors Classifier
2024-11-27 23:21:35,937:INFO:Total runtime is 0.3024756709734599 minutes
2024-11-27 23:21:35,952:INFO:SubProcess create_model() called ==================================
2024-11-27 23:21:35,953:INFO:Initializing create_model()
2024-11-27 23:21:35,954:INFO:create_model(self=<pycaret.classification.oop.ClassificationExperiment object at 0x7fb8f9675510>, estimator=knn, fold=StratifiedKFold(n_splits=5, random_state=None, shuffle=False), round=4, cross_validation=True, predict=True, fit_kwargs={}, groups=None, refit=False, probability_threshold=None, experiment_custom_tags=None, verbose=False, system=False, add_to_model_list=True, metrics=None, display=<pycaret.internal.display.display.CommonDisplay object at 0x7fb8e18e35b0>, model_only=True, return_train_score=False, error_score=0.0, kwargs={})
2024-11-27 23:21:35,954:INFO:Checking exceptions
2024-11-27 23:21:35,954:INFO:Importing libraries
2024-11-27 23:21:35,954:INFO:Copying training dataset
2024-11-27 23:21:36,080:INFO:Defining folds
2024-11-27 23:21:36,080:INFO:Declaring metric variables
2024-11-27 23:21:36,095:INFO:Importing untrained model
2024-11-27 23:21:36,102:INFO:K Neighbors Classifier Imported successfully
2024-11-27 23:21:36,133:INFO:Starting cross validation
2024-11-27 23:21:36,145:INFO:Cross validating with StratifiedKFold(n_splits=5, random_state=None, shuffle=False), n_jobs=-1
2024-11-27 23:21:49,028:INFO:Calculating mean and std
2024-11-27 23:21:49,030:INFO:Creating metrics dataframe
2024-11-27 23:21:49,042:INFO:Uploading results into container
2024-11-27 23:21:49,043:INFO:Uploading model into container now
2024-11-27 23:21:49,043:INFO:_master_model_container: 2
2024-11-27 23:21:49,044:INFO:_display_container: 2
2024-11-27 23:21:49,044:INFO:KNeighborsClassifier(algorithm='auto', leaf_size=30, metric='minkowski',
                     metric_params=None, n_jobs=-1, n_neighbors=5, p=2,
                     weights='uniform')
2024-11-27 23:21:49,044:INFO:create_model() successfully completed......................................
2024-11-27 23:21:49,369:INFO:SubProcess create_model() end ==================================
2024-11-27 23:21:49,369:INFO:Creating metrics dataframe
2024-11-27 23:21:49,384:INFO:Initializing Naive Bayes
2024-11-27 23:21:49,385:INFO:Total runtime is 0.5266007741292318 minutes
2024-11-27 23:21:49,393:INFO:SubProcess create_model() called ==================================
2024-11-27 23:21:49,394:INFO:Initializing create_model()
2024-11-27 23:21:49,394:INFO:create_model(self=<pycaret.classification.oop.ClassificationExperiment object at 0x7fb8f9675510>, estimator=nb, fold=StratifiedKFold(n_splits=5, random_state=None, shuffle=False), round=4, cross_validation=True, predict=True, fit_kwargs={}, groups=None, refit=False, probability_threshold=None, experiment_custom_tags=None, verbose=False, system=False, add_to_model_list=True, metrics=None, display=<pycaret.internal.display.display.CommonDisplay object at 0x7fb8e18e35b0>, model_only=True, return_train_score=False, error_score=0.0, kwargs={})
2024-11-27 23:21:49,394:INFO:Checking exceptions
2024-11-27 23:21:49,394:INFO:Importing libraries
2024-11-27 23:21:49,394:INFO:Copying training dataset
2024-11-27 23:21:49,563:INFO:Defining folds
2024-11-27 23:21:49,564:INFO:Declaring metric variables
2024-11-27 23:21:49,570:INFO:Importing untrained model
2024-11-27 23:21:49,577:INFO:Naive Bayes Imported successfully
2024-11-27 23:21:49,607:INFO:Starting cross validation
2024-11-27 23:21:49,610:INFO:Cross validating with StratifiedKFold(n_splits=5, random_state=None, shuffle=False), n_jobs=-1
2024-11-27 23:21:51,628:INFO:Calculating mean and std
2024-11-27 23:21:51,630:INFO:Creating metrics dataframe
2024-11-27 23:21:51,634:INFO:Uploading results into container
2024-11-27 23:21:51,635:INFO:Uploading model into container now
2024-11-27 23:21:51,636:INFO:_master_model_container: 3
2024-11-27 23:21:51,636:INFO:_display_container: 2
2024-11-27 23:21:51,636:INFO:GaussianNB(priors=None, var_smoothing=1e-09)
2024-11-27 23:21:51,636:INFO:create_model() successfully completed......................................
2024-11-27 23:21:51,873:INFO:SubProcess create_model() end ==================================
2024-11-27 23:21:51,873:INFO:Creating metrics dataframe
2024-11-27 23:21:51,895:INFO:Initializing Decision Tree Classifier
2024-11-27 23:21:51,896:INFO:Total runtime is 0.5684472759564718 minutes
2024-11-27 23:21:51,903:INFO:SubProcess create_model() called ==================================
2024-11-27 23:21:51,904:INFO:Initializing create_model()
2024-11-27 23:21:51,904:INFO:create_model(self=<pycaret.classification.oop.ClassificationExperiment object at 0x7fb8f9675510>, estimator=dt, fold=StratifiedKFold(n_splits=5, random_state=None, shuffle=False), round=4, cross_validation=True, predict=True, fit_kwargs={}, groups=None, refit=False, probability_threshold=None, experiment_custom_tags=None, verbose=False, system=False, add_to_model_list=True, metrics=None, display=<pycaret.internal.display.display.CommonDisplay object at 0x7fb8e18e35b0>, model_only=True, return_train_score=False, error_score=0.0, kwargs={})
2024-11-27 23:21:51,905:INFO:Checking exceptions
2024-11-27 23:21:51,905:INFO:Importing libraries
2024-11-27 23:21:51,905:INFO:Copying training dataset
2024-11-27 23:21:52,030:INFO:Defining folds
2024-11-27 23:21:52,030:INFO:Declaring metric variables
2024-11-27 23:21:52,038:INFO:Importing untrained model
2024-11-27 23:21:52,056:INFO:Decision Tree Classifier Imported successfully
2024-11-27 23:21:52,077:INFO:Starting cross validation
2024-11-27 23:21:52,080:INFO:Cross validating with StratifiedKFold(n_splits=5, random_state=None, shuffle=False), n_jobs=-1
2024-11-27 23:21:55,293:INFO:Calculating mean and std
2024-11-27 23:21:55,295:INFO:Creating metrics dataframe
2024-11-27 23:21:55,298:INFO:Uploading results into container
2024-11-27 23:21:55,300:INFO:Uploading model into container now
2024-11-27 23:21:55,301:INFO:_master_model_container: 4
2024-11-27 23:21:55,301:INFO:_display_container: 2
2024-11-27 23:21:55,302:INFO:DecisionTreeClassifier(ccp_alpha=0.0, class_weight=None, criterion='gini',
                       max_depth=None, max_features=None, max_leaf_nodes=None,
                       min_impurity_decrease=0.0, min_samples_leaf=1,
                       min_samples_split=2, min_weight_fraction_leaf=0.0,
                       monotonic_cst=None, random_state=123, splitter='best')
2024-11-27 23:21:55,302:INFO:create_model() successfully completed......................................
2024-11-27 23:21:55,624:INFO:SubProcess create_model() end ==================================
2024-11-27 23:21:55,624:INFO:Creating metrics dataframe
2024-11-27 23:21:55,636:INFO:Initializing SVM - Linear Kernel
2024-11-27 23:21:55,636:INFO:Total runtime is 0.6307958642641703 minutes
2024-11-27 23:21:55,642:INFO:SubProcess create_model() called ==================================
2024-11-27 23:21:55,645:INFO:Initializing create_model()
2024-11-27 23:21:55,645:INFO:create_model(self=<pycaret.classification.oop.ClassificationExperiment object at 0x7fb8f9675510>, estimator=svm, fold=StratifiedKFold(n_splits=5, random_state=None, shuffle=False), round=4, cross_validation=True, predict=True, fit_kwargs={}, groups=None, refit=False, probability_threshold=None, experiment_custom_tags=None, verbose=False, system=False, add_to_model_list=True, metrics=None, display=<pycaret.internal.display.display.CommonDisplay object at 0x7fb8e18e35b0>, model_only=True, return_train_score=False, error_score=0.0, kwargs={})
2024-11-27 23:21:55,652:INFO:Checking exceptions
2024-11-27 23:21:55,652:INFO:Importing libraries
2024-11-27 23:21:55,652:INFO:Copying training dataset
2024-11-27 23:21:55,764:INFO:Defining folds
2024-11-27 23:21:55,765:INFO:Declaring metric variables
2024-11-27 23:21:55,780:INFO:Importing untrained model
2024-11-27 23:21:55,787:INFO:SVM - Linear Kernel Imported successfully
2024-11-27 23:21:55,818:INFO:Starting cross validation
2024-11-27 23:21:55,822:INFO:Cross validating with StratifiedKFold(n_splits=5, random_state=None, shuffle=False), n_jobs=-1
2024-11-27 23:22:02,233:INFO:Calculating mean and std
2024-11-27 23:22:02,235:INFO:Creating metrics dataframe
2024-11-27 23:22:02,238:INFO:Uploading results into container
2024-11-27 23:22:02,241:INFO:Uploading model into container now
2024-11-27 23:22:02,242:INFO:_master_model_container: 5
2024-11-27 23:22:02,243:INFO:_display_container: 2
2024-11-27 23:22:02,243:INFO:SGDClassifier(alpha=0.0001, average=False, class_weight=None,
              early_stopping=False, epsilon=0.1, eta0=0.001, fit_intercept=True,
              l1_ratio=0.15, learning_rate='optimal', loss='hinge',
              max_iter=1000, n_iter_no_change=5, n_jobs=-1, penalty='l2',
              power_t=0.5, random_state=123, shuffle=True, tol=0.001,
              validation_fraction=0.1, verbose=0, warm_start=False)
2024-11-27 23:22:02,244:INFO:create_model() successfully completed......................................
2024-11-27 23:22:02,491:INFO:SubProcess create_model() end ==================================
2024-11-27 23:22:02,492:INFO:Creating metrics dataframe
2024-11-27 23:22:02,505:INFO:Initializing Ridge Classifier
2024-11-27 23:22:02,505:INFO:Total runtime is 0.7452736496925354 minutes
2024-11-27 23:22:02,515:INFO:SubProcess create_model() called ==================================
2024-11-27 23:22:02,516:INFO:Initializing create_model()
2024-11-27 23:22:02,516:INFO:create_model(self=<pycaret.classification.oop.ClassificationExperiment object at 0x7fb8f9675510>, estimator=ridge, fold=StratifiedKFold(n_splits=5, random_state=None, shuffle=False), round=4, cross_validation=True, predict=True, fit_kwargs={}, groups=None, refit=False, probability_threshold=None, experiment_custom_tags=None, verbose=False, system=False, add_to_model_list=True, metrics=None, display=<pycaret.internal.display.display.CommonDisplay object at 0x7fb8e18e35b0>, model_only=True, return_train_score=False, error_score=0.0, kwargs={})
2024-11-27 23:22:02,516:INFO:Checking exceptions
2024-11-27 23:22:02,516:INFO:Importing libraries
2024-11-27 23:22:02,517:INFO:Copying training dataset
2024-11-27 23:22:02,646:INFO:Defining folds
2024-11-27 23:22:02,647:INFO:Declaring metric variables
2024-11-27 23:22:02,654:INFO:Importing untrained model
2024-11-27 23:22:02,660:INFO:Ridge Classifier Imported successfully
2024-11-27 23:22:02,681:INFO:Starting cross validation
2024-11-27 23:22:02,693:INFO:Cross validating with StratifiedKFold(n_splits=5, random_state=None, shuffle=False), n_jobs=-1
2024-11-27 23:22:03,627:WARNING:/home/damiatus/.local/lib/python3.10/site-packages/sklearn/linear_model/_ridge.py:204: LinAlgWarning: Ill-conditioned matrix (rcond=4.50222e-20): result may not be accurate.
  return linalg.solve(A, Xy, assume_a="pos", overwrite_a=True).T

2024-11-27 23:22:03,641:WARNING:/home/damiatus/.local/lib/python3.10/site-packages/sklearn/linear_model/_ridge.py:204: LinAlgWarning: Ill-conditioned matrix (rcond=4.52083e-20): result may not be accurate.
  return linalg.solve(A, Xy, assume_a="pos", overwrite_a=True).T

2024-11-27 23:22:03,690:WARNING:/home/damiatus/.local/lib/python3.10/site-packages/sklearn/linear_model/_ridge.py:204: LinAlgWarning: Ill-conditioned matrix (rcond=4.5151e-20): result may not be accurate.
  return linalg.solve(A, Xy, assume_a="pos", overwrite_a=True).T

2024-11-27 23:22:03,735:WARNING:/home/damiatus/.local/lib/python3.10/site-packages/sklearn/linear_model/_ridge.py:204: LinAlgWarning: Ill-conditioned matrix (rcond=4.48753e-20): result may not be accurate.
  return linalg.solve(A, Xy, assume_a="pos", overwrite_a=True).T

2024-11-27 23:22:04,393:WARNING:/home/damiatus/.local/lib/python3.10/site-packages/sklearn/linear_model/_ridge.py:204: LinAlgWarning: Ill-conditioned matrix (rcond=4.50064e-20): result may not be accurate.
  return linalg.solve(A, Xy, assume_a="pos", overwrite_a=True).T

2024-11-27 23:22:04,529:INFO:Calculating mean and std
2024-11-27 23:22:04,531:INFO:Creating metrics dataframe
2024-11-27 23:22:04,535:INFO:Uploading results into container
2024-11-27 23:22:04,535:INFO:Uploading model into container now
2024-11-27 23:22:04,536:INFO:_master_model_container: 6
2024-11-27 23:22:04,536:INFO:_display_container: 2
2024-11-27 23:22:04,537:INFO:RidgeClassifier(alpha=1.0, class_weight=None, copy_X=True, fit_intercept=True,
                max_iter=None, positive=False, random_state=123, solver='auto',
                tol=0.0001)
2024-11-27 23:22:04,537:INFO:create_model() successfully completed......................................
2024-11-27 23:22:04,783:INFO:SubProcess create_model() end ==================================
2024-11-27 23:22:04,784:INFO:Creating metrics dataframe
2024-11-27 23:22:04,806:INFO:Initializing Random Forest Classifier
2024-11-27 23:22:04,807:INFO:Total runtime is 0.7836414774258932 minutes
2024-11-27 23:22:04,813:INFO:SubProcess create_model() called ==================================
2024-11-27 23:22:04,814:INFO:Initializing create_model()
2024-11-27 23:22:04,814:INFO:create_model(self=<pycaret.classification.oop.ClassificationExperiment object at 0x7fb8f9675510>, estimator=rf, fold=StratifiedKFold(n_splits=5, random_state=None, shuffle=False), round=4, cross_validation=True, predict=True, fit_kwargs={}, groups=None, refit=False, probability_threshold=None, experiment_custom_tags=None, verbose=False, system=False, add_to_model_list=True, metrics=None, display=<pycaret.internal.display.display.CommonDisplay object at 0x7fb8e18e35b0>, model_only=True, return_train_score=False, error_score=0.0, kwargs={})
2024-11-27 23:22:04,814:INFO:Checking exceptions
2024-11-27 23:22:04,814:INFO:Importing libraries
2024-11-27 23:22:04,814:INFO:Copying training dataset
2024-11-27 23:22:04,951:INFO:Defining folds
2024-11-27 23:22:04,951:INFO:Declaring metric variables
2024-11-27 23:22:04,958:INFO:Importing untrained model
2024-11-27 23:22:04,975:INFO:Random Forest Classifier Imported successfully
2024-11-27 23:22:04,997:INFO:Starting cross validation
2024-11-27 23:22:05,000:INFO:Cross validating with StratifiedKFold(n_splits=5, random_state=None, shuffle=False), n_jobs=-1
2024-11-27 23:22:28,737:INFO:Calculating mean and std
2024-11-27 23:22:28,739:INFO:Creating metrics dataframe
2024-11-27 23:22:28,743:INFO:Uploading results into container
2024-11-27 23:22:28,744:INFO:Uploading model into container now
2024-11-27 23:22:28,746:INFO:_master_model_container: 7
2024-11-27 23:22:28,746:INFO:_display_container: 2
2024-11-27 23:22:28,747:INFO:RandomForestClassifier(bootstrap=True, ccp_alpha=0.0, class_weight=None,
                       criterion='gini', max_depth=None, max_features='sqrt',
                       max_leaf_nodes=None, max_samples=None,
                       min_impurity_decrease=0.0, min_samples_leaf=1,
                       min_samples_split=2, min_weight_fraction_leaf=0.0,
                       monotonic_cst=None, n_estimators=100, n_jobs=-1,
                       oob_score=False, random_state=123, verbose=0,
                       warm_start=False)
2024-11-27 23:22:28,747:INFO:create_model() successfully completed......................................
2024-11-27 23:22:28,927:INFO:SubProcess create_model() end ==================================
2024-11-27 23:22:28,927:INFO:Creating metrics dataframe
2024-11-27 23:22:28,938:INFO:Initializing Quadratic Discriminant Analysis
2024-11-27 23:22:28,939:INFO:Total runtime is 1.185836903254191 minutes
2024-11-27 23:22:28,945:INFO:SubProcess create_model() called ==================================
2024-11-27 23:22:28,946:INFO:Initializing create_model()
2024-11-27 23:22:28,946:INFO:create_model(self=<pycaret.classification.oop.ClassificationExperiment object at 0x7fb8f9675510>, estimator=qda, fold=StratifiedKFold(n_splits=5, random_state=None, shuffle=False), round=4, cross_validation=True, predict=True, fit_kwargs={}, groups=None, refit=False, probability_threshold=None, experiment_custom_tags=None, verbose=False, system=False, add_to_model_list=True, metrics=None, display=<pycaret.internal.display.display.CommonDisplay object at 0x7fb8e18e35b0>, model_only=True, return_train_score=False, error_score=0.0, kwargs={})
2024-11-27 23:22:28,947:INFO:Checking exceptions
2024-11-27 23:22:28,947:INFO:Importing libraries
2024-11-27 23:22:28,947:INFO:Copying training dataset
2024-11-27 23:22:29,037:INFO:Defining folds
2024-11-27 23:22:29,037:INFO:Declaring metric variables
2024-11-27 23:22:29,051:INFO:Importing untrained model
2024-11-27 23:22:29,058:INFO:Quadratic Discriminant Analysis Imported successfully
2024-11-27 23:22:29,070:INFO:Starting cross validation
2024-11-27 23:22:29,073:INFO:Cross validating with StratifiedKFold(n_splits=5, random_state=None, shuffle=False), n_jobs=-1
2024-11-27 23:22:31,604:WARNING:/home/damiatus/.local/lib/python3.10/site-packages/sklearn/discriminant_analysis.py:935: UserWarning: Variables are collinear
  warnings.warn("Variables are collinear")

2024-11-27 23:22:31,604:WARNING:/home/damiatus/.local/lib/python3.10/site-packages/sklearn/discriminant_analysis.py:935: UserWarning: Variables are collinear
  warnings.warn("Variables are collinear")

2024-11-27 23:22:31,604:WARNING:/home/damiatus/.local/lib/python3.10/site-packages/sklearn/discriminant_analysis.py:935: UserWarning: Variables are collinear
  warnings.warn("Variables are collinear")

2024-11-27 23:22:31,604:WARNING:/home/damiatus/.local/lib/python3.10/site-packages/sklearn/discriminant_analysis.py:935: UserWarning: Variables are collinear
  warnings.warn("Variables are collinear")

2024-11-27 23:22:32,469:WARNING:/home/damiatus/.local/lib/python3.10/site-packages/sklearn/discriminant_analysis.py:935: UserWarning: Variables are collinear
  warnings.warn("Variables are collinear")

2024-11-27 23:22:32,713:INFO:Calculating mean and std
2024-11-27 23:22:32,715:INFO:Creating metrics dataframe
2024-11-27 23:22:32,718:INFO:Uploading results into container
2024-11-27 23:22:32,719:INFO:Uploading model into container now
2024-11-27 23:22:32,721:INFO:_master_model_container: 8
2024-11-27 23:22:32,722:INFO:_display_container: 2
2024-11-27 23:22:32,729:INFO:QuadraticDiscriminantAnalysis(priors=None, reg_param=0.0,
                              store_covariance=False, tol=0.0001)
2024-11-27 23:22:32,730:INFO:create_model() successfully completed......................................
2024-11-27 23:22:32,916:INFO:SubProcess create_model() end ==================================
2024-11-27 23:22:32,916:INFO:Creating metrics dataframe
2024-11-27 23:22:32,931:INFO:Initializing Ada Boost Classifier
2024-11-27 23:22:32,931:INFO:Total runtime is 1.2523728052775065 minutes
2024-11-27 23:22:32,941:INFO:SubProcess create_model() called ==================================
2024-11-27 23:22:32,942:INFO:Initializing create_model()
2024-11-27 23:22:32,942:INFO:create_model(self=<pycaret.classification.oop.ClassificationExperiment object at 0x7fb8f9675510>, estimator=ada, fold=StratifiedKFold(n_splits=5, random_state=None, shuffle=False), round=4, cross_validation=True, predict=True, fit_kwargs={}, groups=None, refit=False, probability_threshold=None, experiment_custom_tags=None, verbose=False, system=False, add_to_model_list=True, metrics=None, display=<pycaret.internal.display.display.CommonDisplay object at 0x7fb8e18e35b0>, model_only=True, return_train_score=False, error_score=0.0, kwargs={})
2024-11-27 23:22:32,942:INFO:Checking exceptions
2024-11-27 23:22:32,942:INFO:Importing libraries
2024-11-27 23:22:32,942:INFO:Copying training dataset
2024-11-27 23:22:33,126:INFO:Defining folds
2024-11-27 23:22:33,127:INFO:Declaring metric variables
2024-11-27 23:22:33,133:INFO:Importing untrained model
2024-11-27 23:22:33,145:INFO:Ada Boost Classifier Imported successfully
2024-11-27 23:22:33,163:INFO:Starting cross validation
2024-11-27 23:22:33,166:INFO:Cross validating with StratifiedKFold(n_splits=5, random_state=None, shuffle=False), n_jobs=-1
2024-11-27 23:22:33,930:WARNING:/home/damiatus/.local/lib/python3.10/site-packages/sklearn/ensemble/_weight_boosting.py:519: FutureWarning: The SAMME.R algorithm (the default) is deprecated and will be removed in 1.6. Use the SAMME algorithm to circumvent this warning.
  warnings.warn(

2024-11-27 23:22:33,980:WARNING:/home/damiatus/.local/lib/python3.10/site-packages/sklearn/ensemble/_weight_boosting.py:519: FutureWarning: The SAMME.R algorithm (the default) is deprecated and will be removed in 1.6. Use the SAMME algorithm to circumvent this warning.
  warnings.warn(

2024-11-27 23:22:34,004:WARNING:/home/damiatus/.local/lib/python3.10/site-packages/sklearn/ensemble/_weight_boosting.py:519: FutureWarning: The SAMME.R algorithm (the default) is deprecated and will be removed in 1.6. Use the SAMME algorithm to circumvent this warning.
  warnings.warn(

2024-11-27 23:22:34,036:WARNING:/home/damiatus/.local/lib/python3.10/site-packages/sklearn/ensemble/_weight_boosting.py:519: FutureWarning: The SAMME.R algorithm (the default) is deprecated and will be removed in 1.6. Use the SAMME algorithm to circumvent this warning.
  warnings.warn(

2024-11-27 23:22:52,476:WARNING:/home/damiatus/.local/lib/python3.10/site-packages/sklearn/ensemble/_weight_boosting.py:519: FutureWarning: The SAMME.R algorithm (the default) is deprecated and will be removed in 1.6. Use the SAMME algorithm to circumvent this warning.
  warnings.warn(

2024-11-27 23:23:01,500:INFO:Calculating mean and std
2024-11-27 23:23:01,501:INFO:Creating metrics dataframe
2024-11-27 23:23:01,504:INFO:Uploading results into container
2024-11-27 23:23:01,505:INFO:Uploading model into container now
2024-11-27 23:23:01,506:INFO:_master_model_container: 9
2024-11-27 23:23:01,507:INFO:_display_container: 2
2024-11-27 23:23:01,507:INFO:AdaBoostClassifier(algorithm='SAMME.R', estimator=None, learning_rate=1.0,
                   n_estimators=50, random_state=123)
2024-11-27 23:23:01,507:INFO:create_model() successfully completed......................................
2024-11-27 23:23:01,721:INFO:SubProcess create_model() end ==================================
2024-11-27 23:23:01,721:INFO:Creating metrics dataframe
2024-11-27 23:23:01,743:INFO:Initializing Gradient Boosting Classifier
2024-11-27 23:23:01,744:INFO:Total runtime is 1.7325846791267394 minutes
2024-11-27 23:23:01,749:INFO:SubProcess create_model() called ==================================
2024-11-27 23:23:01,750:INFO:Initializing create_model()
2024-11-27 23:23:01,757:INFO:create_model(self=<pycaret.classification.oop.ClassificationExperiment object at 0x7fb8f9675510>, estimator=gbc, fold=StratifiedKFold(n_splits=5, random_state=None, shuffle=False), round=4, cross_validation=True, predict=True, fit_kwargs={}, groups=None, refit=False, probability_threshold=None, experiment_custom_tags=None, verbose=False, system=False, add_to_model_list=True, metrics=None, display=<pycaret.internal.display.display.CommonDisplay object at 0x7fb8e18e35b0>, model_only=True, return_train_score=False, error_score=0.0, kwargs={})
2024-11-27 23:23:01,758:INFO:Checking exceptions
2024-11-27 23:23:01,758:INFO:Importing libraries
2024-11-27 23:23:01,758:INFO:Copying training dataset
2024-11-27 23:23:01,968:INFO:Defining folds
2024-11-27 23:23:01,969:INFO:Declaring metric variables
2024-11-27 23:23:02,054:INFO:Importing untrained model
2024-11-27 23:23:02,068:INFO:Gradient Boosting Classifier Imported successfully
2024-11-27 23:23:02,082:INFO:Starting cross validation
2024-11-27 23:23:02,084:INFO:Cross validating with StratifiedKFold(n_splits=5, random_state=None, shuffle=False), n_jobs=-1
2024-11-27 23:24:57,971:INFO:Calculating mean and std
2024-11-27 23:24:57,973:INFO:Creating metrics dataframe
2024-11-27 23:24:57,977:INFO:Uploading results into container
2024-11-27 23:24:57,978:INFO:Uploading model into container now
2024-11-27 23:24:57,985:INFO:_master_model_container: 10
2024-11-27 23:24:57,986:INFO:_display_container: 2
2024-11-27 23:24:57,987:INFO:GradientBoostingClassifier(ccp_alpha=0.0, criterion='friedman_mse', init=None,
                           learning_rate=0.1, loss='log_loss', max_depth=3,
                           max_features=None, max_leaf_nodes=None,
                           min_impurity_decrease=0.0, min_samples_leaf=1,
                           min_samples_split=2, min_weight_fraction_leaf=0.0,
                           n_estimators=100, n_iter_no_change=None,
                           random_state=123, subsample=1.0, tol=0.0001,
                           validation_fraction=0.1, verbose=0,
                           warm_start=False)
2024-11-27 23:24:57,987:INFO:create_model() successfully completed......................................
2024-11-27 23:24:58,162:INFO:SubProcess create_model() end ==================================
2024-11-27 23:24:58,162:INFO:Creating metrics dataframe
2024-11-27 23:24:58,175:INFO:Initializing Linear Discriminant Analysis
2024-11-27 23:24:58,176:INFO:Total runtime is 3.673114947477976 minutes
2024-11-27 23:24:58,181:INFO:SubProcess create_model() called ==================================
2024-11-27 23:24:58,182:INFO:Initializing create_model()
2024-11-27 23:24:58,182:INFO:create_model(self=<pycaret.classification.oop.ClassificationExperiment object at 0x7fb8f9675510>, estimator=lda, fold=StratifiedKFold(n_splits=5, random_state=None, shuffle=False), round=4, cross_validation=True, predict=True, fit_kwargs={}, groups=None, refit=False, probability_threshold=None, experiment_custom_tags=None, verbose=False, system=False, add_to_model_list=True, metrics=None, display=<pycaret.internal.display.display.CommonDisplay object at 0x7fb8e18e35b0>, model_only=True, return_train_score=False, error_score=0.0, kwargs={})
2024-11-27 23:24:58,182:INFO:Checking exceptions
2024-11-27 23:24:58,182:INFO:Importing libraries
2024-11-27 23:24:58,183:INFO:Copying training dataset
2024-11-27 23:24:58,276:INFO:Defining folds
2024-11-27 23:24:58,277:INFO:Declaring metric variables
2024-11-27 23:24:58,283:INFO:Importing untrained model
2024-11-27 23:24:58,290:INFO:Linear Discriminant Analysis Imported successfully
2024-11-27 23:24:58,307:INFO:Starting cross validation
2024-11-27 23:24:58,321:INFO:Cross validating with StratifiedKFold(n_splits=5, random_state=None, shuffle=False), n_jobs=-1
2024-11-27 23:25:01,447:INFO:Calculating mean and std
2024-11-27 23:25:01,449:INFO:Creating metrics dataframe
2024-11-27 23:25:01,452:INFO:Uploading results into container
2024-11-27 23:25:01,454:INFO:Uploading model into container now
2024-11-27 23:25:01,454:INFO:_master_model_container: 11
2024-11-27 23:25:01,454:INFO:_display_container: 2
2024-11-27 23:25:01,455:INFO:LinearDiscriminantAnalysis(covariance_estimator=None, n_components=None,
                           priors=None, shrinkage=None, solver='svd',
                           store_covariance=False, tol=0.0001)
2024-11-27 23:25:01,456:INFO:create_model() successfully completed......................................
2024-11-27 23:25:01,635:INFO:SubProcess create_model() end ==================================
2024-11-27 23:25:01,636:INFO:Creating metrics dataframe
2024-11-27 23:25:01,650:INFO:Initializing Extra Trees Classifier
2024-11-27 23:25:01,650:INFO:Total runtime is 3.731018761793772 minutes
2024-11-27 23:25:01,657:INFO:SubProcess create_model() called ==================================
2024-11-27 23:25:01,657:INFO:Initializing create_model()
2024-11-27 23:25:01,658:INFO:create_model(self=<pycaret.classification.oop.ClassificationExperiment object at 0x7fb8f9675510>, estimator=et, fold=StratifiedKFold(n_splits=5, random_state=None, shuffle=False), round=4, cross_validation=True, predict=True, fit_kwargs={}, groups=None, refit=False, probability_threshold=None, experiment_custom_tags=None, verbose=False, system=False, add_to_model_list=True, metrics=None, display=<pycaret.internal.display.display.CommonDisplay object at 0x7fb8e18e35b0>, model_only=True, return_train_score=False, error_score=0.0, kwargs={})
2024-11-27 23:25:01,658:INFO:Checking exceptions
2024-11-27 23:25:01,658:INFO:Importing libraries
2024-11-27 23:25:01,658:INFO:Copying training dataset
2024-11-27 23:25:01,760:INFO:Defining folds
2024-11-27 23:25:01,760:INFO:Declaring metric variables
2024-11-27 23:25:01,780:INFO:Importing untrained model
2024-11-27 23:25:01,787:INFO:Extra Trees Classifier Imported successfully
2024-11-27 23:25:01,809:INFO:Starting cross validation
2024-11-27 23:25:01,812:INFO:Cross validating with StratifiedKFold(n_splits=5, random_state=None, shuffle=False), n_jobs=-1
2024-11-27 23:25:09,365:INFO:Calculating mean and std
2024-11-27 23:25:09,367:INFO:Creating metrics dataframe
2024-11-27 23:25:09,371:INFO:Uploading results into container
2024-11-27 23:25:09,372:INFO:Uploading model into container now
2024-11-27 23:25:09,372:INFO:_master_model_container: 12
2024-11-27 23:25:09,373:INFO:_display_container: 2
2024-11-27 23:25:09,373:INFO:ExtraTreesClassifier(bootstrap=False, ccp_alpha=0.0, class_weight=None,
                     criterion='gini', max_depth=None, max_features='sqrt',
                     max_leaf_nodes=None, max_samples=None,
                     min_impurity_decrease=0.0, min_samples_leaf=1,
                     min_samples_split=2, min_weight_fraction_leaf=0.0,
                     monotonic_cst=None, n_estimators=100, n_jobs=-1,
                     oob_score=False, random_state=123, verbose=0,
                     warm_start=False)
2024-11-27 23:25:09,374:INFO:create_model() successfully completed......................................
2024-11-27 23:25:09,572:INFO:SubProcess create_model() end ==================================
2024-11-27 23:25:09,572:INFO:Creating metrics dataframe
2024-11-27 23:25:09,587:INFO:Initializing Extreme Gradient Boosting
2024-11-27 23:25:09,587:INFO:Total runtime is 3.8633061250050855 minutes
2024-11-27 23:25:09,592:INFO:SubProcess create_model() called ==================================
2024-11-27 23:25:09,593:INFO:Initializing create_model()
2024-11-27 23:25:09,593:INFO:create_model(self=<pycaret.classification.oop.ClassificationExperiment object at 0x7fb8f9675510>, estimator=xgboost, fold=StratifiedKFold(n_splits=5, random_state=None, shuffle=False), round=4, cross_validation=True, predict=True, fit_kwargs={}, groups=None, refit=False, probability_threshold=None, experiment_custom_tags=None, verbose=False, system=False, add_to_model_list=True, metrics=None, display=<pycaret.internal.display.display.CommonDisplay object at 0x7fb8e18e35b0>, model_only=True, return_train_score=False, error_score=0.0, kwargs={})
2024-11-27 23:25:09,593:INFO:Checking exceptions
2024-11-27 23:25:09,593:INFO:Importing libraries
2024-11-27 23:25:09,593:INFO:Copying training dataset
2024-11-27 23:25:09,697:INFO:Defining folds
2024-11-27 23:25:09,698:INFO:Declaring metric variables
2024-11-27 23:25:09,706:INFO:Importing untrained model
2024-11-27 23:25:09,714:INFO:Extreme Gradient Boosting Imported successfully
2024-11-27 23:25:09,730:INFO:Starting cross validation
2024-11-27 23:25:09,738:INFO:Cross validating with StratifiedKFold(n_splits=5, random_state=None, shuffle=False), n_jobs=-1
2024-11-27 23:25:17,392:INFO:Calculating mean and std
2024-11-27 23:25:17,394:INFO:Creating metrics dataframe
2024-11-27 23:25:17,401:INFO:Uploading results into container
2024-11-27 23:25:17,402:INFO:Uploading model into container now
2024-11-27 23:25:17,402:INFO:_master_model_container: 13
2024-11-27 23:25:17,403:INFO:_display_container: 2
2024-11-27 23:25:17,404:INFO:XGBClassifier(base_score=None, booster='gbtree', callbacks=None,
              colsample_bylevel=None, colsample_bynode=None,
              colsample_bytree=None, device='cpu', early_stopping_rounds=None,
              enable_categorical=False, eval_metric=None, feature_types=None,
              gamma=None, grow_policy=None, importance_type=None,
              interaction_constraints=None, learning_rate=None, max_bin=None,
              max_cat_threshold=None, max_cat_to_onehot=None,
              max_delta_step=None, max_depth=None, max_leaves=None,
              min_child_weight=None, missing=nan, monotone_constraints=None,
              multi_strategy=None, n_estimators=None, n_jobs=-1,
              num_parallel_tree=None, objective='binary:logistic', ...)
2024-11-27 23:25:17,404:INFO:create_model() successfully completed......................................
2024-11-27 23:25:17,608:INFO:SubProcess create_model() end ==================================
2024-11-27 23:25:17,608:INFO:Creating metrics dataframe
2024-11-27 23:25:17,626:INFO:Initializing Light Gradient Boosting Machine
2024-11-27 23:25:17,626:INFO:Total runtime is 3.99729303518931 minutes
2024-11-27 23:25:17,632:INFO:SubProcess create_model() called ==================================
2024-11-27 23:25:17,633:INFO:Initializing create_model()
2024-11-27 23:25:17,633:INFO:create_model(self=<pycaret.classification.oop.ClassificationExperiment object at 0x7fb8f9675510>, estimator=lightgbm, fold=StratifiedKFold(n_splits=5, random_state=None, shuffle=False), round=4, cross_validation=True, predict=True, fit_kwargs={}, groups=None, refit=False, probability_threshold=None, experiment_custom_tags=None, verbose=False, system=False, add_to_model_list=True, metrics=None, display=<pycaret.internal.display.display.CommonDisplay object at 0x7fb8e18e35b0>, model_only=True, return_train_score=False, error_score=0.0, kwargs={})
2024-11-27 23:25:17,633:INFO:Checking exceptions
2024-11-27 23:25:17,633:INFO:Importing libraries
2024-11-27 23:25:17,633:INFO:Copying training dataset
2024-11-27 23:25:17,740:INFO:Defining folds
2024-11-27 23:25:17,741:INFO:Declaring metric variables
2024-11-27 23:25:17,746:INFO:Importing untrained model
2024-11-27 23:25:17,753:INFO:Light Gradient Boosting Machine Imported successfully
2024-11-27 23:25:17,778:INFO:Starting cross validation
2024-11-27 23:25:17,780:INFO:Cross validating with StratifiedKFold(n_splits=5, random_state=None, shuffle=False), n_jobs=-1
2024-11-27 23:33:49,624:INFO:Calculating mean and std
2024-11-27 23:33:49,626:INFO:Creating metrics dataframe
2024-11-27 23:33:49,630:INFO:Uploading results into container
2024-11-27 23:33:49,631:INFO:Uploading model into container now
2024-11-27 23:33:49,632:INFO:_master_model_container: 14
2024-11-27 23:33:49,632:INFO:_display_container: 2
2024-11-27 23:33:49,640:INFO:LGBMClassifier(boosting_type='gbdt', class_weight=None, colsample_bytree=1.0,
               importance_type='split', learning_rate=0.1, max_depth=-1,
               min_child_samples=20, min_child_weight=0.001, min_split_gain=0.0,
               n_estimators=100, n_jobs=-1, num_leaves=31, objective=None,
               random_state=123, reg_alpha=0.0, reg_lambda=0.0, subsample=1.0,
               subsample_for_bin=200000, subsample_freq=0)
2024-11-27 23:33:49,640:INFO:create_model() successfully completed......................................
2024-11-27 23:33:49,820:INFO:SubProcess create_model() end ==================================
2024-11-27 23:33:49,821:INFO:Creating metrics dataframe
2024-11-27 23:33:49,842:INFO:Initializing CatBoost Classifier
2024-11-27 23:33:49,842:INFO:Total runtime is 12.5342236439387 minutes
2024-11-27 23:33:49,848:INFO:SubProcess create_model() called ==================================
2024-11-27 23:33:49,849:INFO:Initializing create_model()
2024-11-27 23:33:49,849:INFO:create_model(self=<pycaret.classification.oop.ClassificationExperiment object at 0x7fb8f9675510>, estimator=catboost, fold=StratifiedKFold(n_splits=5, random_state=None, shuffle=False), round=4, cross_validation=True, predict=True, fit_kwargs={}, groups=None, refit=False, probability_threshold=None, experiment_custom_tags=None, verbose=False, system=False, add_to_model_list=True, metrics=None, display=<pycaret.internal.display.display.CommonDisplay object at 0x7fb8e18e35b0>, model_only=True, return_train_score=False, error_score=0.0, kwargs={})
2024-11-27 23:33:49,850:INFO:Checking exceptions
2024-11-27 23:33:49,850:INFO:Importing libraries
2024-11-27 23:33:49,850:INFO:Copying training dataset
2024-11-27 23:33:49,963:INFO:Defining folds
2024-11-27 23:33:49,963:INFO:Declaring metric variables
2024-11-27 23:33:49,969:INFO:Importing untrained model
2024-11-27 23:33:49,975:INFO:CatBoost Classifier Imported successfully
2024-11-27 23:33:49,995:INFO:Starting cross validation
2024-11-27 23:33:50,001:INFO:Cross validating with StratifiedKFold(n_splits=5, random_state=None, shuffle=False), n_jobs=-1
2024-11-27 23:35:45,301:INFO:Calculating mean and std
2024-11-27 23:35:45,303:INFO:Creating metrics dataframe
2024-11-27 23:35:45,307:INFO:Uploading results into container
2024-11-27 23:35:45,308:INFO:Uploading model into container now
2024-11-27 23:35:45,309:INFO:_master_model_container: 15
2024-11-27 23:35:45,310:INFO:_display_container: 2
2024-11-27 23:35:45,310:INFO:<catboost.core.CatBoostClassifier object at 0x7fb8f943ddb0>
2024-11-27 23:35:45,310:INFO:create_model() successfully completed......................................
2024-11-27 23:35:45,493:INFO:SubProcess create_model() end ==================================
2024-11-27 23:35:45,494:INFO:Creating metrics dataframe
2024-11-27 23:35:45,508:INFO:Initializing Dummy Classifier
2024-11-27 23:35:45,509:INFO:Total runtime is 14.461998800436655 minutes
2024-11-27 23:35:45,516:INFO:SubProcess create_model() called ==================================
2024-11-27 23:35:45,516:INFO:Initializing create_model()
2024-11-27 23:35:45,517:INFO:create_model(self=<pycaret.classification.oop.ClassificationExperiment object at 0x7fb8f9675510>, estimator=dummy, fold=StratifiedKFold(n_splits=5, random_state=None, shuffle=False), round=4, cross_validation=True, predict=True, fit_kwargs={}, groups=None, refit=False, probability_threshold=None, experiment_custom_tags=None, verbose=False, system=False, add_to_model_list=True, metrics=None, display=<pycaret.internal.display.display.CommonDisplay object at 0x7fb8e18e35b0>, model_only=True, return_train_score=False, error_score=0.0, kwargs={})
2024-11-27 23:35:45,517:INFO:Checking exceptions
2024-11-27 23:35:45,517:INFO:Importing libraries
2024-11-27 23:35:45,517:INFO:Copying training dataset
2024-11-27 23:35:45,617:INFO:Defining folds
2024-11-27 23:35:45,618:INFO:Declaring metric variables
2024-11-27 23:35:45,624:INFO:Importing untrained model
2024-11-27 23:35:45,630:INFO:Dummy Classifier Imported successfully
2024-11-27 23:35:45,653:INFO:Starting cross validation
2024-11-27 23:35:45,656:INFO:Cross validating with StratifiedKFold(n_splits=5, random_state=None, shuffle=False), n_jobs=-1
2024-11-27 23:35:47,070:INFO:Calculating mean and std
2024-11-27 23:35:47,072:INFO:Creating metrics dataframe
2024-11-27 23:35:47,075:INFO:Uploading results into container
2024-11-27 23:35:47,076:INFO:Uploading model into container now
2024-11-27 23:35:47,078:INFO:_master_model_container: 16
2024-11-27 23:35:47,078:INFO:_display_container: 2
2024-11-27 23:35:47,085:INFO:DummyClassifier(constant=None, random_state=123, strategy='prior')
2024-11-27 23:35:47,085:INFO:create_model() successfully completed......................................
2024-11-27 23:35:47,270:INFO:SubProcess create_model() end ==================================
2024-11-27 23:35:47,270:INFO:Creating metrics dataframe
2024-11-27 23:35:47,288:WARNING:/home/damiatus/.local/lib/python3.10/site-packages/pycaret/internal/pycaret_experiment/supervised_experiment.py:323: FutureWarning: Styler.applymap has been deprecated. Use Styler.map instead.
  master_display_.apply(

2024-11-27 23:35:47,308:INFO:Initializing create_model()
2024-11-27 23:35:47,309:INFO:create_model(self=<pycaret.classification.oop.ClassificationExperiment object at 0x7fb8f9675510>, estimator=ExtraTreesClassifier(bootstrap=False, ccp_alpha=0.0, class_weight=None,
                     criterion='gini', max_depth=None, max_features='sqrt',
                     max_leaf_nodes=None, max_samples=None,
                     min_impurity_decrease=0.0, min_samples_leaf=1,
                     min_samples_split=2, min_weight_fraction_leaf=0.0,
                     monotonic_cst=None, n_estimators=100, n_jobs=-1,
                     oob_score=False, random_state=123, verbose=0,
                     warm_start=False), fold=StratifiedKFold(n_splits=5, random_state=None, shuffle=False), round=4, cross_validation=False, predict=False, fit_kwargs={}, groups=None, refit=True, probability_threshold=None, experiment_custom_tags=None, verbose=False, system=False, add_to_model_list=True, metrics=None, display=None, model_only=True, return_train_score=False, error_score=0.0, kwargs={})
2024-11-27 23:35:47,309:INFO:Checking exceptions
2024-11-27 23:35:47,321:INFO:Importing libraries
2024-11-27 23:35:47,321:INFO:Copying training dataset
2024-11-27 23:35:47,474:INFO:Defining folds
2024-11-27 23:35:47,474:INFO:Declaring metric variables
2024-11-27 23:35:47,474:INFO:Importing untrained model
2024-11-27 23:35:47,474:INFO:Declaring custom model
2024-11-27 23:35:47,476:INFO:Extra Trees Classifier Imported successfully
2024-11-27 23:35:47,478:INFO:Cross validation set to False
2024-11-27 23:35:47,478:INFO:Fitting Model
2024-11-27 23:35:50,543:INFO:ExtraTreesClassifier(bootstrap=False, ccp_alpha=0.0, class_weight=None,
                     criterion='gini', max_depth=None, max_features='sqrt',
                     max_leaf_nodes=None, max_samples=None,
                     min_impurity_decrease=0.0, min_samples_leaf=1,
                     min_samples_split=2, min_weight_fraction_leaf=0.0,
                     monotonic_cst=None, n_estimators=100, n_jobs=-1,
                     oob_score=False, random_state=123, verbose=0,
                     warm_start=False)
2024-11-27 23:35:50,543:INFO:create_model() successfully completed......................................
2024-11-27 23:35:50,869:INFO:_master_model_container: 16
2024-11-27 23:35:50,869:INFO:_display_container: 2
2024-11-27 23:35:50,870:INFO:ExtraTreesClassifier(bootstrap=False, ccp_alpha=0.0, class_weight=None,
                     criterion='gini', max_depth=None, max_features='sqrt',
                     max_leaf_nodes=None, max_samples=None,
                     min_impurity_decrease=0.0, min_samples_leaf=1,
                     min_samples_split=2, min_weight_fraction_leaf=0.0,
                     monotonic_cst=None, n_estimators=100, n_jobs=-1,
                     oob_score=False, random_state=123, verbose=0,
                     warm_start=False)
2024-11-27 23:35:50,870:INFO:compare_models() successfully completed......................................
2024-11-27 23:38:51,344:INFO:gpu_param set to False
2024-11-27 23:38:51,672:INFO:Soft dependency imported: xgboost: 2.1.1
2024-11-27 23:38:51,676:INFO:Soft dependency imported: catboost: 1.2.7
2024-11-27 23:38:51,816:INFO:Soft dependency imported: xgboost: 2.1.1
2024-11-27 23:38:51,823:INFO:Soft dependency imported: catboost: 1.2.7
2024-11-27 23:39:21,765:INFO:gpu_param set to False
2024-11-27 23:39:21,919:INFO:Soft dependency imported: xgboost: 2.1.1
2024-11-27 23:39:21,924:INFO:Soft dependency imported: catboost: 1.2.7
2024-11-27 23:39:22,053:INFO:Soft dependency imported: xgboost: 2.1.1
2024-11-27 23:39:22,057:INFO:Soft dependency imported: catboost: 1.2.7
2024-11-27 23:40:57,395:INFO:Initializing create_model()
2024-11-27 23:40:57,399:INFO:create_model(self=<pycaret.classification.oop.ClassificationExperiment object at 0x7fb8f9675510>, estimator=rf, fold=None, round=4, cross_validation=True, predict=True, fit_kwargs=None, groups=None, refit=True, probability_threshold=None, experiment_custom_tags=None, verbose=True, system=True, add_to_model_list=True, metrics=None, display=None, model_only=True, return_train_score=False, error_score=0.0, kwargs={})
2024-11-27 23:40:57,399:INFO:Checking exceptions
2024-11-27 23:40:57,448:INFO:Importing libraries
2024-11-27 23:40:57,448:INFO:Copying training dataset
2024-11-27 23:40:57,737:INFO:Defining folds
2024-11-27 23:40:57,737:INFO:Declaring metric variables
2024-11-27 23:40:57,743:INFO:Importing untrained model
2024-11-27 23:40:57,752:INFO:Random Forest Classifier Imported successfully
2024-11-27 23:40:57,779:INFO:Starting cross validation
2024-11-27 23:40:57,782:INFO:Cross validating with StratifiedKFold(n_splits=5, random_state=None, shuffle=False), n_jobs=-1
2024-11-27 23:41:22,208:INFO:gpu_param set to False
2024-11-27 23:41:22,331:INFO:Soft dependency imported: xgboost: 2.1.1
2024-11-27 23:41:22,335:INFO:Soft dependency imported: catboost: 1.2.7
2024-11-27 23:41:22,445:INFO:Soft dependency imported: xgboost: 2.1.1
2024-11-27 23:41:22,450:INFO:Soft dependency imported: catboost: 1.2.7
2024-11-27 23:41:34,382:INFO:Initializing finalize_model()
2024-11-27 23:41:34,383:INFO:finalize_model(self=<pycaret.classification.oop.ClassificationExperiment object at 0x7fb8f9675510>, estimator=ExtraTreesClassifier(bootstrap=False, ccp_alpha=0.0, class_weight=None,
                     criterion='gini', max_depth=None, max_features='sqrt',
                     max_leaf_nodes=None, max_samples=None,
                     min_impurity_decrease=0.0, min_samples_leaf=1,
                     min_samples_split=2, min_weight_fraction_leaf=0.0,
                     monotonic_cst=None, n_estimators=100, n_jobs=-1,
                     oob_score=False, random_state=123, verbose=0,
                     warm_start=False), fit_kwargs=None, groups=None, model_only=False, experiment_custom_tags=None)
2024-11-27 23:41:34,385:INFO:Finalizing ExtraTreesClassifier(bootstrap=False, ccp_alpha=0.0, class_weight=None,
                     criterion='gini', max_depth=None, max_features='sqrt',
                     max_leaf_nodes=None, max_samples=None,
                     min_impurity_decrease=0.0, min_samples_leaf=1,
                     min_samples_split=2, min_weight_fraction_leaf=0.0,
                     monotonic_cst=None, n_estimators=100, n_jobs=-1,
                     oob_score=False, random_state=123, verbose=0,
                     warm_start=False)
2024-11-27 23:41:34,467:INFO:Initializing create_model()
2024-11-27 23:41:34,467:INFO:create_model(self=<pycaret.classification.oop.ClassificationExperiment object at 0x7fb8f9675510>, estimator=ExtraTreesClassifier(bootstrap=False, ccp_alpha=0.0, class_weight=None,
                     criterion='gini', max_depth=None, max_features='sqrt',
                     max_leaf_nodes=None, max_samples=None,
                     min_impurity_decrease=0.0, min_samples_leaf=1,
                     min_samples_split=2, min_weight_fraction_leaf=0.0,
                     monotonic_cst=None, n_estimators=100, n_jobs=-1,
                     oob_score=False, random_state=123, verbose=0,
                     warm_start=False), fold=None, round=4, cross_validation=False, predict=False, fit_kwargs={}, groups=None, refit=True, probability_threshold=None, experiment_custom_tags=None, verbose=False, system=False, add_to_model_list=False, metrics=None, display=None, model_only=False, return_train_score=False, error_score=0.0, kwargs={})
2024-11-27 23:41:34,467:INFO:Checking exceptions
2024-11-27 23:41:34,470:INFO:Importing libraries
2024-11-27 23:41:34,470:INFO:Copying training dataset
2024-11-27 23:41:34,481:INFO:Defining folds
2024-11-27 23:41:34,481:INFO:Declaring metric variables
2024-11-27 23:41:34,481:INFO:Importing untrained model
2024-11-27 23:41:34,481:INFO:Declaring custom model
2024-11-27 23:41:34,482:INFO:Extra Trees Classifier Imported successfully
2024-11-27 23:41:34,485:INFO:Cross validation set to False
2024-11-27 23:41:34,486:INFO:Fitting Model
2024-11-27 23:41:37,100:INFO:Pipeline(memory=Memory(location=None),
         steps=[('date_feature_extractor',
                 TransformerWrapper(exclude=None,
                                    include=['borrow_timestamp',
                                             'first_tx_timestamp',
                                             'last_tx_timestamp'],
                                    transformer=ExtractDateTimeFeatures(features=['day',
                                                                                  'month',
                                                                                  'year']))),
                ('numerical_imputer',
                 TransformerWrapper(exclude=None,
                                    include=['wallet_age', 'incoming_tx_count',
                                             'outgoing_t...
                 ExtraTreesClassifier(bootstrap=False, ccp_alpha=0.0,
                                      class_weight=None, criterion='gini',
                                      max_depth=None, max_features='sqrt',
                                      max_leaf_nodes=None, max_samples=None,
                                      min_impurity_decrease=0.0,
                                      min_samples_leaf=1, min_samples_split=2,
                                      min_weight_fraction_leaf=0.0,
                                      monotonic_cst=None, n_estimators=100,
                                      n_jobs=-1, oob_score=False,
                                      random_state=123, verbose=0,
                                      warm_start=False))],
         verbose=False)
2024-11-27 23:41:37,101:INFO:create_model() successfully completed......................................
2024-11-27 23:41:37,453:INFO:_master_model_container: 16
2024-11-27 23:41:37,454:INFO:_display_container: 2
2024-11-27 23:41:37,535:INFO:Pipeline(memory=Memory(location=None),
         steps=[('date_feature_extractor',
                 TransformerWrapper(exclude=None,
                                    include=['borrow_timestamp',
                                             'first_tx_timestamp',
                                             'last_tx_timestamp'],
                                    transformer=ExtractDateTimeFeatures(features=['day',
                                                                                  'month',
                                                                                  'year']))),
                ('numerical_imputer',
                 TransformerWrapper(exclude=None,
                                    include=['wallet_age', 'incoming_tx_count',
                                             'outgoing_t...
                 ExtraTreesClassifier(bootstrap=False, ccp_alpha=0.0,
                                      class_weight=None, criterion='gini',
                                      max_depth=None, max_features='sqrt',
                                      max_leaf_nodes=None, max_samples=None,
                                      min_impurity_decrease=0.0,
                                      min_samples_leaf=1, min_samples_split=2,
                                      min_weight_fraction_leaf=0.0,
                                      monotonic_cst=None, n_estimators=100,
                                      n_jobs=-1, oob_score=False,
                                      random_state=123, verbose=0,
                                      warm_start=False))],
         verbose=False)
2024-11-27 23:41:37,535:INFO:finalize_model() successfully completed......................................
2024-11-27 23:42:00,577:INFO:Initializing finalize_model()
2024-11-27 23:42:00,577:INFO:finalize_model(self=<pycaret.classification.oop.ClassificationExperiment object at 0x7fb8f9675510>, estimator=ExtraTreesClassifier(bootstrap=False, ccp_alpha=0.0, class_weight=None,
                     criterion='gini', max_depth=None, max_features='sqrt',
                     max_leaf_nodes=None, max_samples=None,
                     min_impurity_decrease=0.0, min_samples_leaf=1,
                     min_samples_split=2, min_weight_fraction_leaf=0.0,
                     monotonic_cst=None, n_estimators=100, n_jobs=-1,
                     oob_score=False, random_state=123, verbose=0,
                     warm_start=False), fit_kwargs=None, groups=None, model_only=False, experiment_custom_tags=None)
2024-11-27 23:42:00,578:INFO:Finalizing ExtraTreesClassifier(bootstrap=False, ccp_alpha=0.0, class_weight=None,
                     criterion='gini', max_depth=None, max_features='sqrt',
                     max_leaf_nodes=None, max_samples=None,
                     min_impurity_decrease=0.0, min_samples_leaf=1,
                     min_samples_split=2, min_weight_fraction_leaf=0.0,
                     monotonic_cst=None, n_estimators=100, n_jobs=-1,
                     oob_score=False, random_state=123, verbose=0,
                     warm_start=False)
2024-11-27 23:42:00,688:INFO:Initializing create_model()
2024-11-27 23:42:00,688:INFO:create_model(self=<pycaret.classification.oop.ClassificationExperiment object at 0x7fb8f9675510>, estimator=ExtraTreesClassifier(bootstrap=False, ccp_alpha=0.0, class_weight=None,
                     criterion='gini', max_depth=None, max_features='sqrt',
                     max_leaf_nodes=None, max_samples=None,
                     min_impurity_decrease=0.0, min_samples_leaf=1,
                     min_samples_split=2, min_weight_fraction_leaf=0.0,
                     monotonic_cst=None, n_estimators=100, n_jobs=-1,
                     oob_score=False, random_state=123, verbose=0,
                     warm_start=False), fold=None, round=4, cross_validation=False, predict=False, fit_kwargs={}, groups=None, refit=True, probability_threshold=None, experiment_custom_tags=None, verbose=False, system=False, add_to_model_list=False, metrics=None, display=None, model_only=False, return_train_score=False, error_score=0.0, kwargs={})
2024-11-27 23:42:00,688:INFO:Checking exceptions
2024-11-27 23:42:00,692:INFO:Importing libraries
2024-11-27 23:42:00,692:INFO:Copying training dataset
2024-11-27 23:42:00,788:INFO:Defining folds
2024-11-27 23:42:00,788:INFO:Declaring metric variables
2024-11-27 23:42:00,788:INFO:Importing untrained model
2024-11-27 23:42:00,788:INFO:Declaring custom model
2024-11-27 23:42:00,789:INFO:Extra Trees Classifier Imported successfully
2024-11-27 23:42:00,792:INFO:Cross validation set to False
2024-11-27 23:42:00,792:INFO:Fitting Model
2024-11-27 23:42:03,421:INFO:Pipeline(memory=Memory(location=None),
         steps=[('date_feature_extractor',
                 TransformerWrapper(exclude=None,
                                    include=['borrow_timestamp',
                                             'first_tx_timestamp',
                                             'last_tx_timestamp'],
                                    transformer=ExtractDateTimeFeatures(features=['day',
                                                                                  'month',
                                                                                  'year']))),
                ('numerical_imputer',
                 TransformerWrapper(exclude=None,
                                    include=['wallet_age', 'incoming_tx_count',
                                             'outgoing_t...
                 ExtraTreesClassifier(bootstrap=False, ccp_alpha=0.0,
                                      class_weight=None, criterion='gini',
                                      max_depth=None, max_features='sqrt',
                                      max_leaf_nodes=None, max_samples=None,
                                      min_impurity_decrease=0.0,
                                      min_samples_leaf=1, min_samples_split=2,
                                      min_weight_fraction_leaf=0.0,
                                      monotonic_cst=None, n_estimators=100,
                                      n_jobs=-1, oob_score=False,
                                      random_state=123, verbose=0,
                                      warm_start=False))],
         verbose=False)
2024-11-27 23:42:03,422:INFO:create_model() successfully completed......................................
2024-11-27 23:42:03,599:INFO:_master_model_container: 16
2024-11-27 23:42:03,599:INFO:_display_container: 2
2024-11-27 23:42:03,638:INFO:Pipeline(memory=Memory(location=None),
         steps=[('date_feature_extractor',
                 TransformerWrapper(exclude=None,
                                    include=['borrow_timestamp',
                                             'first_tx_timestamp',
                                             'last_tx_timestamp'],
                                    transformer=ExtractDateTimeFeatures(features=['day',
                                                                                  'month',
                                                                                  'year']))),
                ('numerical_imputer',
                 TransformerWrapper(exclude=None,
                                    include=['wallet_age', 'incoming_tx_count',
                                             'outgoing_t...
                 ExtraTreesClassifier(bootstrap=False, ccp_alpha=0.0,
                                      class_weight=None, criterion='gini',
                                      max_depth=None, max_features='sqrt',
                                      max_leaf_nodes=None, max_samples=None,
                                      min_impurity_decrease=0.0,
                                      min_samples_leaf=1, min_samples_split=2,
                                      min_weight_fraction_leaf=0.0,
                                      monotonic_cst=None, n_estimators=100,
                                      n_jobs=-1, oob_score=False,
                                      random_state=123, verbose=0,
                                      warm_start=False))],
         verbose=False)
2024-11-27 23:42:03,638:INFO:finalize_model() successfully completed......................................
2024-11-27 23:42:06,010:INFO:Initializing predict_model()
2024-11-27 23:42:06,011:INFO:predict_model(self=<pycaret.classification.oop.ClassificationExperiment object at 0x7fb8f9675510>, estimator=Pipeline(memory=Memory(location=None),
         steps=[('date_feature_extractor',
                 TransformerWrapper(exclude=None,
                                    include=['borrow_timestamp',
                                             'first_tx_timestamp',
                                             'last_tx_timestamp'],
                                    transformer=ExtractDateTimeFeatures(features=['day',
                                                                                  'month',
                                                                                  'year']))),
                ('numerical_imputer',
                 TransformerWrapper(exclude=None,
                                    include=['wallet_age', 'incoming_tx_count',
                                             'outgoing_t...
                 ExtraTreesClassifier(bootstrap=False, ccp_alpha=0.0,
                                      class_weight=None, criterion='gini',
                                      max_depth=None, max_features='sqrt',
                                      max_leaf_nodes=None, max_samples=None,
                                      min_impurity_decrease=0.0,
                                      min_samples_leaf=1, min_samples_split=2,
                                      min_weight_fraction_leaf=0.0,
                                      monotonic_cst=None, n_estimators=100,
                                      n_jobs=-1, oob_score=False,
                                      random_state=123, verbose=0,
                                      warm_start=False))],
         verbose=False), probability_threshold=None, encoded_labels=False, raw_score=False, round=4, verbose=True, ml_usecase=None, preprocess=True, encode_labels=<function _SupervisedExperiment.predict_model.<locals>.encode_labels at 0x7fb8e19be3b0>)
2024-11-27 23:42:06,011:INFO:Checking exceptions
2024-11-27 23:42:06,011:INFO:Preloading libraries
2024-11-27 23:42:06,014:INFO:Set up data.
2024-11-27 23:42:06,052:INFO:Set up index.
2024-11-27 23:42:17,890:INFO:Initializing predict_model()
2024-11-27 23:42:17,890:INFO:predict_model(self=<pycaret.classification.oop.ClassificationExperiment object at 0x7fb8f9675510>, estimator=Pipeline(memory=Memory(location=None),
         steps=[('date_feature_extractor',
                 TransformerWrapper(exclude=None,
                                    include=['borrow_timestamp',
                                             'first_tx_timestamp',
                                             'last_tx_timestamp'],
                                    transformer=ExtractDateTimeFeatures(features=['day',
                                                                                  'month',
                                                                                  'year']))),
                ('numerical_imputer',
                 TransformerWrapper(exclude=None,
                                    include=['wallet_age', 'incoming_tx_count',
                                             'outgoing_t...
                 ExtraTreesClassifier(bootstrap=False, ccp_alpha=0.0,
                                      class_weight=None, criterion='gini',
                                      max_depth=None, max_features='sqrt',
                                      max_leaf_nodes=None, max_samples=None,
                                      min_impurity_decrease=0.0,
                                      min_samples_leaf=1, min_samples_split=2,
                                      min_weight_fraction_leaf=0.0,
                                      monotonic_cst=None, n_estimators=100,
                                      n_jobs=-1, oob_score=False,
                                      random_state=123, verbose=0,
                                      warm_start=False))],
         verbose=False), probability_threshold=None, encoded_labels=False, raw_score=False, round=4, verbose=True, ml_usecase=None, preprocess=True, encode_labels=<function _SupervisedExperiment.predict_model.<locals>.encode_labels at 0x7fb8f911e170>)
2024-11-27 23:42:17,890:INFO:Checking exceptions
2024-11-27 23:42:17,890:INFO:Preloading libraries
2024-11-27 23:42:17,900:INFO:Set up data.
2024-11-27 23:42:17,955:INFO:Set up index.
2024-11-27 23:43:32,155:INFO:Initializing predict_model()
2024-11-27 23:43:32,155:INFO:predict_model(self=<pycaret.classification.oop.ClassificationExperiment object at 0x7fb8f9675510>, estimator=Pipeline(memory=Memory(location=None),
         steps=[('date_feature_extractor',
                 TransformerWrapper(exclude=None,
                                    include=['borrow_timestamp',
                                             'first_tx_timestamp',
                                             'last_tx_timestamp'],
                                    transformer=ExtractDateTimeFeatures(features=['day',
                                                                                  'month',
                                                                                  'year']))),
                ('numerical_imputer',
                 TransformerWrapper(exclude=None,
                                    include=['wallet_age', 'incoming_tx_count',
                                             'outgoing_t...
                 ExtraTreesClassifier(bootstrap=False, ccp_alpha=0.0,
                                      class_weight=None, criterion='gini',
                                      max_depth=None, max_features='sqrt',
                                      max_leaf_nodes=None, max_samples=None,
                                      min_impurity_decrease=0.0,
                                      min_samples_leaf=1, min_samples_split=2,
                                      min_weight_fraction_leaf=0.0,
                                      monotonic_cst=None, n_estimators=100,
                                      n_jobs=-1, oob_score=False,
                                      random_state=123, verbose=0,
                                      warm_start=False))],
         verbose=False), probability_threshold=None, encoded_labels=False, raw_score=False, round=4, verbose=True, ml_usecase=None, preprocess=True, encode_labels=<function _SupervisedExperiment.predict_model.<locals>.encode_labels at 0x7fb8f911f2e0>)
2024-11-27 23:43:32,155:INFO:Checking exceptions
2024-11-27 23:43:32,155:INFO:Preloading libraries
2024-11-27 23:43:32,167:INFO:Set up data.
2024-11-27 23:43:32,215:INFO:Set up index.
2024-11-27 23:43:43,998:INFO:Initializing predict_model()
2024-11-27 23:43:43,999:INFO:predict_model(self=<pycaret.classification.oop.ClassificationExperiment object at 0x7fb8f9675510>, estimator=Pipeline(memory=Memory(location=None),
         steps=[('date_feature_extractor',
                 TransformerWrapper(exclude=None,
                                    include=['borrow_timestamp',
                                             'first_tx_timestamp',
                                             'last_tx_timestamp'],
                                    transformer=ExtractDateTimeFeatures(features=['day',
                                                                                  'month',
                                                                                  'year']))),
                ('numerical_imputer',
                 TransformerWrapper(exclude=None,
                                    include=['wallet_age', 'incoming_tx_count',
                                             'outgoing_t...
                 ExtraTreesClassifier(bootstrap=False, ccp_alpha=0.0,
                                      class_weight=None, criterion='gini',
                                      max_depth=None, max_features='sqrt',
                                      max_leaf_nodes=None, max_samples=None,
                                      min_impurity_decrease=0.0,
                                      min_samples_leaf=1, min_samples_split=2,
                                      min_weight_fraction_leaf=0.0,
                                      monotonic_cst=None, n_estimators=100,
                                      n_jobs=-1, oob_score=False,
                                      random_state=123, verbose=0,
                                      warm_start=False))],
         verbose=False), probability_threshold=None, encoded_labels=False, raw_score=False, round=4, verbose=True, ml_usecase=None, preprocess=True, encode_labels=<function _SupervisedExperiment.predict_model.<locals>.encode_labels at 0x7fb8f911ea70>)
2024-11-27 23:43:43,999:INFO:Checking exceptions
2024-11-27 23:43:43,999:INFO:Preloading libraries
2024-11-27 23:43:44,011:INFO:Set up data.
2024-11-27 23:43:44,078:INFO:Set up index.
2024-11-27 23:44:35,589:INFO:Initializing predict_model()
2024-11-27 23:44:35,589:INFO:predict_model(self=<pycaret.classification.oop.ClassificationExperiment object at 0x7fb8f9675510>, estimator=Pipeline(memory=Memory(location=None),
         steps=[('date_feature_extractor',
                 TransformerWrapper(exclude=None,
                                    include=['borrow_timestamp',
                                             'first_tx_timestamp',
                                             'last_tx_timestamp'],
                                    transformer=ExtractDateTimeFeatures(features=['day',
                                                                                  'month',
                                                                                  'year']))),
                ('numerical_imputer',
                 TransformerWrapper(exclude=None,
                                    include=['wallet_age', 'incoming_tx_count',
                                             'outgoing_t...
                 ExtraTreesClassifier(bootstrap=False, ccp_alpha=0.0,
                                      class_weight=None, criterion='gini',
                                      max_depth=None, max_features='sqrt',
                                      max_leaf_nodes=None, max_samples=None,
                                      min_impurity_decrease=0.0,
                                      min_samples_leaf=1, min_samples_split=2,
                                      min_weight_fraction_leaf=0.0,
                                      monotonic_cst=None, n_estimators=100,
                                      n_jobs=-1, oob_score=False,
                                      random_state=123, verbose=0,
                                      warm_start=False))],
         verbose=False), probability_threshold=None, encoded_labels=False, raw_score=False, round=4, verbose=True, ml_usecase=None, preprocess=True, encode_labels=<function _SupervisedExperiment.predict_model.<locals>.encode_labels at 0x7fb8f911f250>)
2024-11-27 23:44:35,589:INFO:Checking exceptions
2024-11-27 23:44:35,589:INFO:Preloading libraries
2024-11-27 23:44:35,592:INFO:Set up data.
2024-11-27 23:44:35,657:INFO:Set up index.
2024-11-27 23:44:41,518:INFO:Initializing predict_model()
2024-11-27 23:44:41,519:INFO:predict_model(self=<pycaret.classification.oop.ClassificationExperiment object at 0x7fb8f9675510>, estimator=Pipeline(memory=Memory(location=None),
         steps=[('date_feature_extractor',
                 TransformerWrapper(exclude=None,
                                    include=['borrow_timestamp',
                                             'first_tx_timestamp',
                                             'last_tx_timestamp'],
                                    transformer=ExtractDateTimeFeatures(features=['day',
                                                                                  'month',
                                                                                  'year']))),
                ('numerical_imputer',
                 TransformerWrapper(exclude=None,
                                    include=['wallet_age', 'incoming_tx_count',
                                             'outgoing_t...
                 ExtraTreesClassifier(bootstrap=False, ccp_alpha=0.0,
                                      class_weight=None, criterion='gini',
                                      max_depth=None, max_features='sqrt',
                                      max_leaf_nodes=None, max_samples=None,
                                      min_impurity_decrease=0.0,
                                      min_samples_leaf=1, min_samples_split=2,
                                      min_weight_fraction_leaf=0.0,
                                      monotonic_cst=None, n_estimators=100,
                                      n_jobs=-1, oob_score=False,
                                      random_state=123, verbose=0,
                                      warm_start=False))],
         verbose=False), probability_threshold=None, encoded_labels=False, raw_score=False, round=4, verbose=True, ml_usecase=None, preprocess=True, encode_labels=<function _SupervisedExperiment.predict_model.<locals>.encode_labels at 0x7fb8e19bfa30>)
2024-11-27 23:44:41,519:INFO:Checking exceptions
2024-11-27 23:44:41,519:INFO:Preloading libraries
2024-11-27 23:44:41,522:INFO:Set up data.
2024-11-27 23:44:41,569:INFO:Set up index.
2024-11-27 23:44:54,791:INFO:Initializing predict_model()
2024-11-27 23:44:54,791:INFO:predict_model(self=<pycaret.classification.oop.ClassificationExperiment object at 0x7fb8f9675510>, estimator=Pipeline(memory=Memory(location=None),
         steps=[('date_feature_extractor',
                 TransformerWrapper(exclude=None,
                                    include=['borrow_timestamp',
                                             'first_tx_timestamp',
                                             'last_tx_timestamp'],
                                    transformer=ExtractDateTimeFeatures(features=['day',
                                                                                  'month',
                                                                                  'year']))),
                ('numerical_imputer',
                 TransformerWrapper(exclude=None,
                                    include=['wallet_age', 'incoming_tx_count',
                                             'outgoing_t...
                 ExtraTreesClassifier(bootstrap=False, ccp_alpha=0.0,
                                      class_weight=None, criterion='gini',
                                      max_depth=None, max_features='sqrt',
                                      max_leaf_nodes=None, max_samples=None,
                                      min_impurity_decrease=0.0,
                                      min_samples_leaf=1, min_samples_split=2,
                                      min_weight_fraction_leaf=0.0,
                                      monotonic_cst=None, n_estimators=100,
                                      n_jobs=-1, oob_score=False,
                                      random_state=123, verbose=0,
                                      warm_start=False))],
         verbose=False), probability_threshold=None, encoded_labels=False, raw_score=False, round=4, verbose=True, ml_usecase=None, preprocess=True, encode_labels=<function _SupervisedExperiment.predict_model.<locals>.encode_labels at 0x7fb8e1886170>)
2024-11-27 23:44:54,791:INFO:Checking exceptions
2024-11-27 23:44:54,791:INFO:Preloading libraries
2024-11-27 23:44:54,795:INFO:Set up data.
2024-11-27 23:44:54,840:INFO:Set up index.
2024-11-27 23:45:09,447:INFO:Initializing predict_model()
2024-11-27 23:45:09,447:INFO:predict_model(self=<pycaret.classification.oop.ClassificationExperiment object at 0x7fb8f9675510>, estimator=Pipeline(memory=Memory(location=None),
         steps=[('date_feature_extractor',
                 TransformerWrapper(exclude=None,
                                    include=['borrow_timestamp',
                                             'first_tx_timestamp',
                                             'last_tx_timestamp'],
                                    transformer=ExtractDateTimeFeatures(features=['day',
                                                                                  'month',
                                                                                  'year']))),
                ('numerical_imputer',
                 TransformerWrapper(exclude=None,
                                    include=['wallet_age', 'incoming_tx_count',
                                             'outgoing_t...
                 ExtraTreesClassifier(bootstrap=False, ccp_alpha=0.0,
                                      class_weight=None, criterion='gini',
                                      max_depth=None, max_features='sqrt',
                                      max_leaf_nodes=None, max_samples=None,
                                      min_impurity_decrease=0.0,
                                      min_samples_leaf=1, min_samples_split=2,
                                      min_weight_fraction_leaf=0.0,
                                      monotonic_cst=None, n_estimators=100,
                                      n_jobs=-1, oob_score=False,
                                      random_state=123, verbose=0,
                                      warm_start=False))],
         verbose=False), probability_threshold=None, encoded_labels=False, raw_score=False, round=4, verbose=True, ml_usecase=None, preprocess=True, encode_labels=<function _SupervisedExperiment.predict_model.<locals>.encode_labels at 0x7fb8e19be050>)
2024-11-27 23:45:09,447:INFO:Checking exceptions
2024-11-27 23:45:09,456:INFO:Preloading libraries
2024-11-27 23:45:09,461:INFO:Set up data.
2024-11-27 23:45:09,516:INFO:Set up index.
2024-11-27 23:45:13,496:INFO:Initializing predict_model()
2024-11-27 23:45:13,497:INFO:predict_model(self=<pycaret.classification.oop.ClassificationExperiment object at 0x7fb8f9675510>, estimator=Pipeline(memory=Memory(location=None),
         steps=[('date_feature_extractor',
                 TransformerWrapper(exclude=None,
                                    include=['borrow_timestamp',
                                             'first_tx_timestamp',
                                             'last_tx_timestamp'],
                                    transformer=ExtractDateTimeFeatures(features=['day',
                                                                                  'month',
                                                                                  'year']))),
                ('numerical_imputer',
                 TransformerWrapper(exclude=None,
                                    include=['wallet_age', 'incoming_tx_count',
                                             'outgoing_t...
                 ExtraTreesClassifier(bootstrap=False, ccp_alpha=0.0,
                                      class_weight=None, criterion='gini',
                                      max_depth=None, max_features='sqrt',
                                      max_leaf_nodes=None, max_samples=None,
                                      min_impurity_decrease=0.0,
                                      min_samples_leaf=1, min_samples_split=2,
                                      min_weight_fraction_leaf=0.0,
                                      monotonic_cst=None, n_estimators=100,
                                      n_jobs=-1, oob_score=False,
                                      random_state=123, verbose=0,
                                      warm_start=False))],
         verbose=False), probability_threshold=None, encoded_labels=False, raw_score=False, round=4, verbose=True, ml_usecase=None, preprocess=True, encode_labels=<function _SupervisedExperiment.predict_model.<locals>.encode_labels at 0x7fb8e19bf910>)
2024-11-27 23:45:13,497:INFO:Checking exceptions
2024-11-27 23:45:13,497:INFO:Preloading libraries
2024-11-27 23:45:13,501:INFO:Set up data.
2024-11-27 23:45:13,531:INFO:Set up index.
2024-11-27 23:45:29,758:INFO:Initializing plot_model()
2024-11-27 23:45:29,772:INFO:plot_model(plot=confusion_matrix, fold=None, verbose=True, display=None, display_format=None, estimator=Pipeline(memory=Memory(location=None),
         steps=[('date_feature_extractor',
                 TransformerWrapper(exclude=None,
                                    include=['borrow_timestamp',
                                             'first_tx_timestamp',
                                             'last_tx_timestamp'],
                                    transformer=ExtractDateTimeFeatures(features=['day',
                                                                                  'month',
                                                                                  'year']))),
                ('numerical_imputer',
                 TransformerWrapper(exclude=None,
                                    include=['wallet_age', 'incoming_tx_count',
                                             'outgoing_t...
                 ExtraTreesClassifier(bootstrap=False, ccp_alpha=0.0,
                                      class_weight=None, criterion='gini',
                                      max_depth=None, max_features='sqrt',
                                      max_leaf_nodes=None, max_samples=None,
                                      min_impurity_decrease=0.0,
                                      min_samples_leaf=1, min_samples_split=2,
                                      min_weight_fraction_leaf=0.0,
                                      monotonic_cst=None, n_estimators=100,
                                      n_jobs=-1, oob_score=False,
                                      random_state=123, verbose=0,
                                      warm_start=False))],
         verbose=False), feature_name=None, fit_kwargs=None, groups=None, label=False, plot_kwargs=None, save=False, scale=1, self=<pycaret.classification.oop.ClassificationExperiment object at 0x7fb8f9675510>, system=True)
2024-11-27 23:45:29,824:INFO:Checking exceptions
2024-11-27 23:45:30,666:INFO:Preloading libraries
2024-11-27 23:45:30,816:INFO:Copying training dataset
2024-11-27 23:45:30,817:INFO:Plot type: confusion_matrix
2024-11-27 23:45:31,789:INFO:Fitting Model
2024-11-27 23:45:31,789:WARNING:/home/damiatus/.local/lib/python3.10/site-packages/sklearn/base.py:493: UserWarning: X does not have valid feature names, but ExtraTreesClassifier was fitted with feature names
  warnings.warn(

2024-11-27 23:45:31,798:INFO:Scoring test/hold-out set
2024-11-27 23:45:35,856:INFO:Visual Rendered Successfully
2024-11-27 23:45:36,212:INFO:plot_model() successfully completed......................................
2024-11-27 23:45:46,546:INFO:Initializing plot_model()
2024-11-27 23:45:46,549:INFO:plot_model(plot=confusion_matrix, fold=None, verbose=True, display=None, display_format=None, estimator=7677     1
13883    1
7918     0
13040    1
7540     0
        ..
19042    1
24718    0
7893     1
8910     0
2635     1
Name: prediction_label, Length: 4430, dtype: int64, feature_name=None, fit_kwargs=None, groups=None, label=False, plot_kwargs=None, save=False, scale=1, self=<pycaret.classification.oop.ClassificationExperiment object at 0x7fb8f9675510>, system=True)
2024-11-27 23:45:46,549:INFO:Checking exceptions
2024-11-27 23:45:49,852:INFO:Initializing plot_model()
2024-11-27 23:45:49,852:INFO:plot_model(plot=confusion_matrix, fold=None, verbose=True, display=None, display_format=None, estimator=Pipeline(memory=Memory(location=None),
         steps=[('date_feature_extractor',
                 TransformerWrapper(exclude=None,
                                    include=['borrow_timestamp',
                                             'first_tx_timestamp',
                                             'last_tx_timestamp'],
                                    transformer=ExtractDateTimeFeatures(features=['day',
                                                                                  'month',
                                                                                  'year']))),
                ('numerical_imputer',
                 TransformerWrapper(exclude=None,
                                    include=['wallet_age', 'incoming_tx_count',
                                             'outgoing_t...
                 ExtraTreesClassifier(bootstrap=False, ccp_alpha=0.0,
                                      class_weight=None, criterion='gini',
                                      max_depth=None, max_features='sqrt',
                                      max_leaf_nodes=None, max_samples=None,
                                      min_impurity_decrease=0.0,
                                      min_samples_leaf=1, min_samples_split=2,
                                      min_weight_fraction_leaf=0.0,
                                      monotonic_cst=None, n_estimators=100,
                                      n_jobs=-1, oob_score=False,
                                      random_state=123, verbose=0,
                                      warm_start=False))],
         verbose=False), feature_name=None, fit_kwargs=None, groups=None, label=False, plot_kwargs=None, save=False, scale=1, self=<pycaret.classification.oop.ClassificationExperiment object at 0x7fb8f9675510>, system=True)
2024-11-27 23:45:49,852:INFO:Checking exceptions
2024-11-27 23:45:50,347:INFO:Preloading libraries
2024-11-27 23:45:50,393:INFO:Copying training dataset
2024-11-27 23:45:50,393:INFO:Plot type: confusion_matrix
2024-11-27 23:45:51,306:INFO:Fitting Model
2024-11-27 23:45:51,307:WARNING:/home/damiatus/.local/lib/python3.10/site-packages/sklearn/base.py:493: UserWarning: X does not have valid feature names, but ExtraTreesClassifier was fitted with feature names
  warnings.warn(

2024-11-27 23:45:51,307:INFO:Scoring test/hold-out set
2024-11-27 23:45:52,917:INFO:Visual Rendered Successfully
2024-11-27 23:45:53,176:INFO:plot_model() successfully completed......................................
2024-11-27 23:45:55,626:INFO:Initializing plot_model()
2024-11-27 23:45:55,626:INFO:plot_model(plot=class_report, fold=None, verbose=True, display=None, display_format=None, estimator=Pipeline(memory=Memory(location=None),
         steps=[('date_feature_extractor',
                 TransformerWrapper(exclude=None,
                                    include=['borrow_timestamp',
                                             'first_tx_timestamp',
                                             'last_tx_timestamp'],
                                    transformer=ExtractDateTimeFeatures(features=['day',
                                                                                  'month',
                                                                                  'year']))),
                ('numerical_imputer',
                 TransformerWrapper(exclude=None,
                                    include=['wallet_age', 'incoming_tx_count',
                                             'outgoing_t...
                 ExtraTreesClassifier(bootstrap=False, ccp_alpha=0.0,
                                      class_weight=None, criterion='gini',
                                      max_depth=None, max_features='sqrt',
                                      max_leaf_nodes=None, max_samples=None,
                                      min_impurity_decrease=0.0,
                                      min_samples_leaf=1, min_samples_split=2,
                                      min_weight_fraction_leaf=0.0,
                                      monotonic_cst=None, n_estimators=100,
                                      n_jobs=-1, oob_score=False,
                                      random_state=123, verbose=0,
                                      warm_start=False))],
         verbose=False), feature_name=None, fit_kwargs=None, groups=None, label=False, plot_kwargs=None, save=False, scale=1, self=<pycaret.classification.oop.ClassificationExperiment object at 0x7fb8f9675510>, system=True)
2024-11-27 23:45:55,626:INFO:Checking exceptions
2024-11-27 23:45:55,781:INFO:Preloading libraries
2024-11-27 23:45:55,828:INFO:Copying training dataset
2024-11-27 23:45:55,829:INFO:Plot type: class_report
2024-11-27 23:45:56,654:INFO:Fitting Model
2024-11-27 23:45:56,654:WARNING:/home/damiatus/.local/lib/python3.10/site-packages/sklearn/base.py:493: UserWarning: X does not have valid feature names, but ExtraTreesClassifier was fitted with feature names
  warnings.warn(

2024-11-27 23:45:56,655:INFO:Scoring test/hold-out set
2024-11-27 23:45:59,684:INFO:Visual Rendered Successfully
2024-11-27 23:46:00,075:INFO:plot_model() successfully completed......................................
2024-11-28 11:49:58,153:WARNING:
'cuml' is a soft dependency and not included in the pycaret installation. Please run: `pip install cuml` to install.
2024-11-28 11:49:58,156:WARNING:
'cuml' is a soft dependency and not included in the pycaret installation. Please run: `pip install cuml` to install.
2024-11-28 11:49:58,156:WARNING:
'cuml' is a soft dependency and not included in the pycaret installation. Please run: `pip install cuml` to install.
2024-11-28 11:49:58,156:WARNING:
'cuml' is a soft dependency and not included in the pycaret installation. Please run: `pip install cuml` to install.
2024-11-28 11:49:58,953:INFO:PyCaret ClassificationExperiment
2024-11-28 11:49:58,953:INFO:Logging name: clf-default-name
2024-11-28 11:49:58,953:INFO:ML Usecase: MLUsecase.CLASSIFICATION
2024-11-28 11:49:58,953:INFO:version 3.3.2
2024-11-28 11:49:58,953:INFO:Initializing setup()
2024-11-28 11:49:58,953:INFO:self.USI: 7bb5
2024-11-28 11:49:58,953:INFO:self._variable_keys: {'y_test', 'gpu_param', 'html_param', 'seed', 'pipeline', 'logging_param', 'memory', 'X_test', 'fold_generator', 'exp_id', '_ml_usecase', '_available_plots', 'y_train', 'X_train', 'X', 'is_multiclass', 'fix_imbalance', 'data', 'idx', 'log_plots_param', 'n_jobs_param', 'target_param', 'gpu_n_jobs_param', 'fold_shuffle_param', 'exp_name_log', 'USI', 'fold_groups_param', 'y'}
2024-11-28 11:49:58,953:INFO:Checking environment
2024-11-28 11:49:58,953:INFO:python_version: 3.10.12
2024-11-28 11:49:58,953:INFO:python_build: ('main', 'Nov  6 2024 20:22:13')
2024-11-28 11:49:58,953:INFO:machine: x86_64
2024-11-28 11:49:58,954:INFO:platform: Linux-5.15.167.4-microsoft-standard-WSL2-x86_64-with-glibc2.35
2024-11-28 11:49:58,954:INFO:Memory: svmem(total=8286756864, available=3739086848, percent=54.9, used=4235685888, free=3156361216, active=185532416, inactive=4370399232, buffers=45400064, cached=849309696, shared=4341760, slab=261951488)
2024-11-28 11:49:58,954:INFO:Physical Core: 4
2024-11-28 11:49:58,955:INFO:Logical Core: 4
2024-11-28 11:49:58,955:INFO:Checking libraries
2024-11-28 11:49:58,955:INFO:System:
2024-11-28 11:49:58,955:INFO:    python: 3.10.12 (main, Nov  6 2024, 20:22:13) [GCC 11.4.0]
2024-11-28 11:49:58,955:INFO:executable: /bin/python3
2024-11-28 11:49:58,955:INFO:   machine: Linux-5.15.167.4-microsoft-standard-WSL2-x86_64-with-glibc2.35
2024-11-28 11:49:58,955:INFO:PyCaret required dependencies:
2024-11-28 11:49:59,060:INFO:                 pip: 22.0.2
2024-11-28 11:49:59,061:INFO:          setuptools: 59.6.0
2024-11-28 11:49:59,061:INFO:             pycaret: 3.3.2
2024-11-28 11:49:59,061:INFO:             IPython: 8.27.0
2024-11-28 11:49:59,061:INFO:          ipywidgets: 8.1.5
2024-11-28 11:49:59,061:INFO:                tqdm: 4.66.5
2024-11-28 11:49:59,061:INFO:               numpy: 1.26.4
2024-11-28 11:49:59,061:INFO:              pandas: 2.1.4
2024-11-28 11:49:59,061:INFO:              jinja2: 3.1.4
2024-11-28 11:49:59,061:INFO:               scipy: 1.11.4
2024-11-28 11:49:59,061:INFO:              joblib: 1.3.2
2024-11-28 11:49:59,061:INFO:             sklearn: 1.4.2
2024-11-28 11:49:59,061:INFO:                pyod: 2.0.2
2024-11-28 11:49:59,062:INFO:            imblearn: 0.12.4
2024-11-28 11:49:59,062:INFO:   category_encoders: 2.6.4
2024-11-28 11:49:59,062:INFO:            lightgbm: 4.5.0
2024-11-28 11:49:59,062:INFO:               numba: 0.60.0
2024-11-28 11:49:59,062:INFO:            requests: 2.32.3
2024-11-28 11:49:59,062:INFO:          matplotlib: 3.7.5
2024-11-28 11:49:59,062:INFO:          scikitplot: 0.3.7
2024-11-28 11:49:59,062:INFO:         yellowbrick: 1.5
2024-11-28 11:49:59,062:INFO:              plotly: 5.24.1
2024-11-28 11:49:59,062:INFO:    plotly-resampler: Not installed
2024-11-28 11:49:59,062:INFO:             kaleido: 0.2.1
2024-11-28 11:49:59,062:INFO:           schemdraw: 0.15
2024-11-28 11:49:59,062:INFO:         statsmodels: 0.14.3
2024-11-28 11:49:59,062:INFO:              sktime: 0.26.0
2024-11-28 11:49:59,062:INFO:               tbats: 1.1.3
2024-11-28 11:49:59,062:INFO:            pmdarima: 2.0.4
2024-11-28 11:49:59,062:INFO:              psutil: 6.0.0
2024-11-28 11:49:59,062:INFO:          markupsafe: 3.0.1
2024-11-28 11:49:59,062:INFO:             pickle5: Not installed
2024-11-28 11:49:59,062:INFO:         cloudpickle: 3.0.0
2024-11-28 11:49:59,062:INFO:         deprecation: 2.1.0
2024-11-28 11:49:59,062:INFO:              xxhash: 3.5.0
2024-11-28 11:49:59,062:INFO:           wurlitzer: 3.1.1
2024-11-28 11:49:59,062:INFO:PyCaret optional dependencies:
2024-11-28 11:49:59,336:INFO:                shap: 0.46.0
2024-11-28 11:49:59,336:INFO:           interpret: Not installed
2024-11-28 11:49:59,336:INFO:                umap: Not installed
2024-11-28 11:49:59,336:INFO:     ydata_profiling: Not installed
2024-11-28 11:49:59,336:INFO:  explainerdashboard: Not installed
2024-11-28 11:49:59,337:INFO:             autoviz: Not installed
2024-11-28 11:49:59,337:INFO:           fairlearn: Not installed
2024-11-28 11:49:59,337:INFO:          deepchecks: Not installed
2024-11-28 11:49:59,337:INFO:             xgboost: 2.1.1
2024-11-28 11:49:59,337:INFO:            catboost: 1.2.7
2024-11-28 11:49:59,337:INFO:              kmodes: Not installed
2024-11-28 11:49:59,337:INFO:             mlxtend: Not installed
2024-11-28 11:49:59,337:INFO:       statsforecast: Not installed
2024-11-28 11:49:59,337:INFO:        tune_sklearn: Not installed
2024-11-28 11:49:59,337:INFO:                 ray: Not installed
2024-11-28 11:49:59,337:INFO:            hyperopt: Not installed
2024-11-28 11:49:59,337:INFO:              optuna: Not installed
2024-11-28 11:49:59,337:INFO:               skopt: Not installed
2024-11-28 11:49:59,337:INFO:              mlflow: Not installed
2024-11-28 11:49:59,337:INFO:              gradio: Not installed
2024-11-28 11:49:59,337:INFO:             fastapi: Not installed
2024-11-28 11:49:59,337:INFO:             uvicorn: Not installed
2024-11-28 11:49:59,337:INFO:              m2cgen: Not installed
2024-11-28 11:49:59,337:INFO:           evidently: Not installed
2024-11-28 11:49:59,337:INFO:               fugue: Not installed
2024-11-28 11:49:59,337:INFO:           streamlit: Not installed
2024-11-28 11:49:59,337:INFO:             prophet: 1.1.6
2024-11-28 11:49:59,337:INFO:None
2024-11-28 11:49:59,337:INFO:Set up data.
2024-11-28 11:49:59,423:INFO:Set up folding strategy.
2024-11-28 11:49:59,424:INFO:Set up train/test split.
2024-11-28 11:49:59,502:INFO:Set up index.
2024-11-28 11:49:59,503:INFO:Assigning column types.
2024-11-28 11:49:59,566:INFO:Engine successfully changes for model 'lr' to 'sklearn'.
2024-11-28 11:49:59,632:INFO:Engine for model 'knn' has not been set explicitly, hence returning None.
2024-11-28 11:49:59,637:INFO:Engine for model 'rbfsvm' has not been set explicitly, hence returning None.
2024-11-28 11:49:59,690:INFO:Soft dependency imported: xgboost: 2.1.1
2024-11-28 11:49:59,695:INFO:Soft dependency imported: catboost: 1.2.7
2024-11-28 11:49:59,867:INFO:Engine for model 'knn' has not been set explicitly, hence returning None.
2024-11-28 11:49:59,868:INFO:Engine for model 'rbfsvm' has not been set explicitly, hence returning None.
2024-11-28 11:49:59,909:INFO:Soft dependency imported: xgboost: 2.1.1
2024-11-28 11:49:59,913:INFO:Soft dependency imported: catboost: 1.2.7
2024-11-28 11:49:59,914:INFO:Engine successfully changes for model 'knn' to 'sklearn'.
2024-11-28 11:49:59,981:INFO:Engine for model 'rbfsvm' has not been set explicitly, hence returning None.
2024-11-28 11:50:00,025:INFO:Soft dependency imported: xgboost: 2.1.1
2024-11-28 11:50:00,029:INFO:Soft dependency imported: catboost: 1.2.7
2024-11-28 11:50:00,106:INFO:Engine for model 'rbfsvm' has not been set explicitly, hence returning None.
2024-11-28 11:50:00,156:INFO:Soft dependency imported: xgboost: 2.1.1
2024-11-28 11:50:00,163:INFO:Soft dependency imported: catboost: 1.2.7
2024-11-28 11:50:00,170:INFO:Engine successfully changes for model 'rbfsvm' to 'sklearn'.
2024-11-28 11:50:00,353:INFO:Soft dependency imported: xgboost: 2.1.1
2024-11-28 11:50:00,360:INFO:Soft dependency imported: catboost: 1.2.7
2024-11-28 11:50:00,531:INFO:Soft dependency imported: xgboost: 2.1.1
2024-11-28 11:50:00,535:INFO:Soft dependency imported: catboost: 1.2.7
2024-11-28 11:50:00,547:INFO:Preparing preprocessing pipeline...
2024-11-28 11:50:00,556:INFO:Set up simple imputation.
2024-11-28 11:50:00,930:INFO:Finished creating preprocessing pipeline.
2024-11-28 11:50:00,936:INFO:Pipeline: Pipeline(memory=FastMemory(location=/tmp/joblib),
         steps=[('numerical_imputer',
                 TransformerWrapper(exclude=None,
                                    include=['borrow_timestamp',
                                             'first_tx_timestamp',
                                             'last_tx_timestamp', 'wallet_age',
                                             'incoming_tx_count',
                                             'outgoing_tx_count',
                                             'net_incoming_tx_count',
                                             'total_gas_paid_eth',
                                             'avg_gas_paid_per_tx_eth',
                                             'risky_tx_count',
                                             'risky_unique_contract_count',
                                             '...
                                    transformer=SimpleImputer(add_indicator=False,
                                                              copy=True,
                                                              fill_value=None,
                                                              keep_empty_features=False,
                                                              missing_values=nan,
                                                              strategy='mean'))),
                ('categorical_imputer',
                 TransformerWrapper(exclude=None, include=[],
                                    transformer=SimpleImputer(add_indicator=False,
                                                              copy=True,
                                                              fill_value=None,
                                                              keep_empty_features=False,
                                                              missing_values=nan,
                                                              strategy='most_frequent')))],
         verbose=False)
2024-11-28 11:50:00,936:INFO:Creating final display dataframe.
2024-11-28 11:50:01,489:INFO:Setup _display_container:                     Description             Value
0                    Session id               123
1                        Target            target
2                   Target type            Binary
3           Original data shape       (39866, 73)
4        Transformed data shape       (39866, 73)
5   Transformed train set shape       (27906, 73)
6    Transformed test set shape       (11960, 73)
7              Numeric features                72
8                    Preprocess              True
9               Imputation type            simple
10           Numeric imputation              mean
11       Categorical imputation              mode
12               Fold Generator   StratifiedKFold
13                  Fold Number                 5
14                     CPU Jobs                -1
15                      Use GPU             False
16               Log Experiment             False
17              Experiment Name  clf-default-name
18                          USI              7bb5
2024-11-28 11:50:01,640:INFO:Soft dependency imported: xgboost: 2.1.1
2024-11-28 11:50:01,644:INFO:Soft dependency imported: catboost: 1.2.7
2024-11-28 11:50:01,755:INFO:Soft dependency imported: xgboost: 2.1.1
2024-11-28 11:50:01,759:INFO:Soft dependency imported: catboost: 1.2.7
2024-11-28 11:50:01,761:INFO:setup() successfully completed in 2.82s...............
2024-11-28 11:50:01,761:INFO:Initializing compare_models()
2024-11-28 11:50:01,761:INFO:compare_models(self=<pycaret.classification.oop.ClassificationExperiment object at 0x7f508622cca0>, include=None, fold=None, round=4, cross_validation=True, sort=Accuracy, n_select=1, budget_time=None, turbo=True, errors=ignore, fit_kwargs=None, groups=None, experiment_custom_tags=None, probability_threshold=None, verbose=True, parallel=None, caller_params={'self': <pycaret.classification.oop.ClassificationExperiment object at 0x7f508622cca0>, 'include': None, 'exclude': None, 'fold': None, 'round': 4, 'cross_validation': True, 'sort': 'Accuracy', 'n_select': 1, 'budget_time': None, 'turbo': True, 'errors': 'ignore', 'fit_kwargs': None, 'groups': None, 'experiment_custom_tags': None, 'probability_threshold': None, 'engine': None, 'verbose': True, 'parallel': None, '__class__': <class 'pycaret.classification.oop.ClassificationExperiment'>}, exclude=None)
2024-11-28 11:50:01,761:INFO:Checking exceptions
2024-11-28 11:50:01,821:INFO:Preparing display monitor
2024-11-28 11:50:01,865:INFO:Initializing Logistic Regression
2024-11-28 11:50:01,865:INFO:Total runtime is 8.861223856608072e-06 minutes
2024-11-28 11:50:01,874:INFO:SubProcess create_model() called ==================================
2024-11-28 11:50:01,874:INFO:Initializing create_model()
2024-11-28 11:50:01,875:INFO:create_model(self=<pycaret.classification.oop.ClassificationExperiment object at 0x7f508622cca0>, estimator=lr, fold=StratifiedKFold(n_splits=5, random_state=None, shuffle=False), round=4, cross_validation=True, predict=True, fit_kwargs={}, groups=None, refit=False, probability_threshold=None, experiment_custom_tags=None, verbose=False, system=False, add_to_model_list=True, metrics=None, display=<pycaret.internal.display.display.CommonDisplay object at 0x7f5055460bb0>, model_only=True, return_train_score=False, error_score=0.0, kwargs={})
2024-11-28 11:50:01,875:INFO:Checking exceptions
2024-11-28 11:50:01,875:INFO:Importing libraries
2024-11-28 11:50:01,875:INFO:Copying training dataset
2024-11-28 11:50:02,020:INFO:Defining folds
2024-11-28 11:50:02,020:INFO:Declaring metric variables
2024-11-28 11:50:02,036:INFO:Importing untrained model
2024-11-28 11:50:02,041:INFO:Logistic Regression Imported successfully
2024-11-28 11:50:02,060:INFO:Starting cross validation
2024-11-28 11:50:02,061:INFO:Cross validating with StratifiedKFold(n_splits=5, random_state=None, shuffle=False), n_jobs=-1
2024-11-28 11:58:02,840:INFO:PyCaret ClassificationExperiment
2024-11-28 11:58:02,840:INFO:Logging name: clf-default-name
2024-11-28 11:58:02,840:INFO:ML Usecase: MLUsecase.CLASSIFICATION
2024-11-28 11:58:02,840:INFO:version 3.3.2
2024-11-28 11:58:02,840:INFO:Initializing setup()
2024-11-28 11:58:02,840:INFO:self.USI: 882a
2024-11-28 11:58:02,840:INFO:self._variable_keys: {'y_test', 'gpu_param', 'html_param', 'seed', 'pipeline', 'logging_param', 'memory', 'X_test', 'fold_generator', 'exp_id', '_ml_usecase', '_available_plots', 'y_train', 'X_train', 'X', 'is_multiclass', 'fix_imbalance', 'data', 'idx', 'log_plots_param', 'n_jobs_param', 'target_param', 'gpu_n_jobs_param', 'fold_shuffle_param', 'exp_name_log', 'USI', 'fold_groups_param', 'y'}
2024-11-28 11:58:02,840:INFO:Checking environment
2024-11-28 11:58:02,840:INFO:python_version: 3.10.12
2024-11-28 11:58:02,840:INFO:python_build: ('main', 'Nov  6 2024 20:22:13')
2024-11-28 11:58:02,840:INFO:machine: x86_64
2024-11-28 11:58:02,840:INFO:platform: Linux-5.15.167.4-microsoft-standard-WSL2-x86_64-with-glibc2.35
2024-11-28 11:58:02,840:INFO:Memory: svmem(total=8286756864, available=3361746944, percent=59.4, used=4613021696, free=2731126784, active=296079360, inactive=4661248000, buffers=46346240, cached=896262144, shared=4358144, slab=263487488)
2024-11-28 11:58:02,842:INFO:Physical Core: 4
2024-11-28 11:58:02,842:INFO:Logical Core: 4
2024-11-28 11:58:02,842:INFO:Checking libraries
2024-11-28 11:58:02,842:INFO:System:
2024-11-28 11:58:02,843:INFO:    python: 3.10.12 (main, Nov  6 2024, 20:22:13) [GCC 11.4.0]
2024-11-28 11:58:02,843:INFO:executable: /bin/python3
2024-11-28 11:58:02,843:INFO:   machine: Linux-5.15.167.4-microsoft-standard-WSL2-x86_64-with-glibc2.35
2024-11-28 11:58:02,843:INFO:PyCaret required dependencies:
2024-11-28 11:58:02,843:INFO:                 pip: 22.0.2
2024-11-28 11:58:02,843:INFO:          setuptools: 59.6.0
2024-11-28 11:58:02,843:INFO:             pycaret: 3.3.2
2024-11-28 11:58:02,843:INFO:             IPython: 8.27.0
2024-11-28 11:58:02,843:INFO:          ipywidgets: 8.1.5
2024-11-28 11:58:02,843:INFO:                tqdm: 4.66.5
2024-11-28 11:58:02,843:INFO:               numpy: 1.26.4
2024-11-28 11:58:02,843:INFO:              pandas: 2.1.4
2024-11-28 11:58:02,843:INFO:              jinja2: 3.1.4
2024-11-28 11:58:02,843:INFO:               scipy: 1.11.4
2024-11-28 11:58:02,844:INFO:              joblib: 1.3.2
2024-11-28 11:58:02,844:INFO:             sklearn: 1.4.2
2024-11-28 11:58:02,844:INFO:                pyod: 2.0.2
2024-11-28 11:58:02,844:INFO:            imblearn: 0.12.4
2024-11-28 11:58:02,844:INFO:   category_encoders: 2.6.4
2024-11-28 11:58:02,844:INFO:            lightgbm: 4.5.0
2024-11-28 11:58:02,844:INFO:               numba: 0.60.0
2024-11-28 11:58:02,844:INFO:            requests: 2.32.3
2024-11-28 11:58:02,844:INFO:          matplotlib: 3.7.5
2024-11-28 11:58:02,844:INFO:          scikitplot: 0.3.7
2024-11-28 11:58:02,844:INFO:         yellowbrick: 1.5
2024-11-28 11:58:02,844:INFO:              plotly: 5.24.1
2024-11-28 11:58:02,844:INFO:    plotly-resampler: Not installed
2024-11-28 11:58:02,848:INFO:             kaleido: 0.2.1
2024-11-28 11:58:02,848:INFO:           schemdraw: 0.15
2024-11-28 11:58:02,850:INFO:         statsmodels: 0.14.3
2024-11-28 11:58:02,850:INFO:              sktime: 0.26.0
2024-11-28 11:58:02,850:INFO:               tbats: 1.1.3
2024-11-28 11:58:02,851:INFO:            pmdarima: 2.0.4
2024-11-28 11:58:02,851:INFO:              psutil: 6.0.0
2024-11-28 11:58:02,851:INFO:          markupsafe: 3.0.1
2024-11-28 11:58:02,851:INFO:             pickle5: Not installed
2024-11-28 11:58:02,851:INFO:         cloudpickle: 3.0.0
2024-11-28 11:58:02,851:INFO:         deprecation: 2.1.0
2024-11-28 11:58:02,851:INFO:              xxhash: 3.5.0
2024-11-28 11:58:02,851:INFO:           wurlitzer: 3.1.1
2024-11-28 11:58:02,851:INFO:PyCaret optional dependencies:
2024-11-28 11:58:02,852:INFO:                shap: 0.46.0
2024-11-28 11:58:02,852:INFO:           interpret: Not installed
2024-11-28 11:58:02,852:INFO:                umap: Not installed
2024-11-28 11:58:02,852:INFO:     ydata_profiling: Not installed
2024-11-28 11:58:02,852:INFO:  explainerdashboard: Not installed
2024-11-28 11:58:02,852:INFO:             autoviz: Not installed
2024-11-28 11:58:02,852:INFO:           fairlearn: Not installed
2024-11-28 11:58:02,852:INFO:          deepchecks: Not installed
2024-11-28 11:58:02,852:INFO:             xgboost: 2.1.1
2024-11-28 11:58:02,852:INFO:            catboost: 1.2.7
2024-11-28 11:58:02,852:INFO:              kmodes: Not installed
2024-11-28 11:58:02,852:INFO:             mlxtend: Not installed
2024-11-28 11:58:02,852:INFO:       statsforecast: Not installed
2024-11-28 11:58:02,852:INFO:        tune_sklearn: Not installed
2024-11-28 11:58:02,852:INFO:                 ray: Not installed
2024-11-28 11:58:02,852:INFO:            hyperopt: Not installed
2024-11-28 11:58:02,852:INFO:              optuna: Not installed
2024-11-28 11:58:02,852:INFO:               skopt: Not installed
2024-11-28 11:58:02,852:INFO:              mlflow: Not installed
2024-11-28 11:58:02,853:INFO:              gradio: Not installed
2024-11-28 11:58:02,853:INFO:             fastapi: Not installed
2024-11-28 11:58:02,853:INFO:             uvicorn: Not installed
2024-11-28 11:58:02,853:INFO:              m2cgen: Not installed
2024-11-28 11:58:02,853:INFO:           evidently: Not installed
2024-11-28 11:58:02,853:INFO:               fugue: Not installed
2024-11-28 11:58:02,853:INFO:           streamlit: Not installed
2024-11-28 11:58:02,853:INFO:             prophet: 1.1.6
2024-11-28 11:58:02,853:INFO:None
2024-11-28 11:58:02,853:INFO:Set up data.
2024-11-28 11:58:03,153:INFO:Set up folding strategy.
2024-11-28 11:58:03,153:INFO:Set up train/test split.
2024-11-28 11:58:03,234:INFO:Set up index.
2024-11-28 11:58:03,238:INFO:Assigning column types.
2024-11-28 11:58:03,331:INFO:Engine successfully changes for model 'lr' to 'sklearn'.
2024-11-28 11:58:03,414:INFO:Engine for model 'knn' has not been set explicitly, hence returning None.
2024-11-28 11:58:03,417:INFO:Engine for model 'rbfsvm' has not been set explicitly, hence returning None.
2024-11-28 11:58:03,464:INFO:Soft dependency imported: xgboost: 2.1.1
2024-11-28 11:58:03,471:INFO:Soft dependency imported: catboost: 1.2.7
2024-11-28 11:58:03,559:INFO:Engine for model 'knn' has not been set explicitly, hence returning None.
2024-11-28 11:58:03,560:INFO:Engine for model 'rbfsvm' has not been set explicitly, hence returning None.
2024-11-28 11:58:03,615:INFO:Soft dependency imported: xgboost: 2.1.1
2024-11-28 11:58:03,622:INFO:Soft dependency imported: catboost: 1.2.7
2024-11-28 11:58:03,623:INFO:Engine successfully changes for model 'knn' to 'sklearn'.
2024-11-28 11:58:03,699:INFO:Engine for model 'rbfsvm' has not been set explicitly, hence returning None.
2024-11-28 11:58:03,742:INFO:Soft dependency imported: xgboost: 2.1.1
2024-11-28 11:58:03,745:INFO:Soft dependency imported: catboost: 1.2.7
2024-11-28 11:58:03,820:INFO:Engine for model 'rbfsvm' has not been set explicitly, hence returning None.
2024-11-28 11:58:03,862:INFO:Soft dependency imported: xgboost: 2.1.1
2024-11-28 11:58:03,866:INFO:Soft dependency imported: catboost: 1.2.7
2024-11-28 11:58:03,867:INFO:Engine successfully changes for model 'rbfsvm' to 'sklearn'.
2024-11-28 11:58:03,983:INFO:Soft dependency imported: xgboost: 2.1.1
2024-11-28 11:58:03,988:INFO:Soft dependency imported: catboost: 1.2.7
2024-11-28 11:58:04,108:INFO:Soft dependency imported: xgboost: 2.1.1
2024-11-28 11:58:04,111:INFO:Soft dependency imported: catboost: 1.2.7
2024-11-28 11:58:04,112:INFO:Preparing preprocessing pipeline...
2024-11-28 11:58:04,125:INFO:Set up simple imputation.
2024-11-28 11:58:04,303:INFO:Finished creating preprocessing pipeline.
2024-11-28 11:58:04,308:INFO:Pipeline: Pipeline(memory=FastMemory(location=/tmp/joblib),
         steps=[('numerical_imputer',
                 TransformerWrapper(exclude=None,
                                    include=['borrow_timestamp',
                                             'first_tx_timestamp',
                                             'last_tx_timestamp', 'wallet_age',
                                             'incoming_tx_count',
                                             'outgoing_tx_count',
                                             'net_incoming_tx_count',
                                             'total_gas_paid_eth',
                                             'avg_gas_paid_per_tx_eth',
                                             'risky_tx_count',
                                             'risky_unique_contract_count',
                                             '...
                                    transformer=SimpleImputer(add_indicator=False,
                                                              copy=True,
                                                              fill_value=None,
                                                              keep_empty_features=False,
                                                              missing_values=nan,
                                                              strategy='mean'))),
                ('categorical_imputer',
                 TransformerWrapper(exclude=None, include=[],
                                    transformer=SimpleImputer(add_indicator=False,
                                                              copy=True,
                                                              fill_value=None,
                                                              keep_empty_features=False,
                                                              missing_values=nan,
                                                              strategy='most_frequent')))],
         verbose=False)
2024-11-28 11:58:04,308:INFO:Creating final display dataframe.
2024-11-28 11:58:04,861:INFO:Setup _display_container:                     Description             Value
0                    Session id               123
1                        Target            target
2                   Target type            Binary
3           Original data shape       (42081, 73)
4        Transformed data shape       (42081, 73)
5   Transformed train set shape       (29456, 73)
6    Transformed test set shape       (12625, 73)
7               Ignore features                 5
8              Numeric features                72
9                    Preprocess              True
10              Imputation type            simple
11           Numeric imputation              mean
12       Categorical imputation              mode
13               Fold Generator   StratifiedKFold
14                  Fold Number                 5
15                     CPU Jobs                -1
16                      Use GPU             False
17               Log Experiment             False
18              Experiment Name  clf-default-name
19                          USI              882a
2024-11-28 11:58:05,079:INFO:Soft dependency imported: xgboost: 2.1.1
2024-11-28 11:58:05,083:INFO:Soft dependency imported: catboost: 1.2.7
2024-11-28 11:58:05,194:INFO:Soft dependency imported: xgboost: 2.1.1
2024-11-28 11:58:05,200:INFO:Soft dependency imported: catboost: 1.2.7
2024-11-28 11:58:05,202:INFO:setup() successfully completed in 2.36s...............
2024-11-28 11:58:05,202:INFO:Initializing compare_models()
2024-11-28 11:58:05,202:INFO:compare_models(self=<pycaret.classification.oop.ClassificationExperiment object at 0x7f509ccbfd00>, include=None, fold=None, round=4, cross_validation=True, sort=Accuracy, n_select=1, budget_time=None, turbo=True, errors=ignore, fit_kwargs=None, groups=None, experiment_custom_tags=None, probability_threshold=None, verbose=True, parallel=None, caller_params={'self': <pycaret.classification.oop.ClassificationExperiment object at 0x7f509ccbfd00>, 'include': None, 'exclude': None, 'fold': None, 'round': 4, 'cross_validation': True, 'sort': 'Accuracy', 'n_select': 1, 'budget_time': None, 'turbo': True, 'errors': 'ignore', 'fit_kwargs': None, 'groups': None, 'experiment_custom_tags': None, 'probability_threshold': None, 'engine': None, 'verbose': True, 'parallel': None, '__class__': <class 'pycaret.classification.oop.ClassificationExperiment'>}, exclude=None)
2024-11-28 11:58:05,203:INFO:Checking exceptions
2024-11-28 11:58:05,254:INFO:Preparing display monitor
2024-11-28 11:58:05,303:INFO:Initializing Logistic Regression
2024-11-28 11:58:05,304:INFO:Total runtime is 1.0844071706136068e-05 minutes
2024-11-28 11:58:05,318:INFO:SubProcess create_model() called ==================================
2024-11-28 11:58:05,319:INFO:Initializing create_model()
2024-11-28 11:58:05,319:INFO:create_model(self=<pycaret.classification.oop.ClassificationExperiment object at 0x7f509ccbfd00>, estimator=lr, fold=StratifiedKFold(n_splits=5, random_state=None, shuffle=False), round=4, cross_validation=True, predict=True, fit_kwargs={}, groups=None, refit=False, probability_threshold=None, experiment_custom_tags=None, verbose=False, system=False, add_to_model_list=True, metrics=None, display=<pycaret.internal.display.display.CommonDisplay object at 0x7f509ccf5ba0>, model_only=True, return_train_score=False, error_score=0.0, kwargs={})
2024-11-28 11:58:05,319:INFO:Checking exceptions
2024-11-28 11:58:05,319:INFO:Importing libraries
2024-11-28 11:58:05,319:INFO:Copying training dataset
2024-11-28 11:58:05,483:INFO:Defining folds
2024-11-28 11:58:05,483:INFO:Declaring metric variables
2024-11-28 11:58:05,492:INFO:Importing untrained model
2024-11-28 11:58:05,499:INFO:Logistic Regression Imported successfully
2024-11-28 11:58:05,518:INFO:Starting cross validation
2024-11-28 11:58:05,520:INFO:Cross validating with StratifiedKFold(n_splits=5, random_state=None, shuffle=False), n_jobs=-1
2024-11-28 11:58:17,061:WARNING:/home/damiatus/.local/lib/python3.10/site-packages/sklearn/linear_model/_logistic.py:469: ConvergenceWarning: lbfgs failed to converge (status=1):
STOP: TOTAL NO. of ITERATIONS REACHED LIMIT.

Increase the number of iterations (max_iter) or scale the data as shown in:
    https://scikit-learn.org/stable/modules/preprocessing.html
Please also refer to the documentation for alternative solver options:
    https://scikit-learn.org/stable/modules/linear_model.html#logistic-regression
  n_iter_i = _check_optimize_result(

2024-11-28 11:58:17,199:WARNING:/home/damiatus/.local/lib/python3.10/site-packages/sklearn/linear_model/_logistic.py:469: ConvergenceWarning: lbfgs failed to converge (status=1):
STOP: TOTAL NO. of ITERATIONS REACHED LIMIT.

Increase the number of iterations (max_iter) or scale the data as shown in:
    https://scikit-learn.org/stable/modules/preprocessing.html
Please also refer to the documentation for alternative solver options:
    https://scikit-learn.org/stable/modules/linear_model.html#logistic-regression
  n_iter_i = _check_optimize_result(

2024-11-28 11:58:17,359:WARNING:/home/damiatus/.local/lib/python3.10/site-packages/sklearn/linear_model/_logistic.py:469: ConvergenceWarning: lbfgs failed to converge (status=1):
STOP: TOTAL NO. of ITERATIONS REACHED LIMIT.

Increase the number of iterations (max_iter) or scale the data as shown in:
    https://scikit-learn.org/stable/modules/preprocessing.html
Please also refer to the documentation for alternative solver options:
    https://scikit-learn.org/stable/modules/linear_model.html#logistic-regression
  n_iter_i = _check_optimize_result(

2024-11-28 11:58:17,808:WARNING:/home/damiatus/.local/lib/python3.10/site-packages/sklearn/linear_model/_logistic.py:469: ConvergenceWarning: lbfgs failed to converge (status=1):
STOP: TOTAL NO. of ITERATIONS REACHED LIMIT.

Increase the number of iterations (max_iter) or scale the data as shown in:
    https://scikit-learn.org/stable/modules/preprocessing.html
Please also refer to the documentation for alternative solver options:
    https://scikit-learn.org/stable/modules/linear_model.html#logistic-regression
  n_iter_i = _check_optimize_result(

2024-11-28 11:58:22,808:WARNING:/home/damiatus/.local/lib/python3.10/site-packages/sklearn/linear_model/_logistic.py:469: ConvergenceWarning: lbfgs failed to converge (status=1):
STOP: TOTAL NO. of ITERATIONS REACHED LIMIT.

Increase the number of iterations (max_iter) or scale the data as shown in:
    https://scikit-learn.org/stable/modules/preprocessing.html
Please also refer to the documentation for alternative solver options:
    https://scikit-learn.org/stable/modules/linear_model.html#logistic-regression
  n_iter_i = _check_optimize_result(

2024-11-28 11:58:22,865:INFO:Calculating mean and std
2024-11-28 11:58:22,868:INFO:Creating metrics dataframe
2024-11-28 11:58:22,873:INFO:Uploading results into container
2024-11-28 11:58:22,874:INFO:Uploading model into container now
2024-11-28 11:58:22,883:INFO:_master_model_container: 1
2024-11-28 11:58:22,883:INFO:_display_container: 2
2024-11-28 11:58:22,884:INFO:LogisticRegression(C=1.0, class_weight=None, dual=False, fit_intercept=True,
                   intercept_scaling=1, l1_ratio=None, max_iter=1000,
                   multi_class='auto', n_jobs=None, penalty='l2',
                   random_state=123, solver='lbfgs', tol=0.0001, verbose=0,
                   warm_start=False)
2024-11-28 11:58:22,884:INFO:create_model() successfully completed......................................
2024-11-28 11:58:23,069:INFO:SubProcess create_model() end ==================================
2024-11-28 11:58:23,069:INFO:Creating metrics dataframe
2024-11-28 11:58:23,088:INFO:Initializing K Neighbors Classifier
2024-11-28 11:58:23,089:INFO:Total runtime is 0.2964290738105774 minutes
2024-11-28 11:58:23,095:INFO:SubProcess create_model() called ==================================
2024-11-28 11:58:23,096:INFO:Initializing create_model()
2024-11-28 11:58:23,096:INFO:create_model(self=<pycaret.classification.oop.ClassificationExperiment object at 0x7f509ccbfd00>, estimator=knn, fold=StratifiedKFold(n_splits=5, random_state=None, shuffle=False), round=4, cross_validation=True, predict=True, fit_kwargs={}, groups=None, refit=False, probability_threshold=None, experiment_custom_tags=None, verbose=False, system=False, add_to_model_list=True, metrics=None, display=<pycaret.internal.display.display.CommonDisplay object at 0x7f509ccf5ba0>, model_only=True, return_train_score=False, error_score=0.0, kwargs={})
2024-11-28 11:58:23,096:INFO:Checking exceptions
2024-11-28 11:58:23,097:INFO:Importing libraries
2024-11-28 11:58:23,097:INFO:Copying training dataset
2024-11-28 11:58:23,199:INFO:Defining folds
2024-11-28 11:58:23,199:INFO:Declaring metric variables
2024-11-28 11:58:23,207:INFO:Importing untrained model
2024-11-28 11:58:23,214:INFO:K Neighbors Classifier Imported successfully
2024-11-28 11:58:23,229:INFO:Starting cross validation
2024-11-28 11:58:23,231:INFO:Cross validating with StratifiedKFold(n_splits=5, random_state=None, shuffle=False), n_jobs=-1
2024-11-28 11:58:32,137:INFO:Calculating mean and std
2024-11-28 11:58:32,138:INFO:Creating metrics dataframe
2024-11-28 11:58:32,141:INFO:Uploading results into container
2024-11-28 11:58:32,142:INFO:Uploading model into container now
2024-11-28 11:58:32,143:INFO:_master_model_container: 2
2024-11-28 11:58:32,143:INFO:_display_container: 2
2024-11-28 11:58:32,143:INFO:KNeighborsClassifier(algorithm='auto', leaf_size=30, metric='minkowski',
                     metric_params=None, n_jobs=-1, n_neighbors=5, p=2,
                     weights='uniform')
2024-11-28 11:58:32,144:INFO:create_model() successfully completed......................................
2024-11-28 11:58:32,271:INFO:SubProcess create_model() end ==================================
2024-11-28 11:58:32,272:INFO:Creating metrics dataframe
2024-11-28 11:58:32,287:INFO:Initializing Naive Bayes
2024-11-28 11:58:32,288:INFO:Total runtime is 0.4497449358304342 minutes
2024-11-28 11:58:32,294:INFO:SubProcess create_model() called ==================================
2024-11-28 11:58:32,294:INFO:Initializing create_model()
2024-11-28 11:58:32,294:INFO:create_model(self=<pycaret.classification.oop.ClassificationExperiment object at 0x7f509ccbfd00>, estimator=nb, fold=StratifiedKFold(n_splits=5, random_state=None, shuffle=False), round=4, cross_validation=True, predict=True, fit_kwargs={}, groups=None, refit=False, probability_threshold=None, experiment_custom_tags=None, verbose=False, system=False, add_to_model_list=True, metrics=None, display=<pycaret.internal.display.display.CommonDisplay object at 0x7f509ccf5ba0>, model_only=True, return_train_score=False, error_score=0.0, kwargs={})
2024-11-28 11:58:32,295:INFO:Checking exceptions
2024-11-28 11:58:32,295:INFO:Importing libraries
2024-11-28 11:58:32,295:INFO:Copying training dataset
2024-11-28 11:58:32,397:INFO:Defining folds
2024-11-28 11:58:32,397:INFO:Declaring metric variables
2024-11-28 11:58:32,406:INFO:Importing untrained model
2024-11-28 11:58:32,412:INFO:Naive Bayes Imported successfully
2024-11-28 11:58:32,426:INFO:Starting cross validation
2024-11-28 11:58:32,427:INFO:Cross validating with StratifiedKFold(n_splits=5, random_state=None, shuffle=False), n_jobs=-1
2024-11-28 11:58:32,953:INFO:Calculating mean and std
2024-11-28 11:58:32,955:INFO:Creating metrics dataframe
2024-11-28 11:58:32,958:INFO:Uploading results into container
2024-11-28 11:58:32,959:INFO:Uploading model into container now
2024-11-28 11:58:32,960:INFO:_master_model_container: 3
2024-11-28 11:58:32,960:INFO:_display_container: 2
2024-11-28 11:58:32,960:INFO:GaussianNB(priors=None, var_smoothing=1e-09)
2024-11-28 11:58:32,960:INFO:create_model() successfully completed......................................
2024-11-28 11:58:33,110:INFO:SubProcess create_model() end ==================================
2024-11-28 11:58:33,110:INFO:Creating metrics dataframe
2024-11-28 11:58:33,123:INFO:Initializing Decision Tree Classifier
2024-11-28 11:58:33,124:INFO:Total runtime is 0.46367690960566205 minutes
2024-11-28 11:58:33,129:INFO:SubProcess create_model() called ==================================
2024-11-28 11:58:33,130:INFO:Initializing create_model()
2024-11-28 11:58:33,130:INFO:create_model(self=<pycaret.classification.oop.ClassificationExperiment object at 0x7f509ccbfd00>, estimator=dt, fold=StratifiedKFold(n_splits=5, random_state=None, shuffle=False), round=4, cross_validation=True, predict=True, fit_kwargs={}, groups=None, refit=False, probability_threshold=None, experiment_custom_tags=None, verbose=False, system=False, add_to_model_list=True, metrics=None, display=<pycaret.internal.display.display.CommonDisplay object at 0x7f509ccf5ba0>, model_only=True, return_train_score=False, error_score=0.0, kwargs={})
2024-11-28 11:58:33,130:INFO:Checking exceptions
2024-11-28 11:58:33,130:INFO:Importing libraries
2024-11-28 11:58:33,130:INFO:Copying training dataset
2024-11-28 11:58:33,226:INFO:Defining folds
2024-11-28 11:58:33,226:INFO:Declaring metric variables
2024-11-28 11:58:33,232:INFO:Importing untrained model
2024-11-28 11:58:33,243:INFO:Decision Tree Classifier Imported successfully
2024-11-28 11:58:33,254:INFO:Starting cross validation
2024-11-28 11:58:33,256:INFO:Cross validating with StratifiedKFold(n_splits=5, random_state=None, shuffle=False), n_jobs=-1
2024-11-28 11:58:39,638:INFO:Calculating mean and std
2024-11-28 11:58:39,640:INFO:Creating metrics dataframe
2024-11-28 11:58:39,643:INFO:Uploading results into container
2024-11-28 11:58:39,644:INFO:Uploading model into container now
2024-11-28 11:58:39,645:INFO:_master_model_container: 4
2024-11-28 11:58:39,646:INFO:_display_container: 2
2024-11-28 11:58:39,646:INFO:DecisionTreeClassifier(ccp_alpha=0.0, class_weight=None, criterion='gini',
                       max_depth=None, max_features=None, max_leaf_nodes=None,
                       min_impurity_decrease=0.0, min_samples_leaf=1,
                       min_samples_split=2, min_weight_fraction_leaf=0.0,
                       monotonic_cst=None, random_state=123, splitter='best')
2024-11-28 11:58:39,655:INFO:create_model() successfully completed......................................
2024-11-28 11:58:39,950:INFO:SubProcess create_model() end ==================================
2024-11-28 11:58:39,950:INFO:Creating metrics dataframe
2024-11-28 11:58:39,971:INFO:Initializing SVM - Linear Kernel
2024-11-28 11:58:39,972:INFO:Total runtime is 0.5778152585029602 minutes
2024-11-28 11:58:39,978:INFO:SubProcess create_model() called ==================================
2024-11-28 11:58:39,979:INFO:Initializing create_model()
2024-11-28 11:58:39,979:INFO:create_model(self=<pycaret.classification.oop.ClassificationExperiment object at 0x7f509ccbfd00>, estimator=svm, fold=StratifiedKFold(n_splits=5, random_state=None, shuffle=False), round=4, cross_validation=True, predict=True, fit_kwargs={}, groups=None, refit=False, probability_threshold=None, experiment_custom_tags=None, verbose=False, system=False, add_to_model_list=True, metrics=None, display=<pycaret.internal.display.display.CommonDisplay object at 0x7f509ccf5ba0>, model_only=True, return_train_score=False, error_score=0.0, kwargs={})
2024-11-28 11:58:39,980:INFO:Checking exceptions
2024-11-28 11:58:39,980:INFO:Importing libraries
2024-11-28 11:58:39,980:INFO:Copying training dataset
2024-11-28 11:58:40,124:INFO:Defining folds
2024-11-28 11:58:40,124:INFO:Declaring metric variables
2024-11-28 11:58:40,132:INFO:Importing untrained model
2024-11-28 11:58:40,143:INFO:SVM - Linear Kernel Imported successfully
2024-11-28 11:58:40,157:INFO:Starting cross validation
2024-11-28 11:58:40,158:INFO:Cross validating with StratifiedKFold(n_splits=5, random_state=None, shuffle=False), n_jobs=-1
2024-11-28 11:58:47,632:INFO:Calculating mean and std
2024-11-28 11:58:47,633:INFO:Creating metrics dataframe
2024-11-28 11:58:47,637:INFO:Uploading results into container
2024-11-28 11:58:47,638:INFO:Uploading model into container now
2024-11-28 11:58:47,640:INFO:_master_model_container: 5
2024-11-28 11:58:47,640:INFO:_display_container: 2
2024-11-28 11:58:47,641:INFO:SGDClassifier(alpha=0.0001, average=False, class_weight=None,
              early_stopping=False, epsilon=0.1, eta0=0.001, fit_intercept=True,
              l1_ratio=0.15, learning_rate='optimal', loss='hinge',
              max_iter=1000, n_iter_no_change=5, n_jobs=-1, penalty='l2',
              power_t=0.5, random_state=123, shuffle=True, tol=0.001,
              validation_fraction=0.1, verbose=0, warm_start=False)
2024-11-28 11:58:47,641:INFO:create_model() successfully completed......................................
2024-11-28 11:58:47,800:INFO:SubProcess create_model() end ==================================
2024-11-28 11:58:47,800:INFO:Creating metrics dataframe
2024-11-28 11:58:47,821:INFO:Initializing Ridge Classifier
2024-11-28 11:58:47,822:INFO:Total runtime is 0.7086469173431397 minutes
2024-11-28 11:58:47,828:INFO:SubProcess create_model() called ==================================
2024-11-28 11:58:47,828:INFO:Initializing create_model()
2024-11-28 11:58:47,829:INFO:create_model(self=<pycaret.classification.oop.ClassificationExperiment object at 0x7f509ccbfd00>, estimator=ridge, fold=StratifiedKFold(n_splits=5, random_state=None, shuffle=False), round=4, cross_validation=True, predict=True, fit_kwargs={}, groups=None, refit=False, probability_threshold=None, experiment_custom_tags=None, verbose=False, system=False, add_to_model_list=True, metrics=None, display=<pycaret.internal.display.display.CommonDisplay object at 0x7f509ccf5ba0>, model_only=True, return_train_score=False, error_score=0.0, kwargs={})
2024-11-28 11:58:47,829:INFO:Checking exceptions
2024-11-28 11:58:47,829:INFO:Importing libraries
2024-11-28 11:58:47,829:INFO:Copying training dataset
2024-11-28 11:58:47,970:INFO:Defining folds
2024-11-28 11:58:47,971:INFO:Declaring metric variables
2024-11-28 11:58:47,977:INFO:Importing untrained model
2024-11-28 11:58:47,996:INFO:Ridge Classifier Imported successfully
2024-11-28 11:58:48,012:INFO:Starting cross validation
2024-11-28 11:58:48,014:INFO:Cross validating with StratifiedKFold(n_splits=5, random_state=None, shuffle=False), n_jobs=-1
2024-11-28 11:58:48,361:WARNING:/home/damiatus/.local/lib/python3.10/site-packages/sklearn/linear_model/_ridge.py:204: LinAlgWarning: Ill-conditioned matrix (rcond=2.20608e-20): result may not be accurate.
  return linalg.solve(A, Xy, assume_a="pos", overwrite_a=True).T

2024-11-28 11:58:48,362:WARNING:/home/damiatus/.local/lib/python3.10/site-packages/sklearn/linear_model/_ridge.py:204: LinAlgWarning: Ill-conditioned matrix (rcond=2.20761e-20): result may not be accurate.
  return linalg.solve(A, Xy, assume_a="pos", overwrite_a=True).T

2024-11-28 11:58:48,431:WARNING:/home/damiatus/.local/lib/python3.10/site-packages/sklearn/linear_model/_ridge.py:204: LinAlgWarning: Ill-conditioned matrix (rcond=2.21013e-20): result may not be accurate.
  return linalg.solve(A, Xy, assume_a="pos", overwrite_a=True).T

2024-11-28 11:58:48,442:WARNING:/home/damiatus/.local/lib/python3.10/site-packages/sklearn/linear_model/_ridge.py:204: LinAlgWarning: Ill-conditioned matrix (rcond=2.21245e-20): result may not be accurate.
  return linalg.solve(A, Xy, assume_a="pos", overwrite_a=True).T

2024-11-28 11:58:48,608:WARNING:/home/damiatus/.local/lib/python3.10/site-packages/sklearn/linear_model/_ridge.py:204: LinAlgWarning: Ill-conditioned matrix (rcond=2.19806e-20): result may not be accurate.
  return linalg.solve(A, Xy, assume_a="pos", overwrite_a=True).T

2024-11-28 11:58:48,665:INFO:Calculating mean and std
2024-11-28 11:58:48,667:INFO:Creating metrics dataframe
2024-11-28 11:58:48,670:INFO:Uploading results into container
2024-11-28 11:58:48,672:INFO:Uploading model into container now
2024-11-28 11:58:48,672:INFO:_master_model_container: 6
2024-11-28 11:58:48,673:INFO:_display_container: 2
2024-11-28 11:58:48,673:INFO:RidgeClassifier(alpha=1.0, class_weight=None, copy_X=True, fit_intercept=True,
                max_iter=None, positive=False, random_state=123, solver='auto',
                tol=0.0001)
2024-11-28 11:58:48,673:INFO:create_model() successfully completed......................................
2024-11-28 11:58:48,876:INFO:SubProcess create_model() end ==================================
2024-11-28 11:58:48,876:INFO:Creating metrics dataframe
2024-11-28 11:58:48,890:INFO:Initializing Random Forest Classifier
2024-11-28 11:58:48,890:INFO:Total runtime is 0.7264525651931762 minutes
2024-11-28 11:58:48,906:INFO:SubProcess create_model() called ==================================
2024-11-28 11:58:48,906:INFO:Initializing create_model()
2024-11-28 11:58:48,907:INFO:create_model(self=<pycaret.classification.oop.ClassificationExperiment object at 0x7f509ccbfd00>, estimator=rf, fold=StratifiedKFold(n_splits=5, random_state=None, shuffle=False), round=4, cross_validation=True, predict=True, fit_kwargs={}, groups=None, refit=False, probability_threshold=None, experiment_custom_tags=None, verbose=False, system=False, add_to_model_list=True, metrics=None, display=<pycaret.internal.display.display.CommonDisplay object at 0x7f509ccf5ba0>, model_only=True, return_train_score=False, error_score=0.0, kwargs={})
2024-11-28 11:58:48,907:INFO:Checking exceptions
2024-11-28 11:58:48,907:INFO:Importing libraries
2024-11-28 11:58:48,907:INFO:Copying training dataset
2024-11-28 11:58:49,057:INFO:Defining folds
2024-11-28 11:58:49,057:INFO:Declaring metric variables
2024-11-28 11:58:49,072:INFO:Importing untrained model
2024-11-28 11:58:49,079:INFO:Random Forest Classifier Imported successfully
2024-11-28 11:58:49,100:INFO:Starting cross validation
2024-11-28 11:58:49,103:INFO:Cross validating with StratifiedKFold(n_splits=5, random_state=None, shuffle=False), n_jobs=-1
2024-11-28 11:59:25,827:INFO:Calculating mean and std
2024-11-28 11:59:25,829:INFO:Creating metrics dataframe
2024-11-28 11:59:25,832:INFO:Uploading results into container
2024-11-28 11:59:25,832:INFO:Uploading model into container now
2024-11-28 11:59:25,833:INFO:_master_model_container: 7
2024-11-28 11:59:25,834:INFO:_display_container: 2
2024-11-28 11:59:25,835:INFO:RandomForestClassifier(bootstrap=True, ccp_alpha=0.0, class_weight=None,
                       criterion='gini', max_depth=None, max_features='sqrt',
                       max_leaf_nodes=None, max_samples=None,
                       min_impurity_decrease=0.0, min_samples_leaf=1,
                       min_samples_split=2, min_weight_fraction_leaf=0.0,
                       monotonic_cst=None, n_estimators=100, n_jobs=-1,
                       oob_score=False, random_state=123, verbose=0,
                       warm_start=False)
2024-11-28 11:59:25,835:INFO:create_model() successfully completed......................................
2024-11-28 11:59:25,965:INFO:SubProcess create_model() end ==================================
2024-11-28 11:59:25,965:INFO:Creating metrics dataframe
2024-11-28 11:59:25,977:INFO:Initializing Quadratic Discriminant Analysis
2024-11-28 11:59:25,978:INFO:Total runtime is 1.344577924410502 minutes
2024-11-28 11:59:25,985:INFO:SubProcess create_model() called ==================================
2024-11-28 11:59:25,986:INFO:Initializing create_model()
2024-11-28 11:59:25,986:INFO:create_model(self=<pycaret.classification.oop.ClassificationExperiment object at 0x7f509ccbfd00>, estimator=qda, fold=StratifiedKFold(n_splits=5, random_state=None, shuffle=False), round=4, cross_validation=True, predict=True, fit_kwargs={}, groups=None, refit=False, probability_threshold=None, experiment_custom_tags=None, verbose=False, system=False, add_to_model_list=True, metrics=None, display=<pycaret.internal.display.display.CommonDisplay object at 0x7f509ccf5ba0>, model_only=True, return_train_score=False, error_score=0.0, kwargs={})
2024-11-28 11:59:25,986:INFO:Checking exceptions
2024-11-28 11:59:25,986:INFO:Importing libraries
2024-11-28 11:59:25,987:INFO:Copying training dataset
2024-11-28 11:59:26,080:INFO:Defining folds
2024-11-28 11:59:26,080:INFO:Declaring metric variables
2024-11-28 11:59:26,090:INFO:Importing untrained model
2024-11-28 11:59:26,099:INFO:Quadratic Discriminant Analysis Imported successfully
2024-11-28 11:59:26,112:INFO:Starting cross validation
2024-11-28 11:59:26,116:INFO:Cross validating with StratifiedKFold(n_splits=5, random_state=None, shuffle=False), n_jobs=-1
2024-11-28 11:59:26,569:WARNING:/home/damiatus/.local/lib/python3.10/site-packages/sklearn/discriminant_analysis.py:935: UserWarning: Variables are collinear
  warnings.warn("Variables are collinear")

2024-11-28 11:59:26,575:WARNING:/home/damiatus/.local/lib/python3.10/site-packages/sklearn/discriminant_analysis.py:935: UserWarning: Variables are collinear
  warnings.warn("Variables are collinear")

2024-11-28 11:59:26,609:WARNING:/home/damiatus/.local/lib/python3.10/site-packages/sklearn/discriminant_analysis.py:935: UserWarning: Variables are collinear
  warnings.warn("Variables are collinear")

2024-11-28 11:59:26,625:WARNING:/home/damiatus/.local/lib/python3.10/site-packages/sklearn/discriminant_analysis.py:935: UserWarning: Variables are collinear
  warnings.warn("Variables are collinear")

2024-11-28 11:59:27,092:WARNING:/home/damiatus/.local/lib/python3.10/site-packages/sklearn/discriminant_analysis.py:935: UserWarning: Variables are collinear
  warnings.warn("Variables are collinear")

2024-11-28 11:59:27,258:INFO:Calculating mean and std
2024-11-28 11:59:27,260:INFO:Creating metrics dataframe
2024-11-28 11:59:27,263:INFO:Uploading results into container
2024-11-28 11:59:27,265:INFO:Uploading model into container now
2024-11-28 11:59:27,266:INFO:_master_model_container: 8
2024-11-28 11:59:27,267:INFO:_display_container: 2
2024-11-28 11:59:27,268:INFO:QuadraticDiscriminantAnalysis(priors=None, reg_param=0.0,
                              store_covariance=False, tol=0.0001)
2024-11-28 11:59:27,268:INFO:create_model() successfully completed......................................
2024-11-28 11:59:27,391:INFO:SubProcess create_model() end ==================================
2024-11-28 11:59:27,392:INFO:Creating metrics dataframe
2024-11-28 11:59:27,407:INFO:Initializing Ada Boost Classifier
2024-11-28 11:59:27,407:INFO:Total runtime is 1.368405799070994 minutes
2024-11-28 11:59:27,413:INFO:SubProcess create_model() called ==================================
2024-11-28 11:59:27,414:INFO:Initializing create_model()
2024-11-28 11:59:27,414:INFO:create_model(self=<pycaret.classification.oop.ClassificationExperiment object at 0x7f509ccbfd00>, estimator=ada, fold=StratifiedKFold(n_splits=5, random_state=None, shuffle=False), round=4, cross_validation=True, predict=True, fit_kwargs={}, groups=None, refit=False, probability_threshold=None, experiment_custom_tags=None, verbose=False, system=False, add_to_model_list=True, metrics=None, display=<pycaret.internal.display.display.CommonDisplay object at 0x7f509ccf5ba0>, model_only=True, return_train_score=False, error_score=0.0, kwargs={})
2024-11-28 11:59:27,414:INFO:Checking exceptions
2024-11-28 11:59:27,414:INFO:Importing libraries
2024-11-28 11:59:27,414:INFO:Copying training dataset
2024-11-28 11:59:27,545:INFO:Defining folds
2024-11-28 11:59:27,545:INFO:Declaring metric variables
2024-11-28 11:59:27,561:INFO:Importing untrained model
2024-11-28 11:59:27,567:INFO:Ada Boost Classifier Imported successfully
2024-11-28 11:59:27,589:INFO:Starting cross validation
2024-11-28 11:59:27,591:INFO:Cross validating with StratifiedKFold(n_splits=5, random_state=None, shuffle=False), n_jobs=-1
2024-11-28 11:59:27,846:WARNING:/home/damiatus/.local/lib/python3.10/site-packages/sklearn/ensemble/_weight_boosting.py:519: FutureWarning: The SAMME.R algorithm (the default) is deprecated and will be removed in 1.6. Use the SAMME algorithm to circumvent this warning.
  warnings.warn(

2024-11-28 11:59:27,846:WARNING:/home/damiatus/.local/lib/python3.10/site-packages/sklearn/ensemble/_weight_boosting.py:519: FutureWarning: The SAMME.R algorithm (the default) is deprecated and will be removed in 1.6. Use the SAMME algorithm to circumvent this warning.
  warnings.warn(

2024-11-28 11:59:27,847:WARNING:/home/damiatus/.local/lib/python3.10/site-packages/sklearn/ensemble/_weight_boosting.py:519: FutureWarning: The SAMME.R algorithm (the default) is deprecated and will be removed in 1.6. Use the SAMME algorithm to circumvent this warning.
  warnings.warn(

2024-11-28 11:59:27,885:WARNING:/home/damiatus/.local/lib/python3.10/site-packages/sklearn/ensemble/_weight_boosting.py:519: FutureWarning: The SAMME.R algorithm (the default) is deprecated and will be removed in 1.6. Use the SAMME algorithm to circumvent this warning.
  warnings.warn(

2024-11-28 11:59:41,791:WARNING:/home/damiatus/.local/lib/python3.10/site-packages/sklearn/ensemble/_weight_boosting.py:519: FutureWarning: The SAMME.R algorithm (the default) is deprecated and will be removed in 1.6. Use the SAMME algorithm to circumvent this warning.
  warnings.warn(

2024-11-28 11:59:51,468:INFO:Calculating mean and std
2024-11-28 11:59:51,469:INFO:Creating metrics dataframe
2024-11-28 11:59:51,490:INFO:Uploading results into container
2024-11-28 11:59:51,491:INFO:Uploading model into container now
2024-11-28 11:59:51,492:INFO:_master_model_container: 9
2024-11-28 11:59:51,492:INFO:_display_container: 2
2024-11-28 11:59:51,493:INFO:AdaBoostClassifier(algorithm='SAMME.R', estimator=None, learning_rate=1.0,
                   n_estimators=50, random_state=123)
2024-11-28 11:59:51,493:INFO:create_model() successfully completed......................................
2024-11-28 11:59:51,656:INFO:SubProcess create_model() end ==================================
2024-11-28 11:59:51,657:INFO:Creating metrics dataframe
2024-11-28 11:59:51,676:INFO:Initializing Gradient Boosting Classifier
2024-11-28 11:59:51,677:INFO:Total runtime is 1.7728946685791014 minutes
2024-11-28 11:59:51,682:INFO:SubProcess create_model() called ==================================
2024-11-28 11:59:51,683:INFO:Initializing create_model()
2024-11-28 11:59:51,683:INFO:create_model(self=<pycaret.classification.oop.ClassificationExperiment object at 0x7f509ccbfd00>, estimator=gbc, fold=StratifiedKFold(n_splits=5, random_state=None, shuffle=False), round=4, cross_validation=True, predict=True, fit_kwargs={}, groups=None, refit=False, probability_threshold=None, experiment_custom_tags=None, verbose=False, system=False, add_to_model_list=True, metrics=None, display=<pycaret.internal.display.display.CommonDisplay object at 0x7f509ccf5ba0>, model_only=True, return_train_score=False, error_score=0.0, kwargs={})
2024-11-28 11:59:51,684:INFO:Checking exceptions
2024-11-28 11:59:51,684:INFO:Importing libraries
2024-11-28 11:59:51,684:INFO:Copying training dataset
2024-11-28 11:59:51,825:INFO:Defining folds
2024-11-28 11:59:51,825:INFO:Declaring metric variables
2024-11-28 11:59:51,832:INFO:Importing untrained model
2024-11-28 11:59:51,845:INFO:Gradient Boosting Classifier Imported successfully
2024-11-28 11:59:51,858:INFO:Starting cross validation
2024-11-28 11:59:51,860:INFO:Cross validating with StratifiedKFold(n_splits=5, random_state=None, shuffle=False), n_jobs=-1
2024-11-28 12:02:02,100:INFO:Calculating mean and std
2024-11-28 12:02:02,106:INFO:Creating metrics dataframe
2024-11-28 12:02:02,110:INFO:Uploading results into container
2024-11-28 12:02:02,111:INFO:Uploading model into container now
2024-11-28 12:02:02,112:INFO:_master_model_container: 10
2024-11-28 12:02:02,112:INFO:_display_container: 2
2024-11-28 12:02:02,113:INFO:GradientBoostingClassifier(ccp_alpha=0.0, criterion='friedman_mse', init=None,
                           learning_rate=0.1, loss='log_loss', max_depth=3,
                           max_features=None, max_leaf_nodes=None,
                           min_impurity_decrease=0.0, min_samples_leaf=1,
                           min_samples_split=2, min_weight_fraction_leaf=0.0,
                           n_estimators=100, n_iter_no_change=None,
                           random_state=123, subsample=1.0, tol=0.0001,
                           validation_fraction=0.1, verbose=0,
                           warm_start=False)
2024-11-28 12:02:02,113:INFO:create_model() successfully completed......................................
2024-11-28 12:02:02,365:INFO:SubProcess create_model() end ==================================
2024-11-28 12:02:02,366:INFO:Creating metrics dataframe
2024-11-28 12:02:02,400:INFO:Initializing Linear Discriminant Analysis
2024-11-28 12:02:02,401:INFO:Total runtime is 3.9516297260920203 minutes
2024-11-28 12:02:02,415:INFO:SubProcess create_model() called ==================================
2024-11-28 12:02:02,416:INFO:Initializing create_model()
2024-11-28 12:02:02,416:INFO:create_model(self=<pycaret.classification.oop.ClassificationExperiment object at 0x7f509ccbfd00>, estimator=lda, fold=StratifiedKFold(n_splits=5, random_state=None, shuffle=False), round=4, cross_validation=True, predict=True, fit_kwargs={}, groups=None, refit=False, probability_threshold=None, experiment_custom_tags=None, verbose=False, system=False, add_to_model_list=True, metrics=None, display=<pycaret.internal.display.display.CommonDisplay object at 0x7f509ccf5ba0>, model_only=True, return_train_score=False, error_score=0.0, kwargs={})
2024-11-28 12:02:02,416:INFO:Checking exceptions
2024-11-28 12:02:02,416:INFO:Importing libraries
2024-11-28 12:02:02,416:INFO:Copying training dataset
2024-11-28 12:02:02,608:INFO:Defining folds
2024-11-28 12:02:02,609:INFO:Declaring metric variables
2024-11-28 12:02:02,615:INFO:Importing untrained model
2024-11-28 12:02:02,632:INFO:Linear Discriminant Analysis Imported successfully
2024-11-28 12:02:02,659:INFO:Starting cross validation
2024-11-28 12:02:02,661:INFO:Cross validating with StratifiedKFold(n_splits=5, random_state=None, shuffle=False), n_jobs=-1
2024-11-28 12:02:04,030:INFO:Calculating mean and std
2024-11-28 12:02:04,032:INFO:Creating metrics dataframe
2024-11-28 12:02:04,036:INFO:Uploading results into container
2024-11-28 12:02:04,037:INFO:Uploading model into container now
2024-11-28 12:02:04,047:INFO:_master_model_container: 11
2024-11-28 12:02:04,047:INFO:_display_container: 2
2024-11-28 12:02:04,047:INFO:LinearDiscriminantAnalysis(covariance_estimator=None, n_components=None,
                           priors=None, shrinkage=None, solver='svd',
                           store_covariance=False, tol=0.0001)
2024-11-28 12:02:04,047:INFO:create_model() successfully completed......................................
2024-11-28 12:02:04,188:INFO:SubProcess create_model() end ==================================
2024-11-28 12:02:04,188:INFO:Creating metrics dataframe
2024-11-28 12:02:04,206:INFO:Initializing Extra Trees Classifier
2024-11-28 12:02:04,207:INFO:Total runtime is 3.9817327340443924 minutes
2024-11-28 12:02:04,218:INFO:SubProcess create_model() called ==================================
2024-11-28 12:02:04,218:INFO:Initializing create_model()
2024-11-28 12:02:04,218:INFO:create_model(self=<pycaret.classification.oop.ClassificationExperiment object at 0x7f509ccbfd00>, estimator=et, fold=StratifiedKFold(n_splits=5, random_state=None, shuffle=False), round=4, cross_validation=True, predict=True, fit_kwargs={}, groups=None, refit=False, probability_threshold=None, experiment_custom_tags=None, verbose=False, system=False, add_to_model_list=True, metrics=None, display=<pycaret.internal.display.display.CommonDisplay object at 0x7f509ccf5ba0>, model_only=True, return_train_score=False, error_score=0.0, kwargs={})
2024-11-28 12:02:04,219:INFO:Checking exceptions
2024-11-28 12:02:04,219:INFO:Importing libraries
2024-11-28 12:02:04,219:INFO:Copying training dataset
2024-11-28 12:02:04,326:INFO:Defining folds
2024-11-28 12:02:04,326:INFO:Declaring metric variables
2024-11-28 12:02:04,333:INFO:Importing untrained model
2024-11-28 12:02:04,348:INFO:Extra Trees Classifier Imported successfully
2024-11-28 12:02:04,368:INFO:Starting cross validation
2024-11-28 12:02:04,370:INFO:Cross validating with StratifiedKFold(n_splits=5, random_state=None, shuffle=False), n_jobs=-1
2024-11-28 12:02:16,727:INFO:Calculating mean and std
2024-11-28 12:02:16,729:INFO:Creating metrics dataframe
2024-11-28 12:02:16,732:INFO:Uploading results into container
2024-11-28 12:02:16,734:INFO:Uploading model into container now
2024-11-28 12:02:16,738:INFO:_master_model_container: 12
2024-11-28 12:02:16,739:INFO:_display_container: 2
2024-11-28 12:02:16,744:INFO:ExtraTreesClassifier(bootstrap=False, ccp_alpha=0.0, class_weight=None,
                     criterion='gini', max_depth=None, max_features='sqrt',
                     max_leaf_nodes=None, max_samples=None,
                     min_impurity_decrease=0.0, min_samples_leaf=1,
                     min_samples_split=2, min_weight_fraction_leaf=0.0,
                     monotonic_cst=None, n_estimators=100, n_jobs=-1,
                     oob_score=False, random_state=123, verbose=0,
                     warm_start=False)
2024-11-28 12:02:16,744:INFO:create_model() successfully completed......................................
2024-11-28 12:02:16,865:INFO:SubProcess create_model() end ==================================
2024-11-28 12:02:16,865:INFO:Creating metrics dataframe
2024-11-28 12:02:16,879:INFO:Initializing Extreme Gradient Boosting
2024-11-28 12:02:16,879:INFO:Total runtime is 4.192931485176086 minutes
2024-11-28 12:02:16,888:INFO:SubProcess create_model() called ==================================
2024-11-28 12:02:16,889:INFO:Initializing create_model()
2024-11-28 12:02:16,889:INFO:create_model(self=<pycaret.classification.oop.ClassificationExperiment object at 0x7f509ccbfd00>, estimator=xgboost, fold=StratifiedKFold(n_splits=5, random_state=None, shuffle=False), round=4, cross_validation=True, predict=True, fit_kwargs={}, groups=None, refit=False, probability_threshold=None, experiment_custom_tags=None, verbose=False, system=False, add_to_model_list=True, metrics=None, display=<pycaret.internal.display.display.CommonDisplay object at 0x7f509ccf5ba0>, model_only=True, return_train_score=False, error_score=0.0, kwargs={})
2024-11-28 12:02:16,889:INFO:Checking exceptions
2024-11-28 12:02:16,889:INFO:Importing libraries
2024-11-28 12:02:16,889:INFO:Copying training dataset
2024-11-28 12:02:16,988:INFO:Defining folds
2024-11-28 12:02:16,988:INFO:Declaring metric variables
2024-11-28 12:02:16,994:INFO:Importing untrained model
2024-11-28 12:02:17,010:INFO:Extreme Gradient Boosting Imported successfully
2024-11-28 12:02:17,032:INFO:Starting cross validation
2024-11-28 12:02:17,034:INFO:Cross validating with StratifiedKFold(n_splits=5, random_state=None, shuffle=False), n_jobs=-1
2024-11-28 12:02:24,293:INFO:Calculating mean and std
2024-11-28 12:02:24,295:INFO:Creating metrics dataframe
2024-11-28 12:02:24,299:INFO:Uploading results into container
2024-11-28 12:02:24,301:INFO:Uploading model into container now
2024-11-28 12:02:24,301:INFO:_master_model_container: 13
2024-11-28 12:02:24,302:INFO:_display_container: 2
2024-11-28 12:02:24,303:INFO:XGBClassifier(base_score=None, booster='gbtree', callbacks=None,
              colsample_bylevel=None, colsample_bynode=None,
              colsample_bytree=None, device='cpu', early_stopping_rounds=None,
              enable_categorical=False, eval_metric=None, feature_types=None,
              gamma=None, grow_policy=None, importance_type=None,
              interaction_constraints=None, learning_rate=None, max_bin=None,
              max_cat_threshold=None, max_cat_to_onehot=None,
              max_delta_step=None, max_depth=None, max_leaves=None,
              min_child_weight=None, missing=nan, monotone_constraints=None,
              multi_strategy=None, n_estimators=None, n_jobs=-1,
              num_parallel_tree=None, objective='binary:logistic', ...)
2024-11-28 12:02:24,303:INFO:create_model() successfully completed......................................
2024-11-28 12:02:24,453:INFO:SubProcess create_model() end ==================================
2024-11-28 12:02:24,453:INFO:Creating metrics dataframe
2024-11-28 12:02:24,467:INFO:Initializing Light Gradient Boosting Machine
2024-11-28 12:02:24,467:INFO:Total runtime is 4.3194088459014885 minutes
2024-11-28 12:02:24,476:INFO:SubProcess create_model() called ==================================
2024-11-28 12:02:24,477:INFO:Initializing create_model()
2024-11-28 12:02:24,477:INFO:create_model(self=<pycaret.classification.oop.ClassificationExperiment object at 0x7f509ccbfd00>, estimator=lightgbm, fold=StratifiedKFold(n_splits=5, random_state=None, shuffle=False), round=4, cross_validation=True, predict=True, fit_kwargs={}, groups=None, refit=False, probability_threshold=None, experiment_custom_tags=None, verbose=False, system=False, add_to_model_list=True, metrics=None, display=<pycaret.internal.display.display.CommonDisplay object at 0x7f509ccf5ba0>, model_only=True, return_train_score=False, error_score=0.0, kwargs={})
2024-11-28 12:02:24,477:INFO:Checking exceptions
2024-11-28 12:02:24,477:INFO:Importing libraries
2024-11-28 12:02:24,478:INFO:Copying training dataset
2024-11-28 12:02:24,603:INFO:Defining folds
2024-11-28 12:02:24,603:INFO:Declaring metric variables
2024-11-28 12:02:24,610:INFO:Importing untrained model
2024-11-28 12:02:24,623:INFO:Light Gradient Boosting Machine Imported successfully
2024-11-28 12:02:24,645:INFO:Starting cross validation
2024-11-28 12:02:24,646:INFO:Cross validating with StratifiedKFold(n_splits=5, random_state=None, shuffle=False), n_jobs=-1
2024-11-28 12:11:34,682:INFO:Calculating mean and std
2024-11-28 12:11:34,684:INFO:Creating metrics dataframe
2024-11-28 12:11:34,687:INFO:Uploading results into container
2024-11-28 12:11:34,688:INFO:Uploading model into container now
2024-11-28 12:11:34,688:INFO:_master_model_container: 14
2024-11-28 12:11:34,689:INFO:_display_container: 2
2024-11-28 12:11:34,689:INFO:LGBMClassifier(boosting_type='gbdt', class_weight=None, colsample_bytree=1.0,
               importance_type='split', learning_rate=0.1, max_depth=-1,
               min_child_samples=20, min_child_weight=0.001, min_split_gain=0.0,
               n_estimators=100, n_jobs=-1, num_leaves=31, objective=None,
               random_state=123, reg_alpha=0.0, reg_lambda=0.0, subsample=1.0,
               subsample_for_bin=200000, subsample_freq=0)
2024-11-28 12:11:34,690:INFO:create_model() successfully completed......................................
2024-11-28 12:11:34,835:INFO:SubProcess create_model() end ==================================
2024-11-28 12:11:34,836:INFO:Creating metrics dataframe
2024-11-28 12:11:34,852:INFO:Initializing CatBoost Classifier
2024-11-28 12:11:34,853:INFO:Total runtime is 13.492496641476949 minutes
2024-11-28 12:11:34,858:INFO:SubProcess create_model() called ==================================
2024-11-28 12:11:34,859:INFO:Initializing create_model()
2024-11-28 12:11:34,861:INFO:create_model(self=<pycaret.classification.oop.ClassificationExperiment object at 0x7f509ccbfd00>, estimator=catboost, fold=StratifiedKFold(n_splits=5, random_state=None, shuffle=False), round=4, cross_validation=True, predict=True, fit_kwargs={}, groups=None, refit=False, probability_threshold=None, experiment_custom_tags=None, verbose=False, system=False, add_to_model_list=True, metrics=None, display=<pycaret.internal.display.display.CommonDisplay object at 0x7f509ccf5ba0>, model_only=True, return_train_score=False, error_score=0.0, kwargs={})
2024-11-28 12:11:34,861:INFO:Checking exceptions
2024-11-28 12:11:34,861:INFO:Importing libraries
2024-11-28 12:11:34,861:INFO:Copying training dataset
2024-11-28 12:11:34,974:INFO:Defining folds
2024-11-28 12:11:34,975:INFO:Declaring metric variables
2024-11-28 12:11:34,984:INFO:Importing untrained model
2024-11-28 12:11:34,996:INFO:CatBoost Classifier Imported successfully
2024-11-28 12:11:35,007:INFO:Starting cross validation
2024-11-28 12:11:35,009:INFO:Cross validating with StratifiedKFold(n_splits=5, random_state=None, shuffle=False), n_jobs=-1
2024-11-28 12:12:59,968:WARNING:/home/damiatus/.local/lib/python3.10/site-packages/joblib/externals/loky/process_executor.py:752: UserWarning: A worker stopped while some jobs were given to the executor. This can be caused by a too short worker timeout or by a memory leak.
  warnings.warn(

2024-11-28 12:13:17,340:INFO:Calculating mean and std
2024-11-28 12:13:17,343:INFO:Creating metrics dataframe
2024-11-28 12:13:17,348:INFO:Uploading results into container
2024-11-28 12:13:17,350:INFO:Uploading model into container now
2024-11-28 12:13:17,355:INFO:_master_model_container: 15
2024-11-28 12:13:17,356:INFO:_display_container: 2
2024-11-28 12:13:17,358:INFO:<catboost.core.CatBoostClassifier object at 0x7f509ccf71f0>
2024-11-28 12:13:17,359:INFO:create_model() successfully completed......................................
2024-11-28 12:13:17,485:INFO:SubProcess create_model() end ==================================
2024-11-28 12:13:17,485:INFO:Creating metrics dataframe
2024-11-28 12:13:17,503:INFO:Initializing Dummy Classifier
2024-11-28 12:13:17,504:INFO:Total runtime is 15.203349204858144 minutes
2024-11-28 12:13:17,512:INFO:SubProcess create_model() called ==================================
2024-11-28 12:13:17,512:INFO:Initializing create_model()
2024-11-28 12:13:17,513:INFO:create_model(self=<pycaret.classification.oop.ClassificationExperiment object at 0x7f509ccbfd00>, estimator=dummy, fold=StratifiedKFold(n_splits=5, random_state=None, shuffle=False), round=4, cross_validation=True, predict=True, fit_kwargs={}, groups=None, refit=False, probability_threshold=None, experiment_custom_tags=None, verbose=False, system=False, add_to_model_list=True, metrics=None, display=<pycaret.internal.display.display.CommonDisplay object at 0x7f509ccf5ba0>, model_only=True, return_train_score=False, error_score=0.0, kwargs={})
2024-11-28 12:13:17,513:INFO:Checking exceptions
2024-11-28 12:13:17,513:INFO:Importing libraries
2024-11-28 12:13:17,513:INFO:Copying training dataset
2024-11-28 12:13:17,633:INFO:Defining folds
2024-11-28 12:13:17,633:INFO:Declaring metric variables
2024-11-28 12:13:17,640:INFO:Importing untrained model
2024-11-28 12:13:17,655:INFO:Dummy Classifier Imported successfully
2024-11-28 12:13:17,684:INFO:Starting cross validation
2024-11-28 12:13:17,686:INFO:Cross validating with StratifiedKFold(n_splits=5, random_state=None, shuffle=False), n_jobs=-1
2024-11-28 12:13:19,878:INFO:Calculating mean and std
2024-11-28 12:13:19,880:INFO:Creating metrics dataframe
2024-11-28 12:13:19,883:INFO:Uploading results into container
2024-11-28 12:13:19,892:INFO:Uploading model into container now
2024-11-28 12:13:19,895:INFO:_master_model_container: 16
2024-11-28 12:13:19,896:INFO:_display_container: 2
2024-11-28 12:13:19,896:INFO:DummyClassifier(constant=None, random_state=123, strategy='prior')
2024-11-28 12:13:19,896:INFO:create_model() successfully completed......................................
2024-11-28 12:13:20,038:INFO:SubProcess create_model() end ==================================
2024-11-28 12:13:20,038:INFO:Creating metrics dataframe
2024-11-28 12:13:20,070:WARNING:/home/damiatus/.local/lib/python3.10/site-packages/pycaret/internal/pycaret_experiment/supervised_experiment.py:323: FutureWarning: Styler.applymap has been deprecated. Use Styler.map instead.
  master_display_.apply(

2024-11-28 12:13:20,086:INFO:Initializing create_model()
2024-11-28 12:13:20,086:INFO:create_model(self=<pycaret.classification.oop.ClassificationExperiment object at 0x7f509ccbfd00>, estimator=RandomForestClassifier(bootstrap=True, ccp_alpha=0.0, class_weight=None,
                       criterion='gini', max_depth=None, max_features='sqrt',
                       max_leaf_nodes=None, max_samples=None,
                       min_impurity_decrease=0.0, min_samples_leaf=1,
                       min_samples_split=2, min_weight_fraction_leaf=0.0,
                       monotonic_cst=None, n_estimators=100, n_jobs=-1,
                       oob_score=False, random_state=123, verbose=0,
                       warm_start=False), fold=StratifiedKFold(n_splits=5, random_state=None, shuffle=False), round=4, cross_validation=False, predict=False, fit_kwargs={}, groups=None, refit=True, probability_threshold=None, experiment_custom_tags=None, verbose=False, system=False, add_to_model_list=True, metrics=None, display=None, model_only=True, return_train_score=False, error_score=0.0, kwargs={})
2024-11-28 12:13:20,086:INFO:Checking exceptions
2024-11-28 12:13:20,089:INFO:Importing libraries
2024-11-28 12:13:20,094:INFO:Copying training dataset
2024-11-28 12:13:20,221:INFO:Defining folds
2024-11-28 12:13:20,221:INFO:Declaring metric variables
2024-11-28 12:13:20,222:INFO:Importing untrained model
2024-11-28 12:13:20,222:INFO:Declaring custom model
2024-11-28 12:13:20,223:INFO:Random Forest Classifier Imported successfully
2024-11-28 12:13:20,224:INFO:Cross validation set to False
2024-11-28 12:13:20,224:INFO:Fitting Model
2024-11-28 12:13:30,392:INFO:RandomForestClassifier(bootstrap=True, ccp_alpha=0.0, class_weight=None,
                       criterion='gini', max_depth=None, max_features='sqrt',
                       max_leaf_nodes=None, max_samples=None,
                       min_impurity_decrease=0.0, min_samples_leaf=1,
                       min_samples_split=2, min_weight_fraction_leaf=0.0,
                       monotonic_cst=None, n_estimators=100, n_jobs=-1,
                       oob_score=False, random_state=123, verbose=0,
                       warm_start=False)
2024-11-28 12:13:30,392:INFO:create_model() successfully completed......................................
2024-11-28 12:13:30,576:INFO:_master_model_container: 16
2024-11-28 12:13:30,576:INFO:_display_container: 2
2024-11-28 12:13:30,577:INFO:RandomForestClassifier(bootstrap=True, ccp_alpha=0.0, class_weight=None,
                       criterion='gini', max_depth=None, max_features='sqrt',
                       max_leaf_nodes=None, max_samples=None,
                       min_impurity_decrease=0.0, min_samples_leaf=1,
                       min_samples_split=2, min_weight_fraction_leaf=0.0,
                       monotonic_cst=None, n_estimators=100, n_jobs=-1,
                       oob_score=False, random_state=123, verbose=0,
                       warm_start=False)
2024-11-28 12:13:30,577:INFO:compare_models() successfully completed......................................
2024-11-28 13:23:14,930:WARNING:
'cuml' is a soft dependency and not included in the pycaret installation. Please run: `pip install cuml` to install.
2024-11-28 13:23:14,931:WARNING:
'cuml' is a soft dependency and not included in the pycaret installation. Please run: `pip install cuml` to install.
2024-11-28 13:23:14,931:WARNING:
'cuml' is a soft dependency and not included in the pycaret installation. Please run: `pip install cuml` to install.
2024-11-28 13:23:14,931:WARNING:
'cuml' is a soft dependency and not included in the pycaret installation. Please run: `pip install cuml` to install.
2024-11-28 13:23:19,245:INFO:PyCaret ClassificationExperiment
2024-11-28 13:23:19,245:INFO:Logging name: clf-default-name
2024-11-28 13:23:19,245:INFO:ML Usecase: MLUsecase.CLASSIFICATION
2024-11-28 13:23:19,245:INFO:version 3.3.2
2024-11-28 13:23:19,245:INFO:Initializing setup()
2024-11-28 13:23:19,245:INFO:self.USI: 4dc6
2024-11-28 13:23:19,245:INFO:self._variable_keys: {'USI', '_ml_usecase', 'gpu_param', 'fold_shuffle_param', 'memory', 'html_param', 'y_train', 'y_test', 'y', 'gpu_n_jobs_param', 'n_jobs_param', 'X_train', 'exp_id', 'X_test', 'is_multiclass', 'exp_name_log', 'fold_groups_param', 'fold_generator', 'data', 'seed', 'fix_imbalance', 'X', 'logging_param', 'log_plots_param', 'target_param', 'idx', '_available_plots', 'pipeline'}
2024-11-28 13:23:19,245:INFO:Checking environment
2024-11-28 13:23:19,245:INFO:python_version: 3.10.12
2024-11-28 13:23:19,245:INFO:python_build: ('main', 'Nov  6 2024 20:22:13')
2024-11-28 13:23:19,245:INFO:machine: x86_64
2024-11-28 13:23:19,246:INFO:platform: Linux-5.15.167.4-microsoft-standard-WSL2-x86_64-with-glibc2.35
2024-11-28 13:23:19,246:INFO:Memory: svmem(total=8286756864, available=2280718336, percent=72.5, used=5694058496, free=1601396736, active=393392128, inactive=5690068992, buffers=60567552, cached=930734080, shared=4349952, slab=266153984)
2024-11-28 13:23:19,246:INFO:Physical Core: 4
2024-11-28 13:23:19,246:INFO:Logical Core: 4
2024-11-28 13:23:19,247:INFO:Checking libraries
2024-11-28 13:23:19,247:INFO:System:
2024-11-28 13:23:19,247:INFO:    python: 3.10.12 (main, Nov  6 2024, 20:22:13) [GCC 11.4.0]
2024-11-28 13:23:19,247:INFO:executable: /bin/python3
2024-11-28 13:23:19,247:INFO:   machine: Linux-5.15.167.4-microsoft-standard-WSL2-x86_64-with-glibc2.35
2024-11-28 13:23:19,247:INFO:PyCaret required dependencies:
2024-11-28 13:23:19,461:INFO:                 pip: 22.0.2
2024-11-28 13:23:19,462:INFO:          setuptools: 59.6.0
2024-11-28 13:23:19,462:INFO:             pycaret: 3.3.2
2024-11-28 13:23:19,462:INFO:             IPython: 8.27.0
2024-11-28 13:23:19,462:INFO:          ipywidgets: 8.1.5
2024-11-28 13:23:19,462:INFO:                tqdm: 4.66.5
2024-11-28 13:23:19,462:INFO:               numpy: 1.26.4
2024-11-28 13:23:19,462:INFO:              pandas: 2.1.4
2024-11-28 13:23:19,462:INFO:              jinja2: 3.1.4
2024-11-28 13:23:19,462:INFO:               scipy: 1.11.4
2024-11-28 13:23:19,462:INFO:              joblib: 1.3.2
2024-11-28 13:23:19,462:INFO:             sklearn: 1.4.2
2024-11-28 13:23:19,462:INFO:                pyod: 2.0.2
2024-11-28 13:23:19,462:INFO:            imblearn: 0.12.4
2024-11-28 13:23:19,462:INFO:   category_encoders: 2.6.4
2024-11-28 13:23:19,462:INFO:            lightgbm: 4.5.0
2024-11-28 13:23:19,462:INFO:               numba: 0.60.0
2024-11-28 13:23:19,462:INFO:            requests: 2.32.3
2024-11-28 13:23:19,462:INFO:          matplotlib: 3.7.5
2024-11-28 13:23:19,462:INFO:          scikitplot: 0.3.7
2024-11-28 13:23:19,462:INFO:         yellowbrick: 1.5
2024-11-28 13:23:19,462:INFO:              plotly: 5.24.1
2024-11-28 13:23:19,462:INFO:    plotly-resampler: Not installed
2024-11-28 13:23:19,462:INFO:             kaleido: 0.2.1
2024-11-28 13:23:19,462:INFO:           schemdraw: 0.15
2024-11-28 13:23:19,463:INFO:         statsmodels: 0.14.3
2024-11-28 13:23:19,463:INFO:              sktime: 0.26.0
2024-11-28 13:23:19,463:INFO:               tbats: 1.1.3
2024-11-28 13:23:19,463:INFO:            pmdarima: 2.0.4
2024-11-28 13:23:19,463:INFO:              psutil: 6.0.0
2024-11-28 13:23:19,463:INFO:          markupsafe: 3.0.1
2024-11-28 13:23:19,463:INFO:             pickle5: Not installed
2024-11-28 13:23:19,463:INFO:         cloudpickle: 3.0.0
2024-11-28 13:23:19,463:INFO:         deprecation: 2.1.0
2024-11-28 13:23:19,463:INFO:              xxhash: 3.5.0
2024-11-28 13:23:19,463:INFO:           wurlitzer: 3.1.1
2024-11-28 13:23:19,463:INFO:PyCaret optional dependencies:
2024-11-28 13:23:20,338:INFO:                shap: 0.46.0
2024-11-28 13:23:20,338:INFO:           interpret: Not installed
2024-11-28 13:23:20,338:INFO:                umap: Not installed
2024-11-28 13:23:20,339:INFO:     ydata_profiling: Not installed
2024-11-28 13:23:20,339:INFO:  explainerdashboard: Not installed
2024-11-28 13:23:20,339:INFO:             autoviz: Not installed
2024-11-28 13:23:20,339:INFO:           fairlearn: Not installed
2024-11-28 13:23:20,339:INFO:          deepchecks: Not installed
2024-11-28 13:23:20,339:INFO:             xgboost: 2.1.1
2024-11-28 13:23:20,339:INFO:            catboost: 1.2.7
2024-11-28 13:23:20,339:INFO:              kmodes: Not installed
2024-11-28 13:23:20,339:INFO:             mlxtend: Not installed
2024-11-28 13:23:20,339:INFO:       statsforecast: Not installed
2024-11-28 13:23:20,339:INFO:        tune_sklearn: Not installed
2024-11-28 13:23:20,339:INFO:                 ray: Not installed
2024-11-28 13:23:20,339:INFO:            hyperopt: Not installed
2024-11-28 13:23:20,339:INFO:              optuna: Not installed
2024-11-28 13:23:20,339:INFO:               skopt: Not installed
2024-11-28 13:23:20,339:INFO:              mlflow: Not installed
2024-11-28 13:23:20,339:INFO:              gradio: Not installed
2024-11-28 13:23:20,339:INFO:             fastapi: Not installed
2024-11-28 13:23:20,339:INFO:             uvicorn: Not installed
2024-11-28 13:23:20,339:INFO:              m2cgen: Not installed
2024-11-28 13:23:20,339:INFO:           evidently: Not installed
2024-11-28 13:23:20,339:INFO:               fugue: Not installed
2024-11-28 13:23:20,339:INFO:           streamlit: Not installed
2024-11-28 13:23:20,339:INFO:             prophet: 1.1.6
2024-11-28 13:23:20,339:INFO:None
2024-11-28 13:23:20,339:INFO:Set up data.
2024-11-28 13:23:20,461:INFO:Set up folding strategy.
2024-11-28 13:23:20,461:INFO:Set up train/test split.
2024-11-28 13:23:20,547:INFO:Set up index.
2024-11-28 13:23:20,548:INFO:Assigning column types.
2024-11-28 13:23:20,620:INFO:Engine successfully changes for model 'lr' to 'sklearn'.
2024-11-28 13:23:20,691:INFO:Engine for model 'knn' has not been set explicitly, hence returning None.
2024-11-28 13:23:20,695:INFO:Engine for model 'rbfsvm' has not been set explicitly, hence returning None.
2024-11-28 13:23:20,751:INFO:Soft dependency imported: xgboost: 2.1.1
2024-11-28 13:23:20,755:INFO:Soft dependency imported: catboost: 1.2.7
2024-11-28 13:23:22,540:INFO:Engine for model 'knn' has not been set explicitly, hence returning None.
2024-11-28 13:23:22,553:INFO:Engine for model 'rbfsvm' has not been set explicitly, hence returning None.
2024-11-28 13:23:22,699:INFO:Soft dependency imported: xgboost: 2.1.1
2024-11-28 13:23:22,714:INFO:Soft dependency imported: catboost: 1.2.7
2024-11-28 13:23:22,715:INFO:Engine successfully changes for model 'knn' to 'sklearn'.
2024-11-28 13:23:22,922:INFO:Engine for model 'rbfsvm' has not been set explicitly, hence returning None.
2024-11-28 13:23:23,021:INFO:Soft dependency imported: xgboost: 2.1.1
2024-11-28 13:23:23,035:INFO:Soft dependency imported: catboost: 1.2.7
2024-11-28 13:23:23,197:INFO:Engine for model 'rbfsvm' has not been set explicitly, hence returning None.
2024-11-28 13:23:23,271:INFO:Soft dependency imported: xgboost: 2.1.1
2024-11-28 13:23:23,275:INFO:Soft dependency imported: catboost: 1.2.7
2024-11-28 13:23:23,276:INFO:Engine successfully changes for model 'rbfsvm' to 'sklearn'.
2024-11-28 13:23:23,446:INFO:Soft dependency imported: xgboost: 2.1.1
2024-11-28 13:23:23,450:INFO:Soft dependency imported: catboost: 1.2.7
2024-11-28 13:23:23,657:INFO:Soft dependency imported: xgboost: 2.1.1
2024-11-28 13:23:23,665:INFO:Soft dependency imported: catboost: 1.2.7
2024-11-28 13:23:23,679:INFO:Preparing preprocessing pipeline...
2024-11-28 13:23:23,691:INFO:Set up date feature engineering.
2024-11-28 13:23:23,691:INFO:Set up simple imputation.
2024-11-28 13:23:23,736:INFO:Set up encoding of ordinal features.
2024-11-28 13:23:23,762:INFO:Set up encoding of categorical features.
2024-11-28 13:23:24,161:INFO:Finished creating preprocessing pipeline.
2024-11-28 13:23:24,203:INFO:Pipeline: Pipeline(memory=FastMemory(location=/tmp/joblib),
         steps=[('date_feature_extractor',
                 TransformerWrapper(exclude=None,
                                    include=['borrow_timestamp',
                                             'first_tx_timestamp',
                                             'last_tx_timestamp'],
                                    transformer=ExtractDateTimeFeatures(features=['day',
                                                                                  'month',
                                                                                  'year']))),
                ('numerical_imputer',
                 TransformerWrapper(exclude=None,
                                    include=['wallet_age', 'incoming_tx_count',...
                ('ordinal_encoding',
                 TransformerWrapper(exclude=None,
                                    include=['market_ht_trendmode'],
                                    transformer=OrdinalEncoder(cols=['market_ht_trendmode'],
                                                               drop_invariant=False,
                                                               handle_missing='return_nan',
                                                               handle_unknown='value',
                                                               mapping=[{'col': 'market_ht_trendmode',
                                                                         'data_type': dtype('float64'),
                                                                         'mapping': 0.0    0
1.0    1
NaN   -1
dtype: int64}],
                                                               return_df=True,
                                                               verbose=0)))],
         verbose=False)
2024-11-28 13:23:24,204:INFO:Creating final display dataframe.
2024-11-28 13:23:25,245:INFO:Setup _display_container:                     Description             Value
0                    Session id               123
1                        Target            target
2                   Target type            Binary
3           Original data shape       (42081, 78)
4        Transformed data shape       (42081, 79)
5   Transformed train set shape       (29456, 79)
6    Transformed test set shape       (12625, 79)
7               Ignore features                 5
8              Numeric features                68
9                 Date features                 3
10         Categorical features                 1
11     Rows with missing values             99.1%
12                   Preprocess              True
13              Imputation type            simple
14           Numeric imputation              mean
15       Categorical imputation              mode
16     Maximum one-hot encoding                25
17              Encoding method              None
18               Fold Generator   StratifiedKFold
19                  Fold Number                 5
20                     CPU Jobs                -1
21                      Use GPU             False
22               Log Experiment             False
23              Experiment Name  clf-default-name
24                          USI              4dc6
2024-11-28 13:23:25,427:INFO:Soft dependency imported: xgboost: 2.1.1
2024-11-28 13:23:25,431:INFO:Soft dependency imported: catboost: 1.2.7
2024-11-28 13:23:25,600:INFO:Soft dependency imported: xgboost: 2.1.1
2024-11-28 13:23:25,613:INFO:Soft dependency imported: catboost: 1.2.7
2024-11-28 13:23:25,626:INFO:setup() successfully completed in 6.44s...............
2024-11-28 13:23:25,626:INFO:Initializing compare_models()
2024-11-28 13:23:25,626:INFO:compare_models(self=<pycaret.classification.oop.ClassificationExperiment object at 0x7f6cd7104580>, include=None, fold=None, round=4, cross_validation=True, sort=Accuracy, n_select=1, budget_time=None, turbo=True, errors=ignore, fit_kwargs=None, groups=None, experiment_custom_tags=None, probability_threshold=None, verbose=True, parallel=None, caller_params={'self': <pycaret.classification.oop.ClassificationExperiment object at 0x7f6cd7104580>, 'include': None, 'exclude': None, 'fold': None, 'round': 4, 'cross_validation': True, 'sort': 'Accuracy', 'n_select': 1, 'budget_time': None, 'turbo': True, 'errors': 'ignore', 'fit_kwargs': None, 'groups': None, 'experiment_custom_tags': None, 'probability_threshold': None, 'engine': None, 'verbose': True, 'parallel': None, '__class__': <class 'pycaret.classification.oop.ClassificationExperiment'>}, exclude=None)
2024-11-28 13:23:25,626:INFO:Checking exceptions
2024-11-28 13:23:25,774:INFO:Preparing display monitor
2024-11-28 13:23:25,888:INFO:Initializing Logistic Regression
2024-11-28 13:23:25,888:INFO:Total runtime is 3.6080678304036457e-06 minutes
2024-11-28 13:23:25,893:INFO:SubProcess create_model() called ==================================
2024-11-28 13:23:25,893:INFO:Initializing create_model()
2024-11-28 13:23:25,893:INFO:create_model(self=<pycaret.classification.oop.ClassificationExperiment object at 0x7f6cd7104580>, estimator=lr, fold=StratifiedKFold(n_splits=5, random_state=None, shuffle=False), round=4, cross_validation=True, predict=True, fit_kwargs={}, groups=None, refit=False, probability_threshold=None, experiment_custom_tags=None, verbose=False, system=False, add_to_model_list=True, metrics=None, display=<pycaret.internal.display.display.CommonDisplay object at 0x7f6cd9e04c10>, model_only=True, return_train_score=False, error_score=0.0, kwargs={})
2024-11-28 13:23:25,893:INFO:Checking exceptions
2024-11-28 13:23:25,893:INFO:Importing libraries
2024-11-28 13:23:25,894:INFO:Copying training dataset
2024-11-28 13:23:26,050:INFO:Defining folds
2024-11-28 13:23:26,050:INFO:Declaring metric variables
2024-11-28 13:23:26,066:INFO:Importing untrained model
2024-11-28 13:23:26,082:INFO:Logistic Regression Imported successfully
2024-11-28 13:23:26,113:INFO:Starting cross validation
2024-11-28 13:23:26,115:INFO:Cross validating with StratifiedKFold(n_splits=5, random_state=None, shuffle=False), n_jobs=-1
2024-11-28 13:23:41,702:WARNING:/home/damiatus/.local/lib/python3.10/site-packages/sklearn/linear_model/_logistic.py:469: ConvergenceWarning: lbfgs failed to converge (status=1):
STOP: TOTAL NO. of ITERATIONS REACHED LIMIT.

Increase the number of iterations (max_iter) or scale the data as shown in:
    https://scikit-learn.org/stable/modules/preprocessing.html
Please also refer to the documentation for alternative solver options:
    https://scikit-learn.org/stable/modules/linear_model.html#logistic-regression
  n_iter_i = _check_optimize_result(

2024-11-28 13:23:41,752:WARNING:/home/damiatus/.local/lib/python3.10/site-packages/sklearn/linear_model/_logistic.py:469: ConvergenceWarning: lbfgs failed to converge (status=1):
STOP: TOTAL NO. of ITERATIONS REACHED LIMIT.

Increase the number of iterations (max_iter) or scale the data as shown in:
    https://scikit-learn.org/stable/modules/preprocessing.html
Please also refer to the documentation for alternative solver options:
    https://scikit-learn.org/stable/modules/linear_model.html#logistic-regression
  n_iter_i = _check_optimize_result(

2024-11-28 13:23:43,916:WARNING:/home/damiatus/.local/lib/python3.10/site-packages/sklearn/linear_model/_logistic.py:469: ConvergenceWarning: lbfgs failed to converge (status=1):
STOP: TOTAL NO. of ITERATIONS REACHED LIMIT.

Increase the number of iterations (max_iter) or scale the data as shown in:
    https://scikit-learn.org/stable/modules/preprocessing.html
Please also refer to the documentation for alternative solver options:
    https://scikit-learn.org/stable/modules/linear_model.html#logistic-regression
  n_iter_i = _check_optimize_result(

2024-11-28 13:23:44,074:INFO:Calculating mean and std
2024-11-28 13:23:44,076:INFO:Creating metrics dataframe
2024-11-28 13:23:44,089:INFO:Uploading results into container
2024-11-28 13:23:44,090:INFO:Uploading model into container now
2024-11-28 13:23:44,095:INFO:_master_model_container: 1
2024-11-28 13:23:44,095:INFO:_display_container: 2
2024-11-28 13:23:44,096:INFO:LogisticRegression(C=1.0, class_weight=None, dual=False, fit_intercept=True,
                   intercept_scaling=1, l1_ratio=None, max_iter=1000,
                   multi_class='auto', n_jobs=None, penalty='l2',
                   random_state=123, solver='lbfgs', tol=0.0001, verbose=0,
                   warm_start=False)
2024-11-28 13:23:44,096:INFO:create_model() successfully completed......................................
2024-11-28 13:23:44,637:INFO:SubProcess create_model() end ==================================
2024-11-28 13:23:44,638:INFO:Creating metrics dataframe
2024-11-28 13:23:44,648:INFO:Initializing K Neighbors Classifier
2024-11-28 13:23:44,649:INFO:Total runtime is 0.3126784841219584 minutes
2024-11-28 13:23:44,655:INFO:SubProcess create_model() called ==================================
2024-11-28 13:23:44,661:INFO:Initializing create_model()
2024-11-28 13:23:44,661:INFO:create_model(self=<pycaret.classification.oop.ClassificationExperiment object at 0x7f6cd7104580>, estimator=knn, fold=StratifiedKFold(n_splits=5, random_state=None, shuffle=False), round=4, cross_validation=True, predict=True, fit_kwargs={}, groups=None, refit=False, probability_threshold=None, experiment_custom_tags=None, verbose=False, system=False, add_to_model_list=True, metrics=None, display=<pycaret.internal.display.display.CommonDisplay object at 0x7f6cd9e04c10>, model_only=True, return_train_score=False, error_score=0.0, kwargs={})
2024-11-28 13:23:44,661:INFO:Checking exceptions
2024-11-28 13:23:44,661:INFO:Importing libraries
2024-11-28 13:23:44,661:INFO:Copying training dataset
2024-11-28 13:23:44,889:INFO:Defining folds
2024-11-28 13:23:44,890:INFO:Declaring metric variables
2024-11-28 13:23:44,906:INFO:Importing untrained model
2024-11-28 13:23:44,923:INFO:K Neighbors Classifier Imported successfully
2024-11-28 13:23:44,943:INFO:Starting cross validation
2024-11-28 13:23:44,945:INFO:Cross validating with StratifiedKFold(n_splits=5, random_state=None, shuffle=False), n_jobs=-1
2024-11-28 13:23:58,597:INFO:Calculating mean and std
2024-11-28 13:23:58,599:INFO:Creating metrics dataframe
2024-11-28 13:23:58,602:INFO:Uploading results into container
2024-11-28 13:23:58,603:INFO:Uploading model into container now
2024-11-28 13:23:58,604:INFO:_master_model_container: 2
2024-11-28 13:23:58,604:INFO:_display_container: 2
2024-11-28 13:23:58,604:INFO:KNeighborsClassifier(algorithm='auto', leaf_size=30, metric='minkowski',
                     metric_params=None, n_jobs=-1, n_neighbors=5, p=2,
                     weights='uniform')
2024-11-28 13:23:58,605:INFO:create_model() successfully completed......................................
2024-11-28 13:23:58,844:INFO:SubProcess create_model() end ==================================
2024-11-28 13:23:58,844:INFO:Creating metrics dataframe
2024-11-28 13:23:58,859:INFO:Initializing Naive Bayes
2024-11-28 13:23:58,859:INFO:Total runtime is 0.5495242993036906 minutes
2024-11-28 13:23:58,869:INFO:SubProcess create_model() called ==================================
2024-11-28 13:23:58,870:INFO:Initializing create_model()
2024-11-28 13:23:58,870:INFO:create_model(self=<pycaret.classification.oop.ClassificationExperiment object at 0x7f6cd7104580>, estimator=nb, fold=StratifiedKFold(n_splits=5, random_state=None, shuffle=False), round=4, cross_validation=True, predict=True, fit_kwargs={}, groups=None, refit=False, probability_threshold=None, experiment_custom_tags=None, verbose=False, system=False, add_to_model_list=True, metrics=None, display=<pycaret.internal.display.display.CommonDisplay object at 0x7f6cd9e04c10>, model_only=True, return_train_score=False, error_score=0.0, kwargs={})
2024-11-28 13:23:58,870:INFO:Checking exceptions
2024-11-28 13:23:58,870:INFO:Importing libraries
2024-11-28 13:23:58,870:INFO:Copying training dataset
2024-11-28 13:23:59,010:INFO:Defining folds
2024-11-28 13:23:59,010:INFO:Declaring metric variables
2024-11-28 13:23:59,026:INFO:Importing untrained model
2024-11-28 13:23:59,042:INFO:Naive Bayes Imported successfully
2024-11-28 13:23:59,073:INFO:Starting cross validation
2024-11-28 13:23:59,079:INFO:Cross validating with StratifiedKFold(n_splits=5, random_state=None, shuffle=False), n_jobs=-1
2024-11-28 13:24:00,266:INFO:Calculating mean and std
2024-11-28 13:24:00,268:INFO:Creating metrics dataframe
2024-11-28 13:24:00,271:INFO:Uploading results into container
2024-11-28 13:24:00,272:INFO:Uploading model into container now
2024-11-28 13:24:00,273:INFO:_master_model_container: 3
2024-11-28 13:24:00,273:INFO:_display_container: 2
2024-11-28 13:24:00,273:INFO:GaussianNB(priors=None, var_smoothing=1e-09)
2024-11-28 13:24:00,273:INFO:create_model() successfully completed......................................
2024-11-28 13:24:00,528:INFO:SubProcess create_model() end ==================================
2024-11-28 13:24:00,529:INFO:Creating metrics dataframe
2024-11-28 13:24:00,561:INFO:Initializing Decision Tree Classifier
2024-11-28 13:24:00,562:INFO:Total runtime is 0.5778968731562297 minutes
2024-11-28 13:24:00,568:INFO:SubProcess create_model() called ==================================
2024-11-28 13:24:00,568:INFO:Initializing create_model()
2024-11-28 13:24:00,569:INFO:create_model(self=<pycaret.classification.oop.ClassificationExperiment object at 0x7f6cd7104580>, estimator=dt, fold=StratifiedKFold(n_splits=5, random_state=None, shuffle=False), round=4, cross_validation=True, predict=True, fit_kwargs={}, groups=None, refit=False, probability_threshold=None, experiment_custom_tags=None, verbose=False, system=False, add_to_model_list=True, metrics=None, display=<pycaret.internal.display.display.CommonDisplay object at 0x7f6cd9e04c10>, model_only=True, return_train_score=False, error_score=0.0, kwargs={})
2024-11-28 13:24:00,569:INFO:Checking exceptions
2024-11-28 13:24:00,569:INFO:Importing libraries
2024-11-28 13:24:00,579:INFO:Copying training dataset
2024-11-28 13:24:00,771:INFO:Defining folds
2024-11-28 13:24:00,772:INFO:Declaring metric variables
2024-11-28 13:24:00,790:INFO:Importing untrained model
2024-11-28 13:24:00,806:INFO:Decision Tree Classifier Imported successfully
2024-11-28 13:24:00,839:INFO:Starting cross validation
2024-11-28 13:24:00,841:INFO:Cross validating with StratifiedKFold(n_splits=5, random_state=None, shuffle=False), n_jobs=-1
2024-11-28 13:24:09,799:INFO:Calculating mean and std
2024-11-28 13:24:09,800:INFO:Creating metrics dataframe
2024-11-28 13:24:09,803:INFO:Uploading results into container
2024-11-28 13:24:09,804:INFO:Uploading model into container now
2024-11-28 13:24:09,805:INFO:_master_model_container: 4
2024-11-28 13:24:09,806:INFO:_display_container: 2
2024-11-28 13:24:09,807:INFO:DecisionTreeClassifier(ccp_alpha=0.0, class_weight=None, criterion='gini',
                       max_depth=None, max_features=None, max_leaf_nodes=None,
                       min_impurity_decrease=0.0, min_samples_leaf=1,
                       min_samples_split=2, min_weight_fraction_leaf=0.0,
                       monotonic_cst=None, random_state=123, splitter='best')
2024-11-28 13:24:09,807:INFO:create_model() successfully completed......................................
2024-11-28 13:24:10,019:INFO:SubProcess create_model() end ==================================
2024-11-28 13:24:10,019:INFO:Creating metrics dataframe
2024-11-28 13:24:10,030:INFO:Initializing SVM - Linear Kernel
2024-11-28 13:24:10,030:INFO:Total runtime is 0.7357067306836447 minutes
2024-11-28 13:24:10,040:INFO:SubProcess create_model() called ==================================
2024-11-28 13:24:10,040:INFO:Initializing create_model()
2024-11-28 13:24:10,041:INFO:create_model(self=<pycaret.classification.oop.ClassificationExperiment object at 0x7f6cd7104580>, estimator=svm, fold=StratifiedKFold(n_splits=5, random_state=None, shuffle=False), round=4, cross_validation=True, predict=True, fit_kwargs={}, groups=None, refit=False, probability_threshold=None, experiment_custom_tags=None, verbose=False, system=False, add_to_model_list=True, metrics=None, display=<pycaret.internal.display.display.CommonDisplay object at 0x7f6cd9e04c10>, model_only=True, return_train_score=False, error_score=0.0, kwargs={})
2024-11-28 13:24:10,041:INFO:Checking exceptions
2024-11-28 13:24:10,041:INFO:Importing libraries
2024-11-28 13:24:10,041:INFO:Copying training dataset
2024-11-28 13:24:10,139:INFO:Defining folds
2024-11-28 13:24:10,139:INFO:Declaring metric variables
2024-11-28 13:24:10,145:INFO:Importing untrained model
2024-11-28 13:24:10,152:INFO:SVM - Linear Kernel Imported successfully
2024-11-28 13:24:10,173:INFO:Starting cross validation
2024-11-28 13:24:10,175:INFO:Cross validating with StratifiedKFold(n_splits=5, random_state=None, shuffle=False), n_jobs=-1
2024-11-28 13:24:14,601:WARNING:/home/damiatus/.local/lib/python3.10/site-packages/sklearn/metrics/_classification.py:1509: UndefinedMetricWarning: Precision is ill-defined and being set to 0.0 due to no predicted samples. Use `zero_division` parameter to control this behavior.
  _warn_prf(average, modifier, f"{metric.capitalize()} is", len(result))

2024-11-28 13:24:15,043:WARNING:/home/damiatus/.local/lib/python3.10/site-packages/sklearn/metrics/_classification.py:1509: UndefinedMetricWarning: Precision is ill-defined and being set to 0.0 due to no predicted samples. Use `zero_division` parameter to control this behavior.
  _warn_prf(average, modifier, f"{metric.capitalize()} is", len(result))

2024-11-28 13:24:16,395:WARNING:/home/damiatus/.local/lib/python3.10/site-packages/sklearn/metrics/_classification.py:1509: UndefinedMetricWarning: Precision is ill-defined and being set to 0.0 due to no predicted samples. Use `zero_division` parameter to control this behavior.
  _warn_prf(average, modifier, f"{metric.capitalize()} is", len(result))

2024-11-28 13:24:16,410:INFO:Calculating mean and std
2024-11-28 13:24:16,412:INFO:Creating metrics dataframe
2024-11-28 13:24:16,415:INFO:Uploading results into container
2024-11-28 13:24:16,416:INFO:Uploading model into container now
2024-11-28 13:24:16,418:INFO:_master_model_container: 5
2024-11-28 13:24:16,418:INFO:_display_container: 2
2024-11-28 13:24:16,418:INFO:SGDClassifier(alpha=0.0001, average=False, class_weight=None,
              early_stopping=False, epsilon=0.1, eta0=0.001, fit_intercept=True,
              l1_ratio=0.15, learning_rate='optimal', loss='hinge',
              max_iter=1000, n_iter_no_change=5, n_jobs=-1, penalty='l2',
              power_t=0.5, random_state=123, shuffle=True, tol=0.001,
              validation_fraction=0.1, verbose=0, warm_start=False)
2024-11-28 13:24:16,419:INFO:create_model() successfully completed......................................
2024-11-28 13:24:16,601:INFO:SubProcess create_model() end ==================================
2024-11-28 13:24:16,601:INFO:Creating metrics dataframe
2024-11-28 13:24:16,614:INFO:Initializing Ridge Classifier
2024-11-28 13:24:16,614:INFO:Total runtime is 0.84544095993042 minutes
2024-11-28 13:24:16,623:INFO:SubProcess create_model() called ==================================
2024-11-28 13:24:16,624:INFO:Initializing create_model()
2024-11-28 13:24:16,624:INFO:create_model(self=<pycaret.classification.oop.ClassificationExperiment object at 0x7f6cd7104580>, estimator=ridge, fold=StratifiedKFold(n_splits=5, random_state=None, shuffle=False), round=4, cross_validation=True, predict=True, fit_kwargs={}, groups=None, refit=False, probability_threshold=None, experiment_custom_tags=None, verbose=False, system=False, add_to_model_list=True, metrics=None, display=<pycaret.internal.display.display.CommonDisplay object at 0x7f6cd9e04c10>, model_only=True, return_train_score=False, error_score=0.0, kwargs={})
2024-11-28 13:24:16,625:INFO:Checking exceptions
2024-11-28 13:24:16,625:INFO:Importing libraries
2024-11-28 13:24:16,625:INFO:Copying training dataset
2024-11-28 13:24:16,741:INFO:Defining folds
2024-11-28 13:24:16,742:INFO:Declaring metric variables
2024-11-28 13:24:16,748:INFO:Importing untrained model
2024-11-28 13:24:16,763:INFO:Ridge Classifier Imported successfully
2024-11-28 13:24:16,793:INFO:Starting cross validation
2024-11-28 13:24:16,795:INFO:Cross validating with StratifiedKFold(n_splits=5, random_state=None, shuffle=False), n_jobs=-1
2024-11-28 13:24:17,579:WARNING:/home/damiatus/.local/lib/python3.10/site-packages/sklearn/linear_model/_ridge.py:204: LinAlgWarning: Ill-conditioned matrix (rcond=4.0395e-19): result may not be accurate.
  return linalg.solve(A, Xy, assume_a="pos", overwrite_a=True).T

2024-11-28 13:24:17,579:WARNING:/home/damiatus/.local/lib/python3.10/site-packages/sklearn/linear_model/_ridge.py:204: LinAlgWarning: Ill-conditioned matrix (rcond=3.98122e-19): result may not be accurate.
  return linalg.solve(A, Xy, assume_a="pos", overwrite_a=True).T

2024-11-28 13:24:17,579:WARNING:/home/damiatus/.local/lib/python3.10/site-packages/sklearn/linear_model/_ridge.py:204: LinAlgWarning: Ill-conditioned matrix (rcond=4.03322e-19): result may not be accurate.
  return linalg.solve(A, Xy, assume_a="pos", overwrite_a=True).T

2024-11-28 13:24:17,579:WARNING:/home/damiatus/.local/lib/python3.10/site-packages/sklearn/linear_model/_ridge.py:204: LinAlgWarning: Ill-conditioned matrix (rcond=4.0367e-19): result may not be accurate.
  return linalg.solve(A, Xy, assume_a="pos", overwrite_a=True).T

2024-11-28 13:24:18,058:WARNING:/home/damiatus/.local/lib/python3.10/site-packages/sklearn/linear_model/_ridge.py:204: LinAlgWarning: Ill-conditioned matrix (rcond=4.01278e-19): result may not be accurate.
  return linalg.solve(A, Xy, assume_a="pos", overwrite_a=True).T

2024-11-28 13:24:18,168:INFO:Calculating mean and std
2024-11-28 13:24:18,169:INFO:Creating metrics dataframe
2024-11-28 13:24:18,172:INFO:Uploading results into container
2024-11-28 13:24:18,173:INFO:Uploading model into container now
2024-11-28 13:24:18,174:INFO:_master_model_container: 6
2024-11-28 13:24:18,175:INFO:_display_container: 2
2024-11-28 13:24:18,175:INFO:RidgeClassifier(alpha=1.0, class_weight=None, copy_X=True, fit_intercept=True,
                max_iter=None, positive=False, random_state=123, solver='auto',
                tol=0.0001)
2024-11-28 13:24:18,175:INFO:create_model() successfully completed......................................
2024-11-28 13:24:18,360:INFO:SubProcess create_model() end ==================================
2024-11-28 13:24:18,360:INFO:Creating metrics dataframe
2024-11-28 13:24:18,371:INFO:Initializing Random Forest Classifier
2024-11-28 13:24:18,372:INFO:Total runtime is 0.8747329394022625 minutes
2024-11-28 13:24:18,379:INFO:SubProcess create_model() called ==================================
2024-11-28 13:24:18,380:INFO:Initializing create_model()
2024-11-28 13:24:18,380:INFO:create_model(self=<pycaret.classification.oop.ClassificationExperiment object at 0x7f6cd7104580>, estimator=rf, fold=StratifiedKFold(n_splits=5, random_state=None, shuffle=False), round=4, cross_validation=True, predict=True, fit_kwargs={}, groups=None, refit=False, probability_threshold=None, experiment_custom_tags=None, verbose=False, system=False, add_to_model_list=True, metrics=None, display=<pycaret.internal.display.display.CommonDisplay object at 0x7f6cd9e04c10>, model_only=True, return_train_score=False, error_score=0.0, kwargs={})
2024-11-28 13:24:18,380:INFO:Checking exceptions
2024-11-28 13:24:18,380:INFO:Importing libraries
2024-11-28 13:24:18,380:INFO:Copying training dataset
2024-11-28 13:24:18,503:INFO:Defining folds
2024-11-28 13:24:18,504:INFO:Declaring metric variables
2024-11-28 13:24:18,514:INFO:Importing untrained model
2024-11-28 13:24:18,523:INFO:Random Forest Classifier Imported successfully
2024-11-28 13:24:18,546:INFO:Starting cross validation
2024-11-28 13:24:18,548:INFO:Cross validating with StratifiedKFold(n_splits=5, random_state=None, shuffle=False), n_jobs=-1
2024-11-28 13:25:05,004:INFO:PyCaret ClassificationExperiment
2024-11-28 13:25:05,004:INFO:Logging name: clf-default-name
2024-11-28 13:25:05,004:INFO:ML Usecase: MLUsecase.CLASSIFICATION
2024-11-28 13:25:05,004:INFO:version 3.3.2
2024-11-28 13:25:05,004:INFO:Initializing setup()
2024-11-28 13:25:05,004:INFO:self.USI: 2927
2024-11-28 13:25:05,004:INFO:self._variable_keys: {'USI', '_ml_usecase', 'gpu_param', 'fold_shuffle_param', 'memory', 'html_param', 'y_train', 'y_test', 'y', 'gpu_n_jobs_param', 'n_jobs_param', 'X_train', 'exp_id', 'X_test', 'is_multiclass', 'exp_name_log', 'fold_groups_param', 'fold_generator', 'data', 'seed', 'fix_imbalance', 'X', 'logging_param', 'log_plots_param', 'target_param', 'idx', '_available_plots', 'pipeline'}
2024-11-28 13:25:05,004:INFO:Checking environment
2024-11-28 13:25:05,004:INFO:python_version: 3.10.12
2024-11-28 13:25:05,005:INFO:python_build: ('main', 'Nov  6 2024 20:22:13')
2024-11-28 13:25:05,005:INFO:machine: x86_64
2024-11-28 13:25:05,005:INFO:platform: Linux-5.15.167.4-microsoft-standard-WSL2-x86_64-with-glibc2.35
2024-11-28 13:25:05,006:INFO:Memory: svmem(total=8286756864, available=2267910144, percent=72.6, used=5706805248, free=1561477120, active=396894208, inactive=5720240128, buffers=60915712, cached=957558784, shared=4399104, slab=267665408)
2024-11-28 13:25:05,006:INFO:Physical Core: 4
2024-11-28 13:25:05,006:INFO:Logical Core: 4
2024-11-28 13:25:05,006:INFO:Checking libraries
2024-11-28 13:25:05,006:INFO:System:
2024-11-28 13:25:05,006:INFO:    python: 3.10.12 (main, Nov  6 2024, 20:22:13) [GCC 11.4.0]
2024-11-28 13:25:05,006:INFO:executable: /bin/python3
2024-11-28 13:25:05,007:INFO:   machine: Linux-5.15.167.4-microsoft-standard-WSL2-x86_64-with-glibc2.35
2024-11-28 13:25:05,007:INFO:PyCaret required dependencies:
2024-11-28 13:25:05,007:INFO:                 pip: 22.0.2
2024-11-28 13:25:05,007:INFO:          setuptools: 59.6.0
2024-11-28 13:25:05,007:INFO:             pycaret: 3.3.2
2024-11-28 13:25:05,007:INFO:             IPython: 8.27.0
2024-11-28 13:25:05,007:INFO:          ipywidgets: 8.1.5
2024-11-28 13:25:05,007:INFO:                tqdm: 4.66.5
2024-11-28 13:25:05,007:INFO:               numpy: 1.26.4
2024-11-28 13:25:05,007:INFO:              pandas: 2.1.4
2024-11-28 13:25:05,007:INFO:              jinja2: 3.1.4
2024-11-28 13:25:05,007:INFO:               scipy: 1.11.4
2024-11-28 13:25:05,007:INFO:              joblib: 1.3.2
2024-11-28 13:25:05,007:INFO:             sklearn: 1.4.2
2024-11-28 13:25:05,007:INFO:                pyod: 2.0.2
2024-11-28 13:25:05,007:INFO:            imblearn: 0.12.4
2024-11-28 13:25:05,007:INFO:   category_encoders: 2.6.4
2024-11-28 13:25:05,007:INFO:            lightgbm: 4.5.0
2024-11-28 13:25:05,007:INFO:               numba: 0.60.0
2024-11-28 13:25:05,007:INFO:            requests: 2.32.3
2024-11-28 13:25:05,007:INFO:          matplotlib: 3.7.5
2024-11-28 13:25:05,007:INFO:          scikitplot: 0.3.7
2024-11-28 13:25:05,007:INFO:         yellowbrick: 1.5
2024-11-28 13:25:05,007:INFO:              plotly: 5.24.1
2024-11-28 13:25:05,007:INFO:    plotly-resampler: Not installed
2024-11-28 13:25:05,007:INFO:             kaleido: 0.2.1
2024-11-28 13:25:05,007:INFO:           schemdraw: 0.15
2024-11-28 13:25:05,008:INFO:         statsmodels: 0.14.3
2024-11-28 13:25:05,008:INFO:              sktime: 0.26.0
2024-11-28 13:25:05,008:INFO:               tbats: 1.1.3
2024-11-28 13:25:05,008:INFO:            pmdarima: 2.0.4
2024-11-28 13:25:05,008:INFO:              psutil: 6.0.0
2024-11-28 13:25:05,008:INFO:          markupsafe: 3.0.1
2024-11-28 13:25:05,008:INFO:             pickle5: Not installed
2024-11-28 13:25:05,008:INFO:         cloudpickle: 3.0.0
2024-11-28 13:25:05,008:INFO:         deprecation: 2.1.0
2024-11-28 13:25:05,008:INFO:              xxhash: 3.5.0
2024-11-28 13:25:05,008:INFO:           wurlitzer: 3.1.1
2024-11-28 13:25:05,008:INFO:PyCaret optional dependencies:
2024-11-28 13:25:05,008:INFO:                shap: 0.46.0
2024-11-28 13:25:05,008:INFO:           interpret: Not installed
2024-11-28 13:25:05,008:INFO:                umap: Not installed
2024-11-28 13:25:05,008:INFO:     ydata_profiling: Not installed
2024-11-28 13:25:05,008:INFO:  explainerdashboard: Not installed
2024-11-28 13:25:05,008:INFO:             autoviz: Not installed
2024-11-28 13:25:05,008:INFO:           fairlearn: Not installed
2024-11-28 13:25:05,008:INFO:          deepchecks: Not installed
2024-11-28 13:25:05,008:INFO:             xgboost: 2.1.1
2024-11-28 13:25:05,008:INFO:            catboost: 1.2.7
2024-11-28 13:25:05,008:INFO:              kmodes: Not installed
2024-11-28 13:25:05,008:INFO:             mlxtend: Not installed
2024-11-28 13:25:05,008:INFO:       statsforecast: Not installed
2024-11-28 13:25:05,008:INFO:        tune_sklearn: Not installed
2024-11-28 13:25:05,008:INFO:                 ray: Not installed
2024-11-28 13:25:05,008:INFO:            hyperopt: Not installed
2024-11-28 13:25:05,008:INFO:              optuna: Not installed
2024-11-28 13:25:05,008:INFO:               skopt: Not installed
2024-11-28 13:25:05,009:INFO:              mlflow: Not installed
2024-11-28 13:25:05,009:INFO:              gradio: Not installed
2024-11-28 13:25:05,009:INFO:             fastapi: Not installed
2024-11-28 13:25:05,009:INFO:             uvicorn: Not installed
2024-11-28 13:25:05,009:INFO:              m2cgen: Not installed
2024-11-28 13:25:05,009:INFO:           evidently: Not installed
2024-11-28 13:25:05,009:INFO:               fugue: Not installed
2024-11-28 13:25:05,009:INFO:           streamlit: Not installed
2024-11-28 13:25:05,009:INFO:             prophet: 1.1.6
2024-11-28 13:25:05,009:INFO:None
2024-11-28 13:25:05,009:INFO:Set up GPU usage.
2024-11-28 13:25:05,009:WARNING:
'cuml' is a soft dependency and not included in the pycaret installation. Please run: `pip install cuml` to install.
2024-11-28 13:25:05,009:WARNING:cuML is outdated or not found. Required version is >=23.08.
                Please visit https://rapids.ai/install for installation instructions.
2024-11-28 13:25:05,009:INFO:Set up data.
2024-11-28 13:25:05,129:INFO:Set up folding strategy.
2024-11-28 13:25:05,129:INFO:Set up train/test split.
2024-11-28 13:25:05,205:INFO:Set up index.
2024-11-28 13:25:05,206:INFO:Assigning column types.
2024-11-28 13:25:05,273:INFO:Engine successfully changes for model 'lr' to 'sklearn'.
2024-11-28 13:25:05,273:WARNING:
'cuml' is a soft dependency and not included in the pycaret installation. Please run: `pip install cuml` to install.
2024-11-28 13:25:05,345:INFO:Engine for model 'knn' has not been set explicitly, hence returning None.
2024-11-28 13:25:05,346:WARNING:
'cuml' is a soft dependency and not included in the pycaret installation. Please run: `pip install cuml` to install.
2024-11-28 13:25:05,346:WARNING:
'cuml' is a soft dependency and not included in the pycaret installation. Please run: `pip install cuml` to install.
2024-11-28 13:25:05,347:INFO:Engine for model 'rbfsvm' has not been set explicitly, hence returning None.
2024-11-28 13:25:05,348:WARNING:
'cuml' is a soft dependency and not included in the pycaret installation. Please run: `pip install cuml` to install.
2024-11-28 13:25:05,383:WARNING:
'cuml' is a soft dependency and not included in the pycaret installation. Please run: `pip install cuml` to install.
2024-11-28 13:25:05,393:WARNING:
'cuml' is a soft dependency and not included in the pycaret installation. Please run: `pip install cuml` to install.
2024-11-28 13:25:05,394:INFO:Soft dependency imported: xgboost: 2.1.1
2024-11-28 13:25:05,767:INFO:Soft dependency imported: catboost: 1.2.7
2024-11-28 13:25:05,768:WARNING:
'cuml' is a soft dependency and not included in the pycaret installation. Please run: `pip install cuml` to install.
2024-11-28 13:25:05,872:INFO:Engine for model 'knn' has not been set explicitly, hence returning None.
2024-11-28 13:25:05,872:WARNING:
'cuml' is a soft dependency and not included in the pycaret installation. Please run: `pip install cuml` to install.
2024-11-28 13:25:05,873:WARNING:
'cuml' is a soft dependency and not included in the pycaret installation. Please run: `pip install cuml` to install.
2024-11-28 13:25:05,881:INFO:Engine for model 'rbfsvm' has not been set explicitly, hence returning None.
2024-11-28 13:25:05,881:WARNING:
'cuml' is a soft dependency and not included in the pycaret installation. Please run: `pip install cuml` to install.
2024-11-28 13:25:05,916:WARNING:
'cuml' is a soft dependency and not included in the pycaret installation. Please run: `pip install cuml` to install.
2024-11-28 13:25:05,923:WARNING:
'cuml' is a soft dependency and not included in the pycaret installation. Please run: `pip install cuml` to install.
2024-11-28 13:25:05,925:INFO:Soft dependency imported: xgboost: 2.1.1
2024-11-28 13:25:05,951:INFO:Soft dependency imported: catboost: 1.2.7
2024-11-28 13:25:05,957:INFO:Engine successfully changes for model 'knn' to 'sklearn'.
2024-11-28 13:25:05,958:WARNING:
'cuml' is a soft dependency and not included in the pycaret installation. Please run: `pip install cuml` to install.
2024-11-28 13:25:06,036:WARNING:
'cuml' is a soft dependency and not included in the pycaret installation. Please run: `pip install cuml` to install.
2024-11-28 13:25:06,037:WARNING:
'cuml' is a soft dependency and not included in the pycaret installation. Please run: `pip install cuml` to install.
2024-11-28 13:25:06,049:INFO:Engine for model 'rbfsvm' has not been set explicitly, hence returning None.
2024-11-28 13:25:06,049:WARNING:
'cuml' is a soft dependency and not included in the pycaret installation. Please run: `pip install cuml` to install.
2024-11-28 13:25:06,081:WARNING:
'cuml' is a soft dependency and not included in the pycaret installation. Please run: `pip install cuml` to install.
2024-11-28 13:25:06,089:WARNING:
'cuml' is a soft dependency and not included in the pycaret installation. Please run: `pip install cuml` to install.
2024-11-28 13:25:06,090:INFO:Soft dependency imported: xgboost: 2.1.1
2024-11-28 13:25:06,102:INFO:Soft dependency imported: catboost: 1.2.7
2024-11-28 13:25:06,103:WARNING:
'cuml' is a soft dependency and not included in the pycaret installation. Please run: `pip install cuml` to install.
2024-11-28 13:25:06,181:WARNING:
'cuml' is a soft dependency and not included in the pycaret installation. Please run: `pip install cuml` to install.
2024-11-28 13:25:06,182:WARNING:
'cuml' is a soft dependency and not included in the pycaret installation. Please run: `pip install cuml` to install.
2024-11-28 13:25:06,183:INFO:Engine for model 'rbfsvm' has not been set explicitly, hence returning None.
2024-11-28 13:25:06,183:WARNING:
'cuml' is a soft dependency and not included in the pycaret installation. Please run: `pip install cuml` to install.
2024-11-28 13:25:06,218:WARNING:
'cuml' is a soft dependency and not included in the pycaret installation. Please run: `pip install cuml` to install.
2024-11-28 13:25:06,224:WARNING:
'cuml' is a soft dependency and not included in the pycaret installation. Please run: `pip install cuml` to install.
2024-11-28 13:25:06,226:INFO:Soft dependency imported: xgboost: 2.1.1
2024-11-28 13:25:06,240:INFO:Soft dependency imported: catboost: 1.2.7
2024-11-28 13:25:06,241:INFO:Engine successfully changes for model 'rbfsvm' to 'sklearn'.
2024-11-28 13:25:06,241:WARNING:
'cuml' is a soft dependency and not included in the pycaret installation. Please run: `pip install cuml` to install.
2024-11-28 13:25:06,313:WARNING:
'cuml' is a soft dependency and not included in the pycaret installation. Please run: `pip install cuml` to install.
2024-11-28 13:25:06,314:WARNING:
'cuml' is a soft dependency and not included in the pycaret installation. Please run: `pip install cuml` to install.
2024-11-28 13:25:06,315:WARNING:
'cuml' is a soft dependency and not included in the pycaret installation. Please run: `pip install cuml` to install.
2024-11-28 13:25:06,368:WARNING:
'cuml' is a soft dependency and not included in the pycaret installation. Please run: `pip install cuml` to install.
2024-11-28 13:25:06,379:WARNING:
'cuml' is a soft dependency and not included in the pycaret installation. Please run: `pip install cuml` to install.
2024-11-28 13:25:06,380:INFO:Soft dependency imported: xgboost: 2.1.1
2024-11-28 13:25:06,428:INFO:Soft dependency imported: catboost: 1.2.7
2024-11-28 13:25:06,429:WARNING:
'cuml' is a soft dependency and not included in the pycaret installation. Please run: `pip install cuml` to install.
2024-11-28 13:25:06,507:WARNING:
'cuml' is a soft dependency and not included in the pycaret installation. Please run: `pip install cuml` to install.
2024-11-28 13:25:06,508:WARNING:
'cuml' is a soft dependency and not included in the pycaret installation. Please run: `pip install cuml` to install.
2024-11-28 13:25:06,509:WARNING:
'cuml' is a soft dependency and not included in the pycaret installation. Please run: `pip install cuml` to install.
2024-11-28 13:25:06,554:WARNING:
'cuml' is a soft dependency and not included in the pycaret installation. Please run: `pip install cuml` to install.
2024-11-28 13:25:06,560:WARNING:
'cuml' is a soft dependency and not included in the pycaret installation. Please run: `pip install cuml` to install.
2024-11-28 13:25:06,562:INFO:Soft dependency imported: xgboost: 2.1.1
2024-11-28 13:25:06,628:INFO:Soft dependency imported: catboost: 1.2.7
2024-11-28 13:25:06,631:INFO:Preparing preprocessing pipeline...
2024-11-28 13:25:06,647:INFO:Set up date feature engineering.
2024-11-28 13:25:06,647:INFO:Set up simple imputation.
2024-11-28 13:25:06,688:INFO:Set up encoding of ordinal features.
2024-11-28 13:25:06,716:INFO:Set up encoding of categorical features.
2024-11-28 13:25:07,020:INFO:Finished creating preprocessing pipeline.
2024-11-28 13:25:07,054:INFO:Pipeline: Pipeline(memory=FastMemory(location=/tmp/joblib),
         steps=[('date_feature_extractor',
                 TransformerWrapper(exclude=None,
                                    include=['borrow_timestamp',
                                             'first_tx_timestamp',
                                             'last_tx_timestamp'],
                                    transformer=ExtractDateTimeFeatures(features=['day',
                                                                                  'month',
                                                                                  'year']))),
                ('numerical_imputer',
                 TransformerWrapper(exclude=None,
                                    include=['wallet_age', 'incoming_tx_count',...
                ('ordinal_encoding',
                 TransformerWrapper(exclude=None,
                                    include=['market_ht_trendmode'],
                                    transformer=OrdinalEncoder(cols=['market_ht_trendmode'],
                                                               drop_invariant=False,
                                                               handle_missing='return_nan',
                                                               handle_unknown='value',
                                                               mapping=[{'col': 'market_ht_trendmode',
                                                                         'data_type': dtype('float64'),
                                                                         'mapping': 0.0    0
1.0    1
NaN   -1
dtype: int64}],
                                                               return_df=True,
                                                               verbose=0)))],
         verbose=False)
2024-11-28 13:25:07,054:INFO:Creating final display dataframe.
2024-11-28 13:25:07,529:INFO:Setup _display_container:                     Description             Value
0                    Session id               123
1                        Target            target
2                   Target type            Binary
3           Original data shape       (42081, 78)
4        Transformed data shape       (42081, 79)
5   Transformed train set shape       (29456, 79)
6    Transformed test set shape       (12625, 79)
7               Ignore features                 5
8              Numeric features                68
9                 Date features                 3
10         Categorical features                 1
11     Rows with missing values             99.1%
12                   Preprocess              True
13              Imputation type            simple
14           Numeric imputation              mean
15       Categorical imputation              mode
16     Maximum one-hot encoding                25
17              Encoding method              None
18               Fold Generator   StratifiedKFold
19                  Fold Number                 5
20                     CPU Jobs                -1
21                      Use GPU              True
22               Log Experiment             False
23              Experiment Name  clf-default-name
24                          USI              2927
2024-11-28 13:25:07,540:WARNING:
'cuml' is a soft dependency and not included in the pycaret installation. Please run: `pip install cuml` to install.
2024-11-28 13:25:07,620:WARNING:
'cuml' is a soft dependency and not included in the pycaret installation. Please run: `pip install cuml` to install.
2024-11-28 13:25:07,620:WARNING:
'cuml' is a soft dependency and not included in the pycaret installation. Please run: `pip install cuml` to install.
2024-11-28 13:25:07,621:WARNING:
'cuml' is a soft dependency and not included in the pycaret installation. Please run: `pip install cuml` to install.
2024-11-28 13:25:07,654:WARNING:
'cuml' is a soft dependency and not included in the pycaret installation. Please run: `pip install cuml` to install.
2024-11-28 13:25:07,661:WARNING:
'cuml' is a soft dependency and not included in the pycaret installation. Please run: `pip install cuml` to install.
2024-11-28 13:25:07,663:INFO:Soft dependency imported: xgboost: 2.1.1
2024-11-28 13:25:07,774:INFO:Soft dependency imported: catboost: 1.2.7
2024-11-28 13:25:07,777:WARNING:
'cuml' is a soft dependency and not included in the pycaret installation. Please run: `pip install cuml` to install.
2024-11-28 13:25:07,843:WARNING:
'cuml' is a soft dependency and not included in the pycaret installation. Please run: `pip install cuml` to install.
2024-11-28 13:25:07,843:WARNING:
'cuml' is a soft dependency and not included in the pycaret installation. Please run: `pip install cuml` to install.
2024-11-28 13:25:07,845:WARNING:
'cuml' is a soft dependency and not included in the pycaret installation. Please run: `pip install cuml` to install.
2024-11-28 13:25:07,878:WARNING:
'cuml' is a soft dependency and not included in the pycaret installation. Please run: `pip install cuml` to install.
2024-11-28 13:25:07,885:WARNING:
'cuml' is a soft dependency and not included in the pycaret installation. Please run: `pip install cuml` to install.
2024-11-28 13:25:07,887:INFO:Soft dependency imported: xgboost: 2.1.1
2024-11-28 13:25:07,972:INFO:Soft dependency imported: catboost: 1.2.7
2024-11-28 13:25:07,974:INFO:setup() successfully completed in 2.98s...............
2024-11-28 13:25:07,974:INFO:Initializing compare_models()
2024-11-28 13:25:07,974:INFO:compare_models(self=<pycaret.classification.oop.ClassificationExperiment object at 0x7f6cd65b0bb0>, include=None, fold=None, round=4, cross_validation=True, sort=Accuracy, n_select=1, budget_time=None, turbo=True, errors=ignore, fit_kwargs=None, groups=None, experiment_custom_tags=None, probability_threshold=None, verbose=True, parallel=None, caller_params={'self': <pycaret.classification.oop.ClassificationExperiment object at 0x7f6cd65b0bb0>, 'include': None, 'exclude': None, 'fold': None, 'round': 4, 'cross_validation': True, 'sort': 'Accuracy', 'n_select': 1, 'budget_time': None, 'turbo': True, 'errors': 'ignore', 'fit_kwargs': None, 'groups': None, 'experiment_custom_tags': None, 'probability_threshold': None, 'engine': None, 'verbose': True, 'parallel': None, '__class__': <class 'pycaret.classification.oop.ClassificationExperiment'>}, exclude=None)
2024-11-28 13:25:07,974:INFO:Checking exceptions
2024-11-28 13:25:08,039:INFO:Preparing display monitor
2024-11-28 13:25:08,185:INFO:Initializing Logistic Regression
2024-11-28 13:25:08,186:INFO:Total runtime is 9.64800516764323e-06 minutes
2024-11-28 13:25:08,198:INFO:SubProcess create_model() called ==================================
2024-11-28 13:25:08,199:INFO:Initializing create_model()
2024-11-28 13:25:08,199:INFO:create_model(self=<pycaret.classification.oop.ClassificationExperiment object at 0x7f6cd65b0bb0>, estimator=lr, fold=StratifiedKFold(n_splits=5, random_state=None, shuffle=False), round=4, cross_validation=True, predict=True, fit_kwargs={}, groups=None, refit=False, probability_threshold=None, experiment_custom_tags=None, verbose=False, system=False, add_to_model_list=True, metrics=None, display=<pycaret.internal.display.display.CommonDisplay object at 0x7f6cdb250670>, model_only=True, return_train_score=False, error_score=0.0, kwargs={})
2024-11-28 13:25:08,199:INFO:Checking exceptions
2024-11-28 13:25:08,199:INFO:Importing libraries
2024-11-28 13:25:08,199:INFO:Copying training dataset
2024-11-28 13:25:08,415:INFO:Defining folds
2024-11-28 13:25:08,415:INFO:Declaring metric variables
2024-11-28 13:25:08,420:INFO:Importing untrained model
2024-11-28 13:25:08,436:INFO:Logistic Regression Imported successfully
2024-11-28 13:25:08,455:INFO:Starting cross validation
2024-11-28 13:25:08,457:INFO:Cross validating with StratifiedKFold(n_splits=5, random_state=None, shuffle=False), n_jobs=1
2024-11-28 13:25:15,262:WARNING:/home/damiatus/.local/lib/python3.10/site-packages/sklearn/linear_model/_logistic.py:469: ConvergenceWarning: lbfgs failed to converge (status=1):
STOP: TOTAL NO. of ITERATIONS REACHED LIMIT.

Increase the number of iterations (max_iter) or scale the data as shown in:
    https://scikit-learn.org/stable/modules/preprocessing.html
Please also refer to the documentation for alternative solver options:
    https://scikit-learn.org/stable/modules/linear_model.html#logistic-regression
  n_iter_i = _check_optimize_result(

2024-11-28 13:25:26,348:WARNING:/home/damiatus/.local/lib/python3.10/site-packages/sklearn/linear_model/_logistic.py:469: ConvergenceWarning: lbfgs failed to converge (status=1):
STOP: TOTAL NO. of ITERATIONS REACHED LIMIT.

Increase the number of iterations (max_iter) or scale the data as shown in:
    https://scikit-learn.org/stable/modules/preprocessing.html
Please also refer to the documentation for alternative solver options:
    https://scikit-learn.org/stable/modules/linear_model.html#logistic-regression
  n_iter_i = _check_optimize_result(

2024-11-28 13:25:37,289:WARNING:/home/damiatus/.local/lib/python3.10/site-packages/sklearn/linear_model/_logistic.py:469: ConvergenceWarning: lbfgs failed to converge (status=1):
STOP: TOTAL NO. of ITERATIONS REACHED LIMIT.

Increase the number of iterations (max_iter) or scale the data as shown in:
    https://scikit-learn.org/stable/modules/preprocessing.html
Please also refer to the documentation for alternative solver options:
    https://scikit-learn.org/stable/modules/linear_model.html#logistic-regression
  n_iter_i = _check_optimize_result(

2024-11-28 13:25:46,862:WARNING:/home/damiatus/.local/lib/python3.10/site-packages/sklearn/linear_model/_logistic.py:469: ConvergenceWarning: lbfgs failed to converge (status=1):
STOP: TOTAL NO. of ITERATIONS REACHED LIMIT.

Increase the number of iterations (max_iter) or scale the data as shown in:
    https://scikit-learn.org/stable/modules/preprocessing.html
Please also refer to the documentation for alternative solver options:
    https://scikit-learn.org/stable/modules/linear_model.html#logistic-regression
  n_iter_i = _check_optimize_result(

2024-11-28 13:26:05,728:WARNING:/home/damiatus/.local/lib/python3.10/site-packages/sklearn/linear_model/_logistic.py:469: ConvergenceWarning: lbfgs failed to converge (status=1):
STOP: TOTAL NO. of ITERATIONS REACHED LIMIT.

Increase the number of iterations (max_iter) or scale the data as shown in:
    https://scikit-learn.org/stable/modules/preprocessing.html
Please also refer to the documentation for alternative solver options:
    https://scikit-learn.org/stable/modules/linear_model.html#logistic-regression
  n_iter_i = _check_optimize_result(

2024-11-28 13:26:05,930:INFO:Calculating mean and std
2024-11-28 13:26:05,948:INFO:Creating metrics dataframe
2024-11-28 13:26:05,963:INFO:Uploading results into container
2024-11-28 13:26:05,964:INFO:Uploading model into container now
2024-11-28 13:26:05,965:INFO:_master_model_container: 1
2024-11-28 13:26:05,965:INFO:_display_container: 2
2024-11-28 13:26:05,966:INFO:LogisticRegression(C=1.0, class_weight=None, dual=False, fit_intercept=True,
                   intercept_scaling=1, l1_ratio=None, max_iter=1000,
                   multi_class='auto', n_jobs=None, penalty='l2',
                   random_state=123, solver='lbfgs', tol=0.0001, verbose=0,
                   warm_start=False)
2024-11-28 13:26:05,966:INFO:create_model() successfully completed......................................
2024-11-28 13:26:06,207:INFO:SubProcess create_model() end ==================================
2024-11-28 13:26:06,207:INFO:Creating metrics dataframe
2024-11-28 13:26:06,216:INFO:Initializing K Neighbors Classifier
2024-11-28 13:26:06,217:INFO:Total runtime is 0.9671965797742208 minutes
2024-11-28 13:26:06,222:INFO:SubProcess create_model() called ==================================
2024-11-28 13:26:06,223:INFO:Initializing create_model()
2024-11-28 13:26:06,223:INFO:create_model(self=<pycaret.classification.oop.ClassificationExperiment object at 0x7f6cd65b0bb0>, estimator=knn, fold=StratifiedKFold(n_splits=5, random_state=None, shuffle=False), round=4, cross_validation=True, predict=True, fit_kwargs={}, groups=None, refit=False, probability_threshold=None, experiment_custom_tags=None, verbose=False, system=False, add_to_model_list=True, metrics=None, display=<pycaret.internal.display.display.CommonDisplay object at 0x7f6cdb250670>, model_only=True, return_train_score=False, error_score=0.0, kwargs={})
2024-11-28 13:26:06,228:INFO:Checking exceptions
2024-11-28 13:26:06,229:INFO:Importing libraries
2024-11-28 13:26:06,229:INFO:Copying training dataset
2024-11-28 13:26:06,335:INFO:Defining folds
2024-11-28 13:26:06,335:INFO:Declaring metric variables
2024-11-28 13:26:06,341:INFO:Importing untrained model
2024-11-28 13:26:06,353:INFO:K Neighbors Classifier Imported successfully
2024-11-28 13:26:06,375:INFO:Starting cross validation
2024-11-28 13:26:06,377:INFO:Cross validating with StratifiedKFold(n_splits=5, random_state=None, shuffle=False), n_jobs=1
2024-11-28 13:26:15,796:INFO:Calculating mean and std
2024-11-28 13:26:15,798:INFO:Creating metrics dataframe
2024-11-28 13:26:15,805:INFO:Uploading results into container
2024-11-28 13:26:15,807:INFO:Uploading model into container now
2024-11-28 13:26:15,807:INFO:_master_model_container: 2
2024-11-28 13:26:15,807:INFO:_display_container: 2
2024-11-28 13:26:15,808:INFO:KNeighborsClassifier(algorithm='auto', leaf_size=30, metric='minkowski',
                     metric_params=None, n_jobs=-1, n_neighbors=5, p=2,
                     weights='uniform')
2024-11-28 13:26:15,808:INFO:create_model() successfully completed......................................
2024-11-28 13:26:16,032:INFO:SubProcess create_model() end ==================================
2024-11-28 13:26:16,032:INFO:Creating metrics dataframe
2024-11-28 13:26:16,045:INFO:Initializing Naive Bayes
2024-11-28 13:26:16,045:INFO:Total runtime is 1.1310033837954203 minutes
2024-11-28 13:26:16,050:INFO:SubProcess create_model() called ==================================
2024-11-28 13:26:16,051:INFO:Initializing create_model()
2024-11-28 13:26:16,052:INFO:create_model(self=<pycaret.classification.oop.ClassificationExperiment object at 0x7f6cd65b0bb0>, estimator=nb, fold=StratifiedKFold(n_splits=5, random_state=None, shuffle=False), round=4, cross_validation=True, predict=True, fit_kwargs={}, groups=None, refit=False, probability_threshold=None, experiment_custom_tags=None, verbose=False, system=False, add_to_model_list=True, metrics=None, display=<pycaret.internal.display.display.CommonDisplay object at 0x7f6cdb250670>, model_only=True, return_train_score=False, error_score=0.0, kwargs={})
2024-11-28 13:26:16,052:INFO:Checking exceptions
2024-11-28 13:26:16,052:INFO:Importing libraries
2024-11-28 13:26:16,052:INFO:Copying training dataset
2024-11-28 13:26:16,147:INFO:Defining folds
2024-11-28 13:26:16,147:INFO:Declaring metric variables
2024-11-28 13:26:16,153:INFO:Importing untrained model
2024-11-28 13:26:16,159:INFO:Naive Bayes Imported successfully
2024-11-28 13:26:16,179:INFO:Starting cross validation
2024-11-28 13:26:16,182:INFO:Cross validating with StratifiedKFold(n_splits=5, random_state=None, shuffle=False), n_jobs=1
2024-11-28 13:26:17,798:INFO:Calculating mean and std
2024-11-28 13:26:17,800:INFO:Creating metrics dataframe
2024-11-28 13:26:17,803:INFO:Uploading results into container
2024-11-28 13:26:17,804:INFO:Uploading model into container now
2024-11-28 13:26:17,806:INFO:_master_model_container: 3
2024-11-28 13:26:17,806:INFO:_display_container: 2
2024-11-28 13:26:17,806:INFO:GaussianNB(priors=None, var_smoothing=1e-09)
2024-11-28 13:26:17,806:INFO:create_model() successfully completed......................................
2024-11-28 13:26:18,037:INFO:SubProcess create_model() end ==================================
2024-11-28 13:26:18,037:INFO:Creating metrics dataframe
2024-11-28 13:26:18,051:INFO:Initializing Decision Tree Classifier
2024-11-28 13:26:18,051:INFO:Total runtime is 1.16443217198054 minutes
2024-11-28 13:26:18,058:INFO:SubProcess create_model() called ==================================
2024-11-28 13:26:18,058:INFO:Initializing create_model()
2024-11-28 13:26:18,060:INFO:create_model(self=<pycaret.classification.oop.ClassificationExperiment object at 0x7f6cd65b0bb0>, estimator=dt, fold=StratifiedKFold(n_splits=5, random_state=None, shuffle=False), round=4, cross_validation=True, predict=True, fit_kwargs={}, groups=None, refit=False, probability_threshold=None, experiment_custom_tags=None, verbose=False, system=False, add_to_model_list=True, metrics=None, display=<pycaret.internal.display.display.CommonDisplay object at 0x7f6cdb250670>, model_only=True, return_train_score=False, error_score=0.0, kwargs={})
2024-11-28 13:26:18,062:INFO:Checking exceptions
2024-11-28 13:26:18,065:INFO:Importing libraries
2024-11-28 13:26:18,065:INFO:Copying training dataset
2024-11-28 13:26:18,159:INFO:Defining folds
2024-11-28 13:26:18,160:INFO:Declaring metric variables
2024-11-28 13:26:18,174:INFO:Importing untrained model
2024-11-28 13:26:18,180:INFO:Decision Tree Classifier Imported successfully
2024-11-28 13:26:18,199:INFO:Starting cross validation
2024-11-28 13:26:18,201:INFO:Cross validating with StratifiedKFold(n_splits=5, random_state=None, shuffle=False), n_jobs=1
2024-11-28 13:26:32,038:INFO:Calculating mean and std
2024-11-28 13:26:32,039:INFO:Creating metrics dataframe
2024-11-28 13:26:32,042:INFO:Uploading results into container
2024-11-28 13:26:32,044:INFO:Uploading model into container now
2024-11-28 13:26:32,045:INFO:_master_model_container: 4
2024-11-28 13:26:32,045:INFO:_display_container: 2
2024-11-28 13:26:32,045:INFO:DecisionTreeClassifier(ccp_alpha=0.0, class_weight=None, criterion='gini',
                       max_depth=None, max_features=None, max_leaf_nodes=None,
                       min_impurity_decrease=0.0, min_samples_leaf=1,
                       min_samples_split=2, min_weight_fraction_leaf=0.0,
                       monotonic_cst=None, random_state=123, splitter='best')
2024-11-28 13:26:32,046:INFO:create_model() successfully completed......................................
2024-11-28 13:26:32,260:INFO:SubProcess create_model() end ==================================
2024-11-28 13:26:32,261:INFO:Creating metrics dataframe
2024-11-28 13:26:32,272:INFO:Initializing SVM - Linear Kernel
2024-11-28 13:26:32,272:INFO:Total runtime is 1.4014528234799704 minutes
2024-11-28 13:26:32,281:INFO:SubProcess create_model() called ==================================
2024-11-28 13:26:32,282:INFO:Initializing create_model()
2024-11-28 13:26:32,282:INFO:create_model(self=<pycaret.classification.oop.ClassificationExperiment object at 0x7f6cd65b0bb0>, estimator=svm, fold=StratifiedKFold(n_splits=5, random_state=None, shuffle=False), round=4, cross_validation=True, predict=True, fit_kwargs={}, groups=None, refit=False, probability_threshold=None, experiment_custom_tags=None, verbose=False, system=False, add_to_model_list=True, metrics=None, display=<pycaret.internal.display.display.CommonDisplay object at 0x7f6cdb250670>, model_only=True, return_train_score=False, error_score=0.0, kwargs={})
2024-11-28 13:26:32,282:INFO:Checking exceptions
2024-11-28 13:26:32,282:INFO:Importing libraries
2024-11-28 13:26:32,282:INFO:Copying training dataset
2024-11-28 13:26:32,374:INFO:Defining folds
2024-11-28 13:26:32,375:INFO:Declaring metric variables
2024-11-28 13:26:32,386:INFO:Importing untrained model
2024-11-28 13:26:32,393:INFO:SVM - Linear Kernel Imported successfully
2024-11-28 13:26:32,413:INFO:Starting cross validation
2024-11-28 13:26:32,415:INFO:Cross validating with StratifiedKFold(n_splits=5, random_state=None, shuffle=False), n_jobs=1
2024-11-28 13:26:35,551:WARNING:/home/damiatus/.local/lib/python3.10/site-packages/sklearn/metrics/_classification.py:1509: UndefinedMetricWarning: Precision is ill-defined and being set to 0.0 due to no predicted samples. Use `zero_division` parameter to control this behavior.
  _warn_prf(average, modifier, f"{metric.capitalize()} is", len(result))

2024-11-28 13:26:37,032:WARNING:/home/damiatus/.local/lib/python3.10/site-packages/sklearn/metrics/_classification.py:1509: UndefinedMetricWarning: Precision is ill-defined and being set to 0.0 due to no predicted samples. Use `zero_division` parameter to control this behavior.
  _warn_prf(average, modifier, f"{metric.capitalize()} is", len(result))

2024-11-28 13:26:40,393:WARNING:/home/damiatus/.local/lib/python3.10/site-packages/sklearn/metrics/_classification.py:1509: UndefinedMetricWarning: Precision is ill-defined and being set to 0.0 due to no predicted samples. Use `zero_division` parameter to control this behavior.
  _warn_prf(average, modifier, f"{metric.capitalize()} is", len(result))

2024-11-28 13:26:40,407:INFO:Calculating mean and std
2024-11-28 13:26:40,409:INFO:Creating metrics dataframe
2024-11-28 13:26:40,419:INFO:Uploading results into container
2024-11-28 13:26:40,420:INFO:Uploading model into container now
2024-11-28 13:26:40,420:INFO:_master_model_container: 5
2024-11-28 13:26:40,421:INFO:_display_container: 2
2024-11-28 13:26:40,421:INFO:SGDClassifier(alpha=0.0001, average=False, class_weight=None,
              early_stopping=False, epsilon=0.1, eta0=0.001, fit_intercept=True,
              l1_ratio=0.15, learning_rate='optimal', loss='hinge',
              max_iter=1000, n_iter_no_change=5, n_jobs=-1, penalty='l2',
              power_t=0.5, random_state=123, shuffle=True, tol=0.001,
              validation_fraction=0.1, verbose=0, warm_start=False)
2024-11-28 13:26:40,421:INFO:create_model() successfully completed......................................
2024-11-28 13:26:40,703:INFO:SubProcess create_model() end ==================================
2024-11-28 13:26:40,705:INFO:Creating metrics dataframe
2024-11-28 13:26:40,717:INFO:Initializing Ridge Classifier
2024-11-28 13:26:40,718:INFO:Total runtime is 1.5422106385231018 minutes
2024-11-28 13:26:40,728:INFO:SubProcess create_model() called ==================================
2024-11-28 13:26:40,729:INFO:Initializing create_model()
2024-11-28 13:26:40,729:INFO:create_model(self=<pycaret.classification.oop.ClassificationExperiment object at 0x7f6cd65b0bb0>, estimator=ridge, fold=StratifiedKFold(n_splits=5, random_state=None, shuffle=False), round=4, cross_validation=True, predict=True, fit_kwargs={}, groups=None, refit=False, probability_threshold=None, experiment_custom_tags=None, verbose=False, system=False, add_to_model_list=True, metrics=None, display=<pycaret.internal.display.display.CommonDisplay object at 0x7f6cdb250670>, model_only=True, return_train_score=False, error_score=0.0, kwargs={})
2024-11-28 13:26:40,729:INFO:Checking exceptions
2024-11-28 13:26:40,729:INFO:Importing libraries
2024-11-28 13:26:40,729:INFO:Copying training dataset
2024-11-28 13:26:40,853:INFO:Defining folds
2024-11-28 13:26:40,854:INFO:Declaring metric variables
2024-11-28 13:26:40,860:INFO:Importing untrained model
2024-11-28 13:26:40,876:INFO:Ridge Classifier Imported successfully
2024-11-28 13:26:40,897:INFO:Starting cross validation
2024-11-28 13:26:40,899:INFO:Cross validating with StratifiedKFold(n_splits=5, random_state=None, shuffle=False), n_jobs=1
2024-11-28 13:26:41,331:WARNING:/home/damiatus/.local/lib/python3.10/site-packages/sklearn/linear_model/_ridge.py:204: LinAlgWarning: Ill-conditioned matrix (rcond=3.98122e-19): result may not be accurate.
  return linalg.solve(A, Xy, assume_a="pos", overwrite_a=True).T

2024-11-28 13:26:41,887:WARNING:/home/damiatus/.local/lib/python3.10/site-packages/sklearn/linear_model/_ridge.py:204: LinAlgWarning: Ill-conditioned matrix (rcond=4.03322e-19): result may not be accurate.
  return linalg.solve(A, Xy, assume_a="pos", overwrite_a=True).T

2024-11-28 13:26:42,302:WARNING:/home/damiatus/.local/lib/python3.10/site-packages/sklearn/linear_model/_ridge.py:204: LinAlgWarning: Ill-conditioned matrix (rcond=4.0395e-19): result may not be accurate.
  return linalg.solve(A, Xy, assume_a="pos", overwrite_a=True).T

2024-11-28 13:26:42,682:WARNING:/home/damiatus/.local/lib/python3.10/site-packages/sklearn/linear_model/_ridge.py:204: LinAlgWarning: Ill-conditioned matrix (rcond=4.0367e-19): result may not be accurate.
  return linalg.solve(A, Xy, assume_a="pos", overwrite_a=True).T

2024-11-28 13:26:43,118:WARNING:/home/damiatus/.local/lib/python3.10/site-packages/sklearn/linear_model/_ridge.py:204: LinAlgWarning: Ill-conditioned matrix (rcond=4.01278e-19): result may not be accurate.
  return linalg.solve(A, Xy, assume_a="pos", overwrite_a=True).T

2024-11-28 13:26:43,292:INFO:Calculating mean and std
2024-11-28 13:26:43,300:INFO:Creating metrics dataframe
2024-11-28 13:26:43,308:INFO:Uploading results into container
2024-11-28 13:26:43,311:INFO:Uploading model into container now
2024-11-28 13:26:43,315:INFO:_master_model_container: 6
2024-11-28 13:26:43,316:INFO:_display_container: 2
2024-11-28 13:26:43,316:INFO:RidgeClassifier(alpha=1.0, class_weight=None, copy_X=True, fit_intercept=True,
                max_iter=None, positive=False, random_state=123, solver='auto',
                tol=0.0001)
2024-11-28 13:26:43,316:INFO:create_model() successfully completed......................................
2024-11-28 13:26:43,540:INFO:SubProcess create_model() end ==================================
2024-11-28 13:26:43,540:INFO:Creating metrics dataframe
2024-11-28 13:26:43,553:INFO:Initializing Random Forest Classifier
2024-11-28 13:26:43,553:INFO:Total runtime is 1.5894729137420653 minutes
2024-11-28 13:26:43,559:INFO:SubProcess create_model() called ==================================
2024-11-28 13:26:43,559:INFO:Initializing create_model()
2024-11-28 13:26:43,560:INFO:create_model(self=<pycaret.classification.oop.ClassificationExperiment object at 0x7f6cd65b0bb0>, estimator=rf, fold=StratifiedKFold(n_splits=5, random_state=None, shuffle=False), round=4, cross_validation=True, predict=True, fit_kwargs={}, groups=None, refit=False, probability_threshold=None, experiment_custom_tags=None, verbose=False, system=False, add_to_model_list=True, metrics=None, display=<pycaret.internal.display.display.CommonDisplay object at 0x7f6cdb250670>, model_only=True, return_train_score=False, error_score=0.0, kwargs={})
2024-11-28 13:26:43,560:INFO:Checking exceptions
2024-11-28 13:26:43,560:INFO:Importing libraries
2024-11-28 13:26:43,561:INFO:Copying training dataset
2024-11-28 13:26:43,651:INFO:Defining folds
2024-11-28 13:26:43,652:INFO:Declaring metric variables
2024-11-28 13:26:43,661:INFO:Importing untrained model
2024-11-28 13:26:43,672:INFO:Random Forest Classifier Imported successfully
2024-11-28 13:26:43,690:INFO:Starting cross validation
2024-11-28 13:26:43,693:INFO:Cross validating with StratifiedKFold(n_splits=5, random_state=None, shuffle=False), n_jobs=1
2024-11-28 13:27:12,354:INFO:Calculating mean and std
2024-11-28 13:27:12,356:INFO:Creating metrics dataframe
2024-11-28 13:27:12,369:INFO:Uploading results into container
2024-11-28 13:27:12,370:INFO:Uploading model into container now
2024-11-28 13:27:12,370:INFO:_master_model_container: 7
2024-11-28 13:27:12,370:INFO:_display_container: 2
2024-11-28 13:27:12,371:INFO:RandomForestClassifier(bootstrap=True, ccp_alpha=0.0, class_weight=None,
                       criterion='gini', max_depth=None, max_features='sqrt',
                       max_leaf_nodes=None, max_samples=None,
                       min_impurity_decrease=0.0, min_samples_leaf=1,
                       min_samples_split=2, min_weight_fraction_leaf=0.0,
                       monotonic_cst=None, n_estimators=100, n_jobs=-1,
                       oob_score=False, random_state=123, verbose=0,
                       warm_start=False)
2024-11-28 13:27:12,371:INFO:create_model() successfully completed......................................
2024-11-28 13:27:12,588:INFO:SubProcess create_model() end ==================================
2024-11-28 13:27:12,589:INFO:Creating metrics dataframe
2024-11-28 13:27:12,601:INFO:Initializing Quadratic Discriminant Analysis
2024-11-28 13:27:12,601:INFO:Total runtime is 2.0736070831616717 minutes
2024-11-28 13:27:12,610:INFO:SubProcess create_model() called ==================================
2024-11-28 13:27:12,611:INFO:Initializing create_model()
2024-11-28 13:27:12,611:INFO:create_model(self=<pycaret.classification.oop.ClassificationExperiment object at 0x7f6cd65b0bb0>, estimator=qda, fold=StratifiedKFold(n_splits=5, random_state=None, shuffle=False), round=4, cross_validation=True, predict=True, fit_kwargs={}, groups=None, refit=False, probability_threshold=None, experiment_custom_tags=None, verbose=False, system=False, add_to_model_list=True, metrics=None, display=<pycaret.internal.display.display.CommonDisplay object at 0x7f6cdb250670>, model_only=True, return_train_score=False, error_score=0.0, kwargs={})
2024-11-28 13:27:12,611:INFO:Checking exceptions
2024-11-28 13:27:12,611:INFO:Importing libraries
2024-11-28 13:27:12,611:INFO:Copying training dataset
2024-11-28 13:27:12,701:INFO:Defining folds
2024-11-28 13:27:12,701:INFO:Declaring metric variables
2024-11-28 13:27:12,711:INFO:Importing untrained model
2024-11-28 13:27:12,720:INFO:Quadratic Discriminant Analysis Imported successfully
2024-11-28 13:27:12,740:INFO:Starting cross validation
2024-11-28 13:27:12,744:INFO:Cross validating with StratifiedKFold(n_splits=5, random_state=None, shuffle=False), n_jobs=1
2024-11-28 13:27:13,477:WARNING:/home/damiatus/.local/lib/python3.10/site-packages/sklearn/discriminant_analysis.py:935: UserWarning: Variables are collinear
  warnings.warn("Variables are collinear")

2024-11-28 13:27:13,930:WARNING:/home/damiatus/.local/lib/python3.10/site-packages/sklearn/discriminant_analysis.py:935: UserWarning: Variables are collinear
  warnings.warn("Variables are collinear")

2024-11-28 13:27:14,361:WARNING:/home/damiatus/.local/lib/python3.10/site-packages/sklearn/discriminant_analysis.py:935: UserWarning: Variables are collinear
  warnings.warn("Variables are collinear")

2024-11-28 13:27:14,824:WARNING:/home/damiatus/.local/lib/python3.10/site-packages/sklearn/discriminant_analysis.py:935: UserWarning: Variables are collinear
  warnings.warn("Variables are collinear")

2024-11-28 13:27:15,342:WARNING:/home/damiatus/.local/lib/python3.10/site-packages/sklearn/discriminant_analysis.py:935: UserWarning: Variables are collinear
  warnings.warn("Variables are collinear")

2024-11-28 13:27:15,550:INFO:Calculating mean and std
2024-11-28 13:27:15,557:INFO:Creating metrics dataframe
2024-11-28 13:27:15,562:INFO:Uploading results into container
2024-11-28 13:27:15,564:INFO:Uploading model into container now
2024-11-28 13:27:15,565:INFO:_master_model_container: 8
2024-11-28 13:27:15,566:INFO:_display_container: 2
2024-11-28 13:27:15,566:INFO:QuadraticDiscriminantAnalysis(priors=None, reg_param=0.0,
                              store_covariance=False, tol=0.0001)
2024-11-28 13:27:15,566:INFO:create_model() successfully completed......................................
2024-11-28 13:27:15,788:INFO:SubProcess create_model() end ==================================
2024-11-28 13:27:15,789:INFO:Creating metrics dataframe
2024-11-28 13:27:15,802:INFO:Initializing Ada Boost Classifier
2024-11-28 13:27:15,802:INFO:Total runtime is 2.1269535581270853 minutes
2024-11-28 13:27:15,811:INFO:SubProcess create_model() called ==================================
2024-11-28 13:27:15,811:INFO:Initializing create_model()
2024-11-28 13:27:15,812:INFO:create_model(self=<pycaret.classification.oop.ClassificationExperiment object at 0x7f6cd65b0bb0>, estimator=ada, fold=StratifiedKFold(n_splits=5, random_state=None, shuffle=False), round=4, cross_validation=True, predict=True, fit_kwargs={}, groups=None, refit=False, probability_threshold=None, experiment_custom_tags=None, verbose=False, system=False, add_to_model_list=True, metrics=None, display=<pycaret.internal.display.display.CommonDisplay object at 0x7f6cdb250670>, model_only=True, return_train_score=False, error_score=0.0, kwargs={})
2024-11-28 13:27:15,812:INFO:Checking exceptions
2024-11-28 13:27:15,812:INFO:Importing libraries
2024-11-28 13:27:15,812:INFO:Copying training dataset
2024-11-28 13:27:15,937:INFO:Defining folds
2024-11-28 13:27:15,938:INFO:Declaring metric variables
2024-11-28 13:27:15,944:INFO:Importing untrained model
2024-11-28 13:27:15,959:INFO:Ada Boost Classifier Imported successfully
2024-11-28 13:27:15,984:INFO:Starting cross validation
2024-11-28 13:27:15,986:INFO:Cross validating with StratifiedKFold(n_splits=5, random_state=None, shuffle=False), n_jobs=1
2024-11-28 13:27:16,211:WARNING:/home/damiatus/.local/lib/python3.10/site-packages/sklearn/ensemble/_weight_boosting.py:519: FutureWarning: The SAMME.R algorithm (the default) is deprecated and will be removed in 1.6. Use the SAMME algorithm to circumvent this warning.
  warnings.warn(

2024-11-28 13:27:25,500:WARNING:/home/damiatus/.local/lib/python3.10/site-packages/sklearn/ensemble/_weight_boosting.py:519: FutureWarning: The SAMME.R algorithm (the default) is deprecated and will be removed in 1.6. Use the SAMME algorithm to circumvent this warning.
  warnings.warn(

2024-11-28 13:27:34,881:INFO:PyCaret ClassificationExperiment
2024-11-28 13:27:34,881:INFO:Logging name: clf-default-name
2024-11-28 13:27:34,881:INFO:ML Usecase: MLUsecase.CLASSIFICATION
2024-11-28 13:27:34,881:INFO:version 3.3.2
2024-11-28 13:27:34,881:INFO:Initializing setup()
2024-11-28 13:27:34,881:INFO:self.USI: 5a29
2024-11-28 13:27:34,881:INFO:self._variable_keys: {'USI', '_ml_usecase', 'gpu_param', 'fold_shuffle_param', 'memory', 'html_param', 'y_train', 'y_test', 'y', 'gpu_n_jobs_param', 'n_jobs_param', 'X_train', 'exp_id', 'X_test', 'is_multiclass', 'exp_name_log', 'fold_groups_param', 'fold_generator', 'data', 'seed', 'fix_imbalance', 'X', 'logging_param', 'log_plots_param', 'target_param', 'idx', '_available_plots', 'pipeline'}
2024-11-28 13:27:34,881:INFO:Checking environment
2024-11-28 13:27:34,881:INFO:python_version: 3.10.12
2024-11-28 13:27:34,881:INFO:python_build: ('main', 'Nov  6 2024 20:22:13')
2024-11-28 13:27:34,881:INFO:machine: x86_64
2024-11-28 13:27:34,881:INFO:platform: Linux-5.15.167.4-microsoft-standard-WSL2-x86_64-with-glibc2.35
2024-11-28 13:27:34,882:INFO:Memory: svmem(total=8286756864, available=2141003776, percent=74.2, used=5833723904, free=1433337856, active=420274176, inactive=5821288448, buffers=61161472, cached=958533632, shared=4399104, slab=267620352)
2024-11-28 13:27:34,882:INFO:Physical Core: 4
2024-11-28 13:27:34,882:INFO:Logical Core: 4
2024-11-28 13:27:34,882:INFO:Checking libraries
2024-11-28 13:27:34,882:INFO:System:
2024-11-28 13:27:34,882:INFO:    python: 3.10.12 (main, Nov  6 2024, 20:22:13) [GCC 11.4.0]
2024-11-28 13:27:34,882:INFO:executable: /bin/python3
2024-11-28 13:27:34,882:INFO:   machine: Linux-5.15.167.4-microsoft-standard-WSL2-x86_64-with-glibc2.35
2024-11-28 13:27:34,882:INFO:PyCaret required dependencies:
2024-11-28 13:27:34,883:INFO:                 pip: 22.0.2
2024-11-28 13:27:34,883:INFO:          setuptools: 59.6.0
2024-11-28 13:27:34,883:INFO:             pycaret: 3.3.2
2024-11-28 13:27:34,883:INFO:             IPython: 8.27.0
2024-11-28 13:27:34,883:INFO:          ipywidgets: 8.1.5
2024-11-28 13:27:34,883:INFO:                tqdm: 4.66.5
2024-11-28 13:27:34,883:INFO:               numpy: 1.26.4
2024-11-28 13:27:34,883:INFO:              pandas: 2.1.4
2024-11-28 13:27:34,883:INFO:              jinja2: 3.1.4
2024-11-28 13:27:34,883:INFO:               scipy: 1.11.4
2024-11-28 13:27:34,883:INFO:              joblib: 1.3.2
2024-11-28 13:27:34,883:INFO:             sklearn: 1.4.2
2024-11-28 13:27:34,883:INFO:                pyod: 2.0.2
2024-11-28 13:27:34,883:INFO:            imblearn: 0.12.4
2024-11-28 13:27:34,883:INFO:   category_encoders: 2.6.4
2024-11-28 13:27:34,883:INFO:            lightgbm: 4.5.0
2024-11-28 13:27:34,883:INFO:               numba: 0.60.0
2024-11-28 13:27:34,883:INFO:            requests: 2.32.3
2024-11-28 13:27:34,883:INFO:          matplotlib: 3.7.5
2024-11-28 13:27:34,883:INFO:          scikitplot: 0.3.7
2024-11-28 13:27:34,883:INFO:         yellowbrick: 1.5
2024-11-28 13:27:34,883:INFO:              plotly: 5.24.1
2024-11-28 13:27:34,883:INFO:    plotly-resampler: Not installed
2024-11-28 13:27:34,883:INFO:             kaleido: 0.2.1
2024-11-28 13:27:34,883:INFO:           schemdraw: 0.15
2024-11-28 13:27:34,883:INFO:         statsmodels: 0.14.3
2024-11-28 13:27:34,883:INFO:              sktime: 0.26.0
2024-11-28 13:27:34,883:INFO:               tbats: 1.1.3
2024-11-28 13:27:34,883:INFO:            pmdarima: 2.0.4
2024-11-28 13:27:34,884:INFO:              psutil: 6.0.0
2024-11-28 13:27:34,884:INFO:          markupsafe: 3.0.1
2024-11-28 13:27:34,884:INFO:             pickle5: Not installed
2024-11-28 13:27:34,884:INFO:         cloudpickle: 3.0.0
2024-11-28 13:27:34,884:INFO:         deprecation: 2.1.0
2024-11-28 13:27:34,884:INFO:              xxhash: 3.5.0
2024-11-28 13:27:34,884:INFO:           wurlitzer: 3.1.1
2024-11-28 13:27:34,884:INFO:PyCaret optional dependencies:
2024-11-28 13:27:34,884:INFO:                shap: 0.46.0
2024-11-28 13:27:34,884:INFO:           interpret: Not installed
2024-11-28 13:27:34,884:INFO:                umap: Not installed
2024-11-28 13:27:34,884:INFO:     ydata_profiling: Not installed
2024-11-28 13:27:34,884:INFO:  explainerdashboard: Not installed
2024-11-28 13:27:34,884:INFO:             autoviz: Not installed
2024-11-28 13:27:34,884:INFO:           fairlearn: Not installed
2024-11-28 13:27:34,884:INFO:          deepchecks: Not installed
2024-11-28 13:27:34,884:INFO:             xgboost: 2.1.1
2024-11-28 13:27:34,884:INFO:            catboost: 1.2.7
2024-11-28 13:27:34,884:INFO:              kmodes: Not installed
2024-11-28 13:27:34,884:INFO:             mlxtend: Not installed
2024-11-28 13:27:34,884:INFO:       statsforecast: Not installed
2024-11-28 13:27:34,884:INFO:        tune_sklearn: Not installed
2024-11-28 13:27:34,884:INFO:                 ray: Not installed
2024-11-28 13:27:34,884:INFO:            hyperopt: Not installed
2024-11-28 13:27:34,884:INFO:              optuna: Not installed
2024-11-28 13:27:34,884:INFO:               skopt: Not installed
2024-11-28 13:27:34,884:INFO:              mlflow: Not installed
2024-11-28 13:27:34,885:INFO:              gradio: Not installed
2024-11-28 13:27:34,885:INFO:             fastapi: Not installed
2024-11-28 13:27:34,885:INFO:             uvicorn: Not installed
2024-11-28 13:27:34,885:INFO:              m2cgen: Not installed
2024-11-28 13:27:34,885:INFO:           evidently: Not installed
2024-11-28 13:27:34,885:INFO:               fugue: Not installed
2024-11-28 13:27:34,885:INFO:           streamlit: Not installed
2024-11-28 13:27:34,885:INFO:             prophet: 1.1.6
2024-11-28 13:27:34,885:INFO:None
2024-11-28 13:27:34,885:INFO:Set up data.
2024-11-28 13:27:34,985:INFO:Set up folding strategy.
2024-11-28 13:27:34,985:INFO:Set up train/test split.
2024-11-28 13:27:35,077:INFO:Set up index.
2024-11-28 13:27:35,078:INFO:Assigning column types.
2024-11-28 13:27:35,146:INFO:Engine successfully changes for model 'lr' to 'sklearn'.
2024-11-28 13:27:35,215:INFO:Engine for model 'knn' has not been set explicitly, hence returning None.
2024-11-28 13:27:35,217:INFO:Engine for model 'rbfsvm' has not been set explicitly, hence returning None.
2024-11-28 13:27:35,288:INFO:Soft dependency imported: xgboost: 2.1.1
2024-11-28 13:27:35,292:INFO:Soft dependency imported: catboost: 1.2.7
2024-11-28 13:27:35,370:INFO:Engine for model 'knn' has not been set explicitly, hence returning None.
2024-11-28 13:27:35,371:INFO:Engine for model 'rbfsvm' has not been set explicitly, hence returning None.
2024-11-28 13:27:35,415:INFO:Soft dependency imported: xgboost: 2.1.1
2024-11-28 13:27:35,419:INFO:Soft dependency imported: catboost: 1.2.7
2024-11-28 13:27:35,420:INFO:Engine successfully changes for model 'knn' to 'sklearn'.
2024-11-28 13:27:35,489:INFO:Engine for model 'rbfsvm' has not been set explicitly, hence returning None.
2024-11-28 13:27:35,534:INFO:Soft dependency imported: xgboost: 2.1.1
2024-11-28 13:27:35,537:INFO:Soft dependency imported: catboost: 1.2.7
2024-11-28 13:27:35,609:INFO:Engine for model 'rbfsvm' has not been set explicitly, hence returning None.
2024-11-28 13:27:35,650:INFO:Soft dependency imported: xgboost: 2.1.1
2024-11-28 13:27:35,654:INFO:Soft dependency imported: catboost: 1.2.7
2024-11-28 13:27:35,655:INFO:Engine successfully changes for model 'rbfsvm' to 'sklearn'.
2024-11-28 13:27:35,770:INFO:Soft dependency imported: xgboost: 2.1.1
2024-11-28 13:27:35,775:INFO:Soft dependency imported: catboost: 1.2.7
2024-11-28 13:27:35,893:INFO:Soft dependency imported: xgboost: 2.1.1
2024-11-28 13:27:35,897:INFO:Soft dependency imported: catboost: 1.2.7
2024-11-28 13:27:35,899:INFO:Preparing preprocessing pipeline...
2024-11-28 13:27:35,917:INFO:Set up date feature engineering.
2024-11-28 13:27:35,918:INFO:Set up simple imputation.
2024-11-28 13:27:35,988:INFO:Set up encoding of ordinal features.
2024-11-28 13:27:36,035:INFO:Set up encoding of categorical features.
2024-11-28 13:27:36,457:INFO:Finished creating preprocessing pipeline.
2024-11-28 13:27:36,500:INFO:Pipeline: Pipeline(memory=FastMemory(location=/tmp/joblib),
         steps=[('date_feature_extractor',
                 TransformerWrapper(exclude=None,
                                    include=['borrow_timestamp',
                                             'first_tx_timestamp',
                                             'last_tx_timestamp'],
                                    transformer=ExtractDateTimeFeatures(features=['day',
                                                                                  'month',
                                                                                  'year']))),
                ('numerical_imputer',
                 TransformerWrapper(exclude=None,
                                    include=['wallet_age', 'incoming_tx_count',...
                ('ordinal_encoding',
                 TransformerWrapper(exclude=None,
                                    include=['market_ht_trendmode'],
                                    transformer=OrdinalEncoder(cols=['market_ht_trendmode'],
                                                               drop_invariant=False,
                                                               handle_missing='return_nan',
                                                               handle_unknown='value',
                                                               mapping=[{'col': 'market_ht_trendmode',
                                                                         'data_type': dtype('float64'),
                                                                         'mapping': 0.0    0
1.0    1
NaN   -1
dtype: int64}],
                                                               return_df=True,
                                                               verbose=0)))],
         verbose=False)
2024-11-28 13:27:36,501:INFO:Creating final display dataframe.
2024-11-28 13:27:36,921:INFO:Setup _display_container:                     Description             Value
0                    Session id               123
1                        Target            target
2                   Target type            Binary
3           Original data shape       (42081, 78)
4        Transformed data shape       (42081, 79)
5   Transformed train set shape       (29456, 79)
6    Transformed test set shape       (12625, 79)
7               Ignore features                 5
8              Numeric features                68
9                 Date features                 3
10         Categorical features                 1
11     Rows with missing values             99.1%
12                   Preprocess              True
13              Imputation type            simple
14           Numeric imputation              mean
15       Categorical imputation              mode
16     Maximum one-hot encoding                25
17              Encoding method              None
18               Fold Generator   StratifiedKFold
19                  Fold Number                 5
20                     CPU Jobs                -1
21                      Use GPU             False
22               Log Experiment             False
23              Experiment Name  clf-default-name
24                          USI              5a29
2024-11-28 13:27:37,061:INFO:Soft dependency imported: xgboost: 2.1.1
2024-11-28 13:27:37,066:INFO:Soft dependency imported: catboost: 1.2.7
2024-11-28 13:27:37,195:INFO:Soft dependency imported: xgboost: 2.1.1
2024-11-28 13:27:37,200:INFO:Soft dependency imported: catboost: 1.2.7
2024-11-28 13:27:37,203:INFO:setup() successfully completed in 2.33s...............
2024-11-28 13:27:37,204:INFO:Initializing compare_models()
2024-11-28 13:27:37,204:INFO:compare_models(self=<pycaret.classification.oop.ClassificationExperiment object at 0x7f6cdbce8820>, include=None, fold=None, round=4, cross_validation=True, sort=Accuracy, n_select=1, budget_time=None, turbo=True, errors=ignore, fit_kwargs=None, groups=None, experiment_custom_tags=None, probability_threshold=None, verbose=True, parallel=None, caller_params={'self': <pycaret.classification.oop.ClassificationExperiment object at 0x7f6cdbce8820>, 'include': None, 'exclude': None, 'fold': None, 'round': 4, 'cross_validation': True, 'sort': 'Accuracy', 'n_select': 1, 'budget_time': None, 'turbo': True, 'errors': 'ignore', 'fit_kwargs': None, 'groups': None, 'experiment_custom_tags': None, 'probability_threshold': None, 'engine': None, 'verbose': True, 'parallel': None, '__class__': <class 'pycaret.classification.oop.ClassificationExperiment'>}, exclude=None)
2024-11-28 13:27:37,204:INFO:Checking exceptions
2024-11-28 13:27:37,255:INFO:Preparing display monitor
2024-11-28 13:27:37,301:INFO:Initializing Logistic Regression
2024-11-28 13:27:37,304:INFO:Total runtime is 3.482500712076823e-05 minutes
2024-11-28 13:27:37,309:INFO:SubProcess create_model() called ==================================
2024-11-28 13:27:37,310:INFO:Initializing create_model()
2024-11-28 13:27:37,310:INFO:create_model(self=<pycaret.classification.oop.ClassificationExperiment object at 0x7f6cdbce8820>, estimator=lr, fold=StratifiedKFold(n_splits=5, random_state=None, shuffle=False), round=4, cross_validation=True, predict=True, fit_kwargs={}, groups=None, refit=False, probability_threshold=None, experiment_custom_tags=None, verbose=False, system=False, add_to_model_list=True, metrics=None, display=<pycaret.internal.display.display.CommonDisplay object at 0x7f6cdbfe9150>, model_only=True, return_train_score=False, error_score=0.0, kwargs={})
2024-11-28 13:27:37,310:INFO:Checking exceptions
2024-11-28 13:27:37,310:INFO:Importing libraries
2024-11-28 13:27:37,310:INFO:Copying training dataset
2024-11-28 13:27:37,496:INFO:Defining folds
2024-11-28 13:27:37,496:INFO:Declaring metric variables
2024-11-28 13:27:37,506:INFO:Importing untrained model
2024-11-28 13:27:37,512:INFO:Logistic Regression Imported successfully
2024-11-28 13:27:37,530:INFO:Starting cross validation
2024-11-28 13:27:37,534:INFO:Cross validating with StratifiedKFold(n_splits=5, random_state=None, shuffle=False), n_jobs=-1
2024-11-28 13:27:50,766:WARNING:/home/damiatus/.local/lib/python3.10/site-packages/sklearn/linear_model/_logistic.py:469: ConvergenceWarning: lbfgs failed to converge (status=1):
STOP: TOTAL NO. of ITERATIONS REACHED LIMIT.

Increase the number of iterations (max_iter) or scale the data as shown in:
    https://scikit-learn.org/stable/modules/preprocessing.html
Please also refer to the documentation for alternative solver options:
    https://scikit-learn.org/stable/modules/linear_model.html#logistic-regression
  n_iter_i = _check_optimize_result(

2024-11-28 13:27:50,776:WARNING:/home/damiatus/.local/lib/python3.10/site-packages/sklearn/linear_model/_logistic.py:469: ConvergenceWarning: lbfgs failed to converge (status=1):
STOP: TOTAL NO. of ITERATIONS REACHED LIMIT.

Increase the number of iterations (max_iter) or scale the data as shown in:
    https://scikit-learn.org/stable/modules/preprocessing.html
Please also refer to the documentation for alternative solver options:
    https://scikit-learn.org/stable/modules/linear_model.html#logistic-regression
  n_iter_i = _check_optimize_result(

2024-11-28 13:27:53,049:WARNING:/home/damiatus/.local/lib/python3.10/site-packages/sklearn/linear_model/_logistic.py:469: ConvergenceWarning: lbfgs failed to converge (status=1):
STOP: TOTAL NO. of ITERATIONS REACHED LIMIT.

Increase the number of iterations (max_iter) or scale the data as shown in:
    https://scikit-learn.org/stable/modules/preprocessing.html
Please also refer to the documentation for alternative solver options:
    https://scikit-learn.org/stable/modules/linear_model.html#logistic-regression
  n_iter_i = _check_optimize_result(

2024-11-28 13:27:53,169:INFO:Calculating mean and std
2024-11-28 13:27:53,171:INFO:Creating metrics dataframe
2024-11-28 13:27:53,176:INFO:Uploading results into container
2024-11-28 13:27:53,177:INFO:Uploading model into container now
2024-11-28 13:27:53,178:INFO:_master_model_container: 1
2024-11-28 13:27:53,181:INFO:_display_container: 2
2024-11-28 13:27:53,183:INFO:LogisticRegression(C=1.0, class_weight=None, dual=False, fit_intercept=True,
                   intercept_scaling=1, l1_ratio=None, max_iter=1000,
                   multi_class='auto', n_jobs=None, penalty='l2',
                   random_state=123, solver='lbfgs', tol=0.0001, verbose=0,
                   warm_start=False)
2024-11-28 13:27:53,183:INFO:create_model() successfully completed......................................
2024-11-28 13:27:53,730:INFO:SubProcess create_model() end ==================================
2024-11-28 13:27:53,730:INFO:Creating metrics dataframe
2024-11-28 13:27:53,743:INFO:Initializing K Neighbors Classifier
2024-11-28 13:27:53,743:INFO:Total runtime is 0.27402796745300295 minutes
2024-11-28 13:27:53,749:INFO:SubProcess create_model() called ==================================
2024-11-28 13:27:53,750:INFO:Initializing create_model()
2024-11-28 13:27:53,757:INFO:create_model(self=<pycaret.classification.oop.ClassificationExperiment object at 0x7f6cdbce8820>, estimator=knn, fold=StratifiedKFold(n_splits=5, random_state=None, shuffle=False), round=4, cross_validation=True, predict=True, fit_kwargs={}, groups=None, refit=False, probability_threshold=None, experiment_custom_tags=None, verbose=False, system=False, add_to_model_list=True, metrics=None, display=<pycaret.internal.display.display.CommonDisplay object at 0x7f6cdbfe9150>, model_only=True, return_train_score=False, error_score=0.0, kwargs={})
2024-11-28 13:27:53,758:INFO:Checking exceptions
2024-11-28 13:27:53,758:INFO:Importing libraries
2024-11-28 13:27:53,758:INFO:Copying training dataset
2024-11-28 13:27:53,881:INFO:Defining folds
2024-11-28 13:27:53,881:INFO:Declaring metric variables
2024-11-28 13:27:53,888:INFO:Importing untrained model
2024-11-28 13:27:53,902:INFO:K Neighbors Classifier Imported successfully
2024-11-28 13:27:53,929:INFO:Starting cross validation
2024-11-28 13:27:53,931:INFO:Cross validating with StratifiedKFold(n_splits=5, random_state=None, shuffle=False), n_jobs=-1
2024-11-28 13:28:04,776:INFO:Calculating mean and std
2024-11-28 13:28:04,778:INFO:Creating metrics dataframe
2024-11-28 13:28:04,783:INFO:Uploading results into container
2024-11-28 13:28:04,784:INFO:Uploading model into container now
2024-11-28 13:28:04,790:INFO:_master_model_container: 2
2024-11-28 13:28:04,791:INFO:_display_container: 2
2024-11-28 13:28:04,794:INFO:KNeighborsClassifier(algorithm='auto', leaf_size=30, metric='minkowski',
                     metric_params=None, n_jobs=-1, n_neighbors=5, p=2,
                     weights='uniform')
2024-11-28 13:28:04,795:INFO:create_model() successfully completed......................................
2024-11-28 13:28:05,040:INFO:SubProcess create_model() end ==================================
2024-11-28 13:28:05,041:INFO:Creating metrics dataframe
2024-11-28 13:28:05,051:INFO:Initializing Naive Bayes
2024-11-28 13:28:05,051:INFO:Total runtime is 0.46249349912007653 minutes
2024-11-28 13:28:05,057:INFO:SubProcess create_model() called ==================================
2024-11-28 13:28:05,058:INFO:Initializing create_model()
2024-11-28 13:28:05,058:INFO:create_model(self=<pycaret.classification.oop.ClassificationExperiment object at 0x7f6cdbce8820>, estimator=nb, fold=StratifiedKFold(n_splits=5, random_state=None, shuffle=False), round=4, cross_validation=True, predict=True, fit_kwargs={}, groups=None, refit=False, probability_threshold=None, experiment_custom_tags=None, verbose=False, system=False, add_to_model_list=True, metrics=None, display=<pycaret.internal.display.display.CommonDisplay object at 0x7f6cdbfe9150>, model_only=True, return_train_score=False, error_score=0.0, kwargs={})
2024-11-28 13:28:05,058:INFO:Checking exceptions
2024-11-28 13:28:05,058:INFO:Importing libraries
2024-11-28 13:28:05,058:INFO:Copying training dataset
2024-11-28 13:28:05,157:INFO:Defining folds
2024-11-28 13:28:05,157:INFO:Declaring metric variables
2024-11-28 13:28:05,163:INFO:Importing untrained model
2024-11-28 13:28:05,178:INFO:Naive Bayes Imported successfully
2024-11-28 13:28:05,197:INFO:Starting cross validation
2024-11-28 13:28:05,199:INFO:Cross validating with StratifiedKFold(n_splits=5, random_state=None, shuffle=False), n_jobs=-1
2024-11-28 13:28:06,293:INFO:Calculating mean and std
2024-11-28 13:28:06,295:INFO:Creating metrics dataframe
2024-11-28 13:28:06,298:INFO:Uploading results into container
2024-11-28 13:28:06,299:INFO:Uploading model into container now
2024-11-28 13:28:06,300:INFO:_master_model_container: 3
2024-11-28 13:28:06,300:INFO:_display_container: 2
2024-11-28 13:28:06,301:INFO:GaussianNB(priors=None, var_smoothing=1e-09)
2024-11-28 13:28:06,301:INFO:create_model() successfully completed......................................
2024-11-28 13:28:06,557:INFO:SubProcess create_model() end ==================================
2024-11-28 13:28:06,557:INFO:Creating metrics dataframe
2024-11-28 13:28:06,570:INFO:Initializing Decision Tree Classifier
2024-11-28 13:28:06,570:INFO:Total runtime is 0.4878071784973145 minutes
2024-11-28 13:28:06,577:INFO:SubProcess create_model() called ==================================
2024-11-28 13:28:06,578:INFO:Initializing create_model()
2024-11-28 13:28:06,578:INFO:create_model(self=<pycaret.classification.oop.ClassificationExperiment object at 0x7f6cdbce8820>, estimator=dt, fold=StratifiedKFold(n_splits=5, random_state=None, shuffle=False), round=4, cross_validation=True, predict=True, fit_kwargs={}, groups=None, refit=False, probability_threshold=None, experiment_custom_tags=None, verbose=False, system=False, add_to_model_list=True, metrics=None, display=<pycaret.internal.display.display.CommonDisplay object at 0x7f6cdbfe9150>, model_only=True, return_train_score=False, error_score=0.0, kwargs={})
2024-11-28 13:28:06,578:INFO:Checking exceptions
2024-11-28 13:28:06,578:INFO:Importing libraries
2024-11-28 13:28:06,578:INFO:Copying training dataset
2024-11-28 13:28:06,666:INFO:Defining folds
2024-11-28 13:28:06,666:INFO:Declaring metric variables
2024-11-28 13:28:06,678:INFO:Importing untrained model
2024-11-28 13:28:06,685:INFO:Decision Tree Classifier Imported successfully
2024-11-28 13:28:06,703:INFO:Starting cross validation
2024-11-28 13:28:06,706:INFO:Cross validating with StratifiedKFold(n_splits=5, random_state=None, shuffle=False), n_jobs=-1
2024-11-28 13:28:13,822:INFO:Calculating mean and std
2024-11-28 13:28:13,823:INFO:Creating metrics dataframe
2024-11-28 13:28:13,827:INFO:Uploading results into container
2024-11-28 13:28:13,828:INFO:Uploading model into container now
2024-11-28 13:28:13,828:INFO:_master_model_container: 4
2024-11-28 13:28:13,829:INFO:_display_container: 2
2024-11-28 13:28:13,829:INFO:DecisionTreeClassifier(ccp_alpha=0.0, class_weight=None, criterion='gini',
                       max_depth=None, max_features=None, max_leaf_nodes=None,
                       min_impurity_decrease=0.0, min_samples_leaf=1,
                       min_samples_split=2, min_weight_fraction_leaf=0.0,
                       monotonic_cst=None, random_state=123, splitter='best')
2024-11-28 13:28:13,830:INFO:create_model() successfully completed......................................
2024-11-28 13:28:14,086:INFO:SubProcess create_model() end ==================================
2024-11-28 13:28:14,086:INFO:Creating metrics dataframe
2024-11-28 13:28:14,099:INFO:Initializing SVM - Linear Kernel
2024-11-28 13:28:14,099:INFO:Total runtime is 0.6132979750633241 minutes
2024-11-28 13:28:14,106:INFO:SubProcess create_model() called ==================================
2024-11-28 13:28:14,107:INFO:Initializing create_model()
2024-11-28 13:28:14,107:INFO:create_model(self=<pycaret.classification.oop.ClassificationExperiment object at 0x7f6cdbce8820>, estimator=svm, fold=StratifiedKFold(n_splits=5, random_state=None, shuffle=False), round=4, cross_validation=True, predict=True, fit_kwargs={}, groups=None, refit=False, probability_threshold=None, experiment_custom_tags=None, verbose=False, system=False, add_to_model_list=True, metrics=None, display=<pycaret.internal.display.display.CommonDisplay object at 0x7f6cdbfe9150>, model_only=True, return_train_score=False, error_score=0.0, kwargs={})
2024-11-28 13:28:14,108:INFO:Checking exceptions
2024-11-28 13:28:14,108:INFO:Importing libraries
2024-11-28 13:28:14,108:INFO:Copying training dataset
2024-11-28 13:28:14,206:INFO:Defining folds
2024-11-28 13:28:14,206:INFO:Declaring metric variables
2024-11-28 13:28:14,218:INFO:Importing untrained model
2024-11-28 13:28:14,225:INFO:SVM - Linear Kernel Imported successfully
2024-11-28 13:28:14,246:INFO:Starting cross validation
2024-11-28 13:28:14,256:INFO:Cross validating with StratifiedKFold(n_splits=5, random_state=None, shuffle=False), n_jobs=-1
2024-11-28 13:28:17,264:WARNING:/home/damiatus/.local/lib/python3.10/site-packages/sklearn/metrics/_classification.py:1509: UndefinedMetricWarning: Precision is ill-defined and being set to 0.0 due to no predicted samples. Use `zero_division` parameter to control this behavior.
  _warn_prf(average, modifier, f"{metric.capitalize()} is", len(result))

2024-11-28 13:28:17,916:WARNING:/home/damiatus/.local/lib/python3.10/site-packages/sklearn/metrics/_classification.py:1509: UndefinedMetricWarning: Precision is ill-defined and being set to 0.0 due to no predicted samples. Use `zero_division` parameter to control this behavior.
  _warn_prf(average, modifier, f"{metric.capitalize()} is", len(result))

2024-11-28 13:28:19,534:WARNING:/home/damiatus/.local/lib/python3.10/site-packages/sklearn/metrics/_classification.py:1509: UndefinedMetricWarning: Precision is ill-defined and being set to 0.0 due to no predicted samples. Use `zero_division` parameter to control this behavior.
  _warn_prf(average, modifier, f"{metric.capitalize()} is", len(result))

2024-11-28 13:28:19,556:INFO:Calculating mean and std
2024-11-28 13:28:19,557:INFO:Creating metrics dataframe
2024-11-28 13:28:19,561:INFO:Uploading results into container
2024-11-28 13:28:19,562:INFO:Uploading model into container now
2024-11-28 13:28:19,567:INFO:_master_model_container: 5
2024-11-28 13:28:19,567:INFO:_display_container: 2
2024-11-28 13:28:19,570:INFO:SGDClassifier(alpha=0.0001, average=False, class_weight=None,
              early_stopping=False, epsilon=0.1, eta0=0.001, fit_intercept=True,
              l1_ratio=0.15, learning_rate='optimal', loss='hinge',
              max_iter=1000, n_iter_no_change=5, n_jobs=-1, penalty='l2',
              power_t=0.5, random_state=123, shuffle=True, tol=0.001,
              validation_fraction=0.1, verbose=0, warm_start=False)
2024-11-28 13:28:19,570:INFO:create_model() successfully completed......................................
2024-11-28 13:28:19,866:INFO:SubProcess create_model() end ==================================
2024-11-28 13:28:19,866:INFO:Creating metrics dataframe
2024-11-28 13:28:19,879:INFO:Initializing Ridge Classifier
2024-11-28 13:28:19,880:INFO:Total runtime is 0.7096414049466452 minutes
2024-11-28 13:28:19,887:INFO:SubProcess create_model() called ==================================
2024-11-28 13:28:19,888:INFO:Initializing create_model()
2024-11-28 13:28:19,889:INFO:create_model(self=<pycaret.classification.oop.ClassificationExperiment object at 0x7f6cdbce8820>, estimator=ridge, fold=StratifiedKFold(n_splits=5, random_state=None, shuffle=False), round=4, cross_validation=True, predict=True, fit_kwargs={}, groups=None, refit=False, probability_threshold=None, experiment_custom_tags=None, verbose=False, system=False, add_to_model_list=True, metrics=None, display=<pycaret.internal.display.display.CommonDisplay object at 0x7f6cdbfe9150>, model_only=True, return_train_score=False, error_score=0.0, kwargs={})
2024-11-28 13:28:19,889:INFO:Checking exceptions
2024-11-28 13:28:19,890:INFO:Importing libraries
2024-11-28 13:28:19,890:INFO:Copying training dataset
2024-11-28 13:28:20,009:INFO:Defining folds
2024-11-28 13:28:20,010:INFO:Declaring metric variables
2024-11-28 13:28:20,024:INFO:Importing untrained model
2024-11-28 13:28:20,033:INFO:Ridge Classifier Imported successfully
2024-11-28 13:28:20,048:INFO:Starting cross validation
2024-11-28 13:28:20,057:INFO:Cross validating with StratifiedKFold(n_splits=5, random_state=None, shuffle=False), n_jobs=-1
2024-11-28 13:28:20,641:WARNING:/home/damiatus/.local/lib/python3.10/site-packages/sklearn/linear_model/_ridge.py:204: LinAlgWarning: Ill-conditioned matrix (rcond=4.03322e-19): result may not be accurate.
  return linalg.solve(A, Xy, assume_a="pos", overwrite_a=True).T

2024-11-28 13:28:20,679:WARNING:/home/damiatus/.local/lib/python3.10/site-packages/sklearn/linear_model/_ridge.py:204: LinAlgWarning: Ill-conditioned matrix (rcond=4.0395e-19): result may not be accurate.
  return linalg.solve(A, Xy, assume_a="pos", overwrite_a=True).T

2024-11-28 13:28:20,688:WARNING:/home/damiatus/.local/lib/python3.10/site-packages/sklearn/linear_model/_ridge.py:204: LinAlgWarning: Ill-conditioned matrix (rcond=3.98122e-19): result may not be accurate.
  return linalg.solve(A, Xy, assume_a="pos", overwrite_a=True).T

2024-11-28 13:28:20,691:WARNING:/home/damiatus/.local/lib/python3.10/site-packages/sklearn/linear_model/_ridge.py:204: LinAlgWarning: Ill-conditioned matrix (rcond=4.0367e-19): result may not be accurate.
  return linalg.solve(A, Xy, assume_a="pos", overwrite_a=True).T

2024-11-28 13:28:21,045:WARNING:/home/damiatus/.local/lib/python3.10/site-packages/sklearn/linear_model/_ridge.py:204: LinAlgWarning: Ill-conditioned matrix (rcond=4.01278e-19): result may not be accurate.
  return linalg.solve(A, Xy, assume_a="pos", overwrite_a=True).T

2024-11-28 13:28:21,160:INFO:Calculating mean and std
2024-11-28 13:28:21,162:INFO:Creating metrics dataframe
2024-11-28 13:28:21,166:INFO:Uploading results into container
2024-11-28 13:28:21,167:INFO:Uploading model into container now
2024-11-28 13:28:21,167:INFO:_master_model_container: 6
2024-11-28 13:28:21,167:INFO:_display_container: 2
2024-11-28 13:28:21,168:INFO:RidgeClassifier(alpha=1.0, class_weight=None, copy_X=True, fit_intercept=True,
                max_iter=None, positive=False, random_state=123, solver='auto',
                tol=0.0001)
2024-11-28 13:28:21,168:INFO:create_model() successfully completed......................................
2024-11-28 13:28:21,436:INFO:SubProcess create_model() end ==================================
2024-11-28 13:28:21,437:INFO:Creating metrics dataframe
2024-11-28 13:28:21,469:INFO:Initializing Random Forest Classifier
2024-11-28 13:28:21,469:INFO:Total runtime is 0.7361331860224407 minutes
2024-11-28 13:28:21,476:INFO:SubProcess create_model() called ==================================
2024-11-28 13:28:21,477:INFO:Initializing create_model()
2024-11-28 13:28:21,477:INFO:create_model(self=<pycaret.classification.oop.ClassificationExperiment object at 0x7f6cdbce8820>, estimator=rf, fold=StratifiedKFold(n_splits=5, random_state=None, shuffle=False), round=4, cross_validation=True, predict=True, fit_kwargs={}, groups=None, refit=False, probability_threshold=None, experiment_custom_tags=None, verbose=False, system=False, add_to_model_list=True, metrics=None, display=<pycaret.internal.display.display.CommonDisplay object at 0x7f6cdbfe9150>, model_only=True, return_train_score=False, error_score=0.0, kwargs={})
2024-11-28 13:28:21,478:INFO:Checking exceptions
2024-11-28 13:28:21,478:INFO:Importing libraries
2024-11-28 13:28:21,478:INFO:Copying training dataset
2024-11-28 13:28:21,630:INFO:Defining folds
2024-11-28 13:28:21,630:INFO:Declaring metric variables
2024-11-28 13:28:21,637:INFO:Importing untrained model
2024-11-28 13:28:21,653:INFO:Random Forest Classifier Imported successfully
2024-11-28 13:28:21,672:INFO:Starting cross validation
2024-11-28 13:28:21,674:INFO:Cross validating with StratifiedKFold(n_splits=5, random_state=None, shuffle=False), n_jobs=-1
2024-11-28 13:28:58,735:INFO:Calculating mean and std
2024-11-28 13:28:58,737:INFO:Creating metrics dataframe
2024-11-28 13:28:58,740:INFO:Uploading results into container
2024-11-28 13:28:58,743:INFO:Uploading model into container now
2024-11-28 13:28:58,743:INFO:_master_model_container: 7
2024-11-28 13:28:58,745:INFO:_display_container: 2
2024-11-28 13:28:58,746:INFO:RandomForestClassifier(bootstrap=True, ccp_alpha=0.0, class_weight=None,
                       criterion='gini', max_depth=None, max_features='sqrt',
                       max_leaf_nodes=None, max_samples=None,
                       min_impurity_decrease=0.0, min_samples_leaf=1,
                       min_samples_split=2, min_weight_fraction_leaf=0.0,
                       monotonic_cst=None, n_estimators=100, n_jobs=-1,
                       oob_score=False, random_state=123, verbose=0,
                       warm_start=False)
2024-11-28 13:28:58,746:INFO:create_model() successfully completed......................................
2024-11-28 13:28:58,974:INFO:SubProcess create_model() end ==================================
2024-11-28 13:28:58,975:INFO:Creating metrics dataframe
2024-11-28 13:28:58,986:INFO:Initializing Quadratic Discriminant Analysis
2024-11-28 13:28:58,987:INFO:Total runtime is 1.3614227175712585 minutes
2024-11-28 13:28:58,995:INFO:SubProcess create_model() called ==================================
2024-11-28 13:28:58,996:INFO:Initializing create_model()
2024-11-28 13:28:58,996:INFO:create_model(self=<pycaret.classification.oop.ClassificationExperiment object at 0x7f6cdbce8820>, estimator=qda, fold=StratifiedKFold(n_splits=5, random_state=None, shuffle=False), round=4, cross_validation=True, predict=True, fit_kwargs={}, groups=None, refit=False, probability_threshold=None, experiment_custom_tags=None, verbose=False, system=False, add_to_model_list=True, metrics=None, display=<pycaret.internal.display.display.CommonDisplay object at 0x7f6cdbfe9150>, model_only=True, return_train_score=False, error_score=0.0, kwargs={})
2024-11-28 13:28:58,996:INFO:Checking exceptions
2024-11-28 13:28:58,996:INFO:Importing libraries
2024-11-28 13:28:58,997:INFO:Copying training dataset
2024-11-28 13:28:59,083:INFO:Defining folds
2024-11-28 13:28:59,083:INFO:Declaring metric variables
2024-11-28 13:28:59,089:INFO:Importing untrained model
2024-11-28 13:28:59,097:INFO:Quadratic Discriminant Analysis Imported successfully
2024-11-28 13:28:59,118:INFO:Starting cross validation
2024-11-28 13:28:59,120:INFO:Cross validating with StratifiedKFold(n_splits=5, random_state=None, shuffle=False), n_jobs=-1
2024-11-28 13:28:59,649:WARNING:/home/damiatus/.local/lib/python3.10/site-packages/sklearn/discriminant_analysis.py:935: UserWarning: Variables are collinear
  warnings.warn("Variables are collinear")

2024-11-28 13:28:59,721:WARNING:/home/damiatus/.local/lib/python3.10/site-packages/sklearn/discriminant_analysis.py:935: UserWarning: Variables are collinear
  warnings.warn("Variables are collinear")

2024-11-28 13:28:59,824:WARNING:/home/damiatus/.local/lib/python3.10/site-packages/sklearn/discriminant_analysis.py:935: UserWarning: Variables are collinear
  warnings.warn("Variables are collinear")

2024-11-28 13:28:59,830:WARNING:/home/damiatus/.local/lib/python3.10/site-packages/sklearn/discriminant_analysis.py:935: UserWarning: Variables are collinear
  warnings.warn("Variables are collinear")

2024-11-28 13:29:00,529:WARNING:/home/damiatus/.local/lib/python3.10/site-packages/sklearn/discriminant_analysis.py:935: UserWarning: Variables are collinear
  warnings.warn("Variables are collinear")

2024-11-28 13:29:00,794:INFO:Calculating mean and std
2024-11-28 13:29:00,796:INFO:Creating metrics dataframe
2024-11-28 13:29:00,799:INFO:Uploading results into container
2024-11-28 13:29:00,803:INFO:Uploading model into container now
2024-11-28 13:29:00,803:INFO:_master_model_container: 8
2024-11-28 13:29:00,804:INFO:_display_container: 2
2024-11-28 13:29:00,804:INFO:QuadraticDiscriminantAnalysis(priors=None, reg_param=0.0,
                              store_covariance=False, tol=0.0001)
2024-11-28 13:29:00,804:INFO:create_model() successfully completed......................................
2024-11-28 13:29:01,044:INFO:SubProcess create_model() end ==================================
2024-11-28 13:29:01,044:INFO:Creating metrics dataframe
2024-11-28 13:29:01,058:INFO:Initializing Ada Boost Classifier
2024-11-28 13:29:01,058:INFO:Total runtime is 1.395949081579844 minutes
2024-11-28 13:29:01,064:INFO:SubProcess create_model() called ==================================
2024-11-28 13:29:01,065:INFO:Initializing create_model()
2024-11-28 13:29:01,066:INFO:create_model(self=<pycaret.classification.oop.ClassificationExperiment object at 0x7f6cdbce8820>, estimator=ada, fold=StratifiedKFold(n_splits=5, random_state=None, shuffle=False), round=4, cross_validation=True, predict=True, fit_kwargs={}, groups=None, refit=False, probability_threshold=None, experiment_custom_tags=None, verbose=False, system=False, add_to_model_list=True, metrics=None, display=<pycaret.internal.display.display.CommonDisplay object at 0x7f6cdbfe9150>, model_only=True, return_train_score=False, error_score=0.0, kwargs={})
2024-11-28 13:29:01,066:INFO:Checking exceptions
2024-11-28 13:29:01,066:INFO:Importing libraries
2024-11-28 13:29:01,066:INFO:Copying training dataset
2024-11-28 13:29:01,156:INFO:Defining folds
2024-11-28 13:29:01,157:INFO:Declaring metric variables
2024-11-28 13:29:01,164:INFO:Importing untrained model
2024-11-28 13:29:01,177:INFO:Ada Boost Classifier Imported successfully
2024-11-28 13:29:01,192:INFO:Starting cross validation
2024-11-28 13:29:01,204:INFO:Cross validating with StratifiedKFold(n_splits=5, random_state=None, shuffle=False), n_jobs=-1
2024-11-28 13:29:01,587:WARNING:/home/damiatus/.local/lib/python3.10/site-packages/sklearn/ensemble/_weight_boosting.py:519: FutureWarning: The SAMME.R algorithm (the default) is deprecated and will be removed in 1.6. Use the SAMME algorithm to circumvent this warning.
  warnings.warn(

2024-11-28 13:29:01,656:WARNING:/home/damiatus/.local/lib/python3.10/site-packages/sklearn/ensemble/_weight_boosting.py:519: FutureWarning: The SAMME.R algorithm (the default) is deprecated and will be removed in 1.6. Use the SAMME algorithm to circumvent this warning.
  warnings.warn(

2024-11-28 13:29:01,724:WARNING:/home/damiatus/.local/lib/python3.10/site-packages/sklearn/ensemble/_weight_boosting.py:519: FutureWarning: The SAMME.R algorithm (the default) is deprecated and will be removed in 1.6. Use the SAMME algorithm to circumvent this warning.
  warnings.warn(

2024-11-28 13:29:01,816:WARNING:/home/damiatus/.local/lib/python3.10/site-packages/sklearn/ensemble/_weight_boosting.py:519: FutureWarning: The SAMME.R algorithm (the default) is deprecated and will be removed in 1.6. Use the SAMME algorithm to circumvent this warning.
  warnings.warn(

2024-11-28 13:29:14,361:WARNING:/home/damiatus/.local/lib/python3.10/site-packages/sklearn/ensemble/_weight_boosting.py:519: FutureWarning: The SAMME.R algorithm (the default) is deprecated and will be removed in 1.6. Use the SAMME algorithm to circumvent this warning.
  warnings.warn(

2024-11-28 13:29:23,950:INFO:Calculating mean and std
2024-11-28 13:29:23,953:INFO:Creating metrics dataframe
2024-11-28 13:29:23,956:INFO:Uploading results into container
2024-11-28 13:29:23,958:INFO:Uploading model into container now
2024-11-28 13:29:23,959:INFO:_master_model_container: 9
2024-11-28 13:29:23,959:INFO:_display_container: 2
2024-11-28 13:29:23,960:INFO:AdaBoostClassifier(algorithm='SAMME.R', estimator=None, learning_rate=1.0,
                   n_estimators=50, random_state=123)
2024-11-28 13:29:23,960:INFO:create_model() successfully completed......................................
2024-11-28 13:29:24,199:INFO:SubProcess create_model() end ==================================
2024-11-28 13:29:24,199:INFO:Creating metrics dataframe
2024-11-28 13:29:24,213:INFO:Initializing Gradient Boosting Classifier
2024-11-28 13:29:24,213:INFO:Total runtime is 1.781861666838328 minutes
2024-11-28 13:29:24,222:INFO:SubProcess create_model() called ==================================
2024-11-28 13:29:24,223:INFO:Initializing create_model()
2024-11-28 13:29:24,223:INFO:create_model(self=<pycaret.classification.oop.ClassificationExperiment object at 0x7f6cdbce8820>, estimator=gbc, fold=StratifiedKFold(n_splits=5, random_state=None, shuffle=False), round=4, cross_validation=True, predict=True, fit_kwargs={}, groups=None, refit=False, probability_threshold=None, experiment_custom_tags=None, verbose=False, system=False, add_to_model_list=True, metrics=None, display=<pycaret.internal.display.display.CommonDisplay object at 0x7f6cdbfe9150>, model_only=True, return_train_score=False, error_score=0.0, kwargs={})
2024-11-28 13:29:24,223:INFO:Checking exceptions
2024-11-28 13:29:24,224:INFO:Importing libraries
2024-11-28 13:29:24,224:INFO:Copying training dataset
2024-11-28 13:29:24,324:INFO:Defining folds
2024-11-28 13:29:24,325:INFO:Declaring metric variables
2024-11-28 13:29:24,339:INFO:Importing untrained model
2024-11-28 13:29:24,346:INFO:Gradient Boosting Classifier Imported successfully
2024-11-28 13:29:24,368:INFO:Starting cross validation
2024-11-28 13:29:24,371:INFO:Cross validating with StratifiedKFold(n_splits=5, random_state=None, shuffle=False), n_jobs=-1
2024-11-28 13:31:14,619:INFO:Calculating mean and std
2024-11-28 13:31:14,621:INFO:Creating metrics dataframe
2024-11-28 13:31:14,625:INFO:Uploading results into container
2024-11-28 13:31:14,626:INFO:Uploading model into container now
2024-11-28 13:31:14,626:INFO:_master_model_container: 10
2024-11-28 13:31:14,627:INFO:_display_container: 2
2024-11-28 13:31:14,628:INFO:GradientBoostingClassifier(ccp_alpha=0.0, criterion='friedman_mse', init=None,
                           learning_rate=0.1, loss='log_loss', max_depth=3,
                           max_features=None, max_leaf_nodes=None,
                           min_impurity_decrease=0.0, min_samples_leaf=1,
                           min_samples_split=2, min_weight_fraction_leaf=0.0,
                           n_estimators=100, n_iter_no_change=None,
                           random_state=123, subsample=1.0, tol=0.0001,
                           validation_fraction=0.1, verbose=0,
                           warm_start=False)
2024-11-28 13:31:14,628:INFO:create_model() successfully completed......................................
2024-11-28 13:31:14,941:INFO:SubProcess create_model() end ==================================
2024-11-28 13:31:14,941:INFO:Creating metrics dataframe
2024-11-28 13:31:14,960:INFO:Initializing Linear Discriminant Analysis
2024-11-28 13:31:14,960:INFO:Total runtime is 3.627650594711304 minutes
2024-11-28 13:31:14,970:INFO:SubProcess create_model() called ==================================
2024-11-28 13:31:14,972:INFO:Initializing create_model()
2024-11-28 13:31:14,973:INFO:create_model(self=<pycaret.classification.oop.ClassificationExperiment object at 0x7f6cdbce8820>, estimator=lda, fold=StratifiedKFold(n_splits=5, random_state=None, shuffle=False), round=4, cross_validation=True, predict=True, fit_kwargs={}, groups=None, refit=False, probability_threshold=None, experiment_custom_tags=None, verbose=False, system=False, add_to_model_list=True, metrics=None, display=<pycaret.internal.display.display.CommonDisplay object at 0x7f6cdbfe9150>, model_only=True, return_train_score=False, error_score=0.0, kwargs={})
2024-11-28 13:31:14,973:INFO:Checking exceptions
2024-11-28 13:31:14,973:INFO:Importing libraries
2024-11-28 13:31:14,974:INFO:Copying training dataset
2024-11-28 13:31:15,070:INFO:Defining folds
2024-11-28 13:31:15,071:INFO:Declaring metric variables
2024-11-28 13:31:15,076:INFO:Importing untrained model
2024-11-28 13:31:15,092:INFO:Linear Discriminant Analysis Imported successfully
2024-11-28 13:31:15,106:INFO:Starting cross validation
2024-11-28 13:31:15,108:INFO:Cross validating with StratifiedKFold(n_splits=5, random_state=None, shuffle=False), n_jobs=-1
2024-11-28 13:31:31,000:INFO:Calculating mean and std
2024-11-28 13:31:38,804:INFO:Creating metrics dataframe
2024-11-28 13:31:38,806:INFO:Uploading results into container
2024-11-28 13:31:38,807:INFO:Uploading model into container now
2024-11-28 13:31:38,808:INFO:_master_model_container: 11
2024-11-28 13:31:38,808:INFO:_display_container: 2
2024-11-28 13:31:38,808:INFO:LinearDiscriminantAnalysis(covariance_estimator=None, n_components=None,
                           priors=None, shrinkage=None, solver='svd',
                           store_covariance=False, tol=0.0001)
2024-11-28 13:31:38,808:INFO:create_model() successfully completed......................................
2024-11-28 13:31:39,160:INFO:SubProcess create_model() end ==================================
2024-11-28 13:31:39,160:INFO:Creating metrics dataframe
2024-11-28 13:31:39,196:INFO:Initializing Extra Trees Classifier
2024-11-28 13:31:39,207:INFO:Total runtime is 4.031753476460775 minutes
2024-11-28 13:31:39,212:INFO:SubProcess create_model() called ==================================
2024-11-28 13:31:39,213:INFO:Initializing create_model()
2024-11-28 13:31:39,213:INFO:create_model(self=<pycaret.classification.oop.ClassificationExperiment object at 0x7f6cdbce8820>, estimator=et, fold=StratifiedKFold(n_splits=5, random_state=None, shuffle=False), round=4, cross_validation=True, predict=True, fit_kwargs={}, groups=None, refit=False, probability_threshold=None, experiment_custom_tags=None, verbose=False, system=False, add_to_model_list=True, metrics=None, display=<pycaret.internal.display.display.CommonDisplay object at 0x7f6cdbfe9150>, model_only=True, return_train_score=False, error_score=0.0, kwargs={})
2024-11-28 13:31:39,213:INFO:Checking exceptions
2024-11-28 13:31:39,213:INFO:Importing libraries
2024-11-28 13:31:39,213:INFO:Copying training dataset
2024-11-28 13:31:39,343:INFO:Defining folds
2024-11-28 13:31:39,343:INFO:Declaring metric variables
2024-11-28 13:31:39,356:INFO:Importing untrained model
2024-11-28 13:31:39,364:INFO:Extra Trees Classifier Imported successfully
2024-11-28 13:31:39,384:INFO:Starting cross validation
2024-11-28 13:31:39,386:INFO:Cross validating with StratifiedKFold(n_splits=5, random_state=None, shuffle=False), n_jobs=-1
2024-11-28 13:32:34,353:INFO:Calculating mean and std
2024-11-28 13:32:34,354:INFO:Creating metrics dataframe
2024-11-28 13:32:34,358:INFO:Uploading results into container
2024-11-28 13:32:34,359:INFO:Uploading model into container now
2024-11-28 13:32:34,359:INFO:_master_model_container: 12
2024-11-28 13:32:34,360:INFO:_display_container: 2
2024-11-28 13:32:34,360:INFO:ExtraTreesClassifier(bootstrap=False, ccp_alpha=0.0, class_weight=None,
                     criterion='gini', max_depth=None, max_features='sqrt',
                     max_leaf_nodes=None, max_samples=None,
                     min_impurity_decrease=0.0, min_samples_leaf=1,
                     min_samples_split=2, min_weight_fraction_leaf=0.0,
                     monotonic_cst=None, n_estimators=100, n_jobs=-1,
                     oob_score=False, random_state=123, verbose=0,
                     warm_start=False)
2024-11-28 13:32:34,360:INFO:create_model() successfully completed......................................
2024-11-28 13:32:34,577:INFO:SubProcess create_model() end ==================================
2024-11-28 13:32:34,577:INFO:Creating metrics dataframe
2024-11-28 13:32:34,592:INFO:Initializing Extreme Gradient Boosting
2024-11-28 13:32:34,592:INFO:Total runtime is 4.954848122596741 minutes
2024-11-28 13:32:34,598:INFO:SubProcess create_model() called ==================================
2024-11-28 13:32:34,598:INFO:Initializing create_model()
2024-11-28 13:32:34,599:INFO:create_model(self=<pycaret.classification.oop.ClassificationExperiment object at 0x7f6cdbce8820>, estimator=xgboost, fold=StratifiedKFold(n_splits=5, random_state=None, shuffle=False), round=4, cross_validation=True, predict=True, fit_kwargs={}, groups=None, refit=False, probability_threshold=None, experiment_custom_tags=None, verbose=False, system=False, add_to_model_list=True, metrics=None, display=<pycaret.internal.display.display.CommonDisplay object at 0x7f6cdbfe9150>, model_only=True, return_train_score=False, error_score=0.0, kwargs={})
2024-11-28 13:32:34,599:INFO:Checking exceptions
2024-11-28 13:32:34,599:INFO:Importing libraries
2024-11-28 13:32:34,599:INFO:Copying training dataset
2024-11-28 13:32:34,683:INFO:Defining folds
2024-11-28 13:32:34,684:INFO:Declaring metric variables
2024-11-28 13:32:34,690:INFO:Importing untrained model
2024-11-28 13:32:34,696:INFO:Extreme Gradient Boosting Imported successfully
2024-11-28 13:32:34,712:INFO:Starting cross validation
2024-11-28 13:32:34,714:INFO:Cross validating with StratifiedKFold(n_splits=5, random_state=None, shuffle=False), n_jobs=-1
2024-11-28 13:33:31,347:INFO:Calculating mean and std
2024-11-28 13:33:34,573:INFO:Creating metrics dataframe
2024-11-28 13:33:34,577:INFO:Uploading results into container
2024-11-28 13:33:34,578:INFO:Uploading model into container now
2024-11-28 13:33:34,579:INFO:_master_model_container: 13
2024-11-28 13:33:34,579:INFO:_display_container: 2
2024-11-28 13:33:34,580:INFO:XGBClassifier(base_score=None, booster='gbtree', callbacks=None,
              colsample_bylevel=None, colsample_bynode=None,
              colsample_bytree=None, device='cpu', early_stopping_rounds=None,
              enable_categorical=False, eval_metric=None, feature_types=None,
              gamma=None, grow_policy=None, importance_type=None,
              interaction_constraints=None, learning_rate=None, max_bin=None,
              max_cat_threshold=None, max_cat_to_onehot=None,
              max_delta_step=None, max_depth=None, max_leaves=None,
              min_child_weight=None, missing=nan, monotone_constraints=None,
              multi_strategy=None, n_estimators=None, n_jobs=-1,
              num_parallel_tree=None, objective='binary:logistic', ...)
2024-11-28 13:33:34,580:INFO:create_model() successfully completed......................................
2024-11-28 13:33:34,955:INFO:SubProcess create_model() end ==================================
2024-11-28 13:33:34,955:INFO:Creating metrics dataframe
2024-11-28 13:33:34,978:INFO:Initializing Light Gradient Boosting Machine
2024-11-28 13:33:34,979:INFO:Total runtime is 5.961285905043284 minutes
2024-11-28 13:33:34,998:INFO:SubProcess create_model() called ==================================
2024-11-28 13:33:34,999:INFO:Initializing create_model()
2024-11-28 13:33:34,999:INFO:create_model(self=<pycaret.classification.oop.ClassificationExperiment object at 0x7f6cdbce8820>, estimator=lightgbm, fold=StratifiedKFold(n_splits=5, random_state=None, shuffle=False), round=4, cross_validation=True, predict=True, fit_kwargs={}, groups=None, refit=False, probability_threshold=None, experiment_custom_tags=None, verbose=False, system=False, add_to_model_list=True, metrics=None, display=<pycaret.internal.display.display.CommonDisplay object at 0x7f6cdbfe9150>, model_only=True, return_train_score=False, error_score=0.0, kwargs={})
2024-11-28 13:33:34,999:INFO:Checking exceptions
2024-11-28 13:33:34,999:INFO:Importing libraries
2024-11-28 13:33:34,999:INFO:Copying training dataset
2024-11-28 13:33:35,127:INFO:Defining folds
2024-11-28 13:33:35,127:INFO:Declaring metric variables
2024-11-28 13:33:35,132:INFO:Importing untrained model
2024-11-28 13:33:35,145:INFO:Light Gradient Boosting Machine Imported successfully
2024-11-28 13:33:35,166:INFO:Starting cross validation
2024-11-28 13:33:35,179:INFO:Cross validating with StratifiedKFold(n_splits=5, random_state=None, shuffle=False), n_jobs=-1
2024-11-28 13:43:18,179:INFO:Calculating mean and std
2024-11-28 13:43:18,181:INFO:Creating metrics dataframe
2024-11-28 13:43:18,184:INFO:Uploading results into container
2024-11-28 13:43:18,186:INFO:Uploading model into container now
2024-11-28 13:43:18,187:INFO:_master_model_container: 14
2024-11-28 13:43:18,188:INFO:_display_container: 2
2024-11-28 13:43:18,189:INFO:LGBMClassifier(boosting_type='gbdt', class_weight=None, colsample_bytree=1.0,
               importance_type='split', learning_rate=0.1, max_depth=-1,
               min_child_samples=20, min_child_weight=0.001, min_split_gain=0.0,
               n_estimators=100, n_jobs=-1, num_leaves=31, objective=None,
               random_state=123, reg_alpha=0.0, reg_lambda=0.0, subsample=1.0,
               subsample_for_bin=200000, subsample_freq=0)
2024-11-28 13:43:18,189:INFO:create_model() successfully completed......................................
2024-11-28 13:43:18,451:INFO:SubProcess create_model() end ==================================
2024-11-28 13:43:18,451:INFO:Creating metrics dataframe
2024-11-28 13:43:18,478:INFO:Initializing CatBoost Classifier
2024-11-28 13:43:18,479:INFO:Total runtime is 15.686287359396616 minutes
2024-11-28 13:43:18,485:INFO:SubProcess create_model() called ==================================
2024-11-28 13:43:18,485:INFO:Initializing create_model()
2024-11-28 13:43:18,486:INFO:create_model(self=<pycaret.classification.oop.ClassificationExperiment object at 0x7f6cdbce8820>, estimator=catboost, fold=StratifiedKFold(n_splits=5, random_state=None, shuffle=False), round=4, cross_validation=True, predict=True, fit_kwargs={}, groups=None, refit=False, probability_threshold=None, experiment_custom_tags=None, verbose=False, system=False, add_to_model_list=True, metrics=None, display=<pycaret.internal.display.display.CommonDisplay object at 0x7f6cdbfe9150>, model_only=True, return_train_score=False, error_score=0.0, kwargs={})
2024-11-28 13:43:18,486:INFO:Checking exceptions
2024-11-28 13:43:18,486:INFO:Importing libraries
2024-11-28 13:43:18,486:INFO:Copying training dataset
2024-11-28 13:43:18,591:INFO:Defining folds
2024-11-28 13:43:18,591:INFO:Declaring metric variables
2024-11-28 13:43:18,598:INFO:Importing untrained model
2024-11-28 13:43:18,633:INFO:CatBoost Classifier Imported successfully
2024-11-28 13:43:18,649:INFO:Starting cross validation
2024-11-28 13:43:18,651:INFO:Cross validating with StratifiedKFold(n_splits=5, random_state=None, shuffle=False), n_jobs=-1
2024-11-28 13:45:05,311:WARNING:/home/damiatus/.local/lib/python3.10/site-packages/joblib/externals/loky/process_executor.py:752: UserWarning: A worker stopped while some jobs were given to the executor. This can be caused by a too short worker timeout or by a memory leak.
  warnings.warn(

2024-11-28 13:49:59,261:INFO:PyCaret ClassificationExperiment
2024-11-28 13:49:59,262:INFO:Logging name: clf-default-name
2024-11-28 13:49:59,262:INFO:ML Usecase: MLUsecase.CLASSIFICATION
2024-11-28 13:49:59,262:INFO:version 3.3.2
2024-11-28 13:49:59,262:INFO:Initializing setup()
2024-11-28 13:49:59,262:INFO:self.USI: 8909
2024-11-28 13:49:59,262:INFO:self._variable_keys: {'USI', '_ml_usecase', 'gpu_param', 'fold_shuffle_param', 'memory', 'html_param', 'y_train', 'y_test', 'y', 'gpu_n_jobs_param', 'n_jobs_param', 'X_train', 'exp_id', 'X_test', 'is_multiclass', 'exp_name_log', 'fold_groups_param', 'fold_generator', 'data', 'seed', 'fix_imbalance', 'X', 'logging_param', 'log_plots_param', 'target_param', 'idx', '_available_plots', 'pipeline'}
2024-11-28 13:49:59,262:INFO:Checking environment
2024-11-28 13:49:59,262:INFO:python_version: 3.10.12
2024-11-28 13:49:59,262:INFO:python_build: ('main', 'Nov  6 2024 20:22:13')
2024-11-28 13:49:59,262:INFO:machine: x86_64
2024-11-28 13:49:59,262:INFO:platform: Linux-5.15.167.4-microsoft-standard-WSL2-x86_64-with-glibc2.35
2024-11-28 13:49:59,262:INFO:Memory: svmem(total=8286756864, available=2237726720, percent=73.0, used=5737590784, free=1847062528, active=325771264, inactive=5512654848, buffers=66228224, cached=635875328, shared=3792896, slab=249434112)
2024-11-28 13:49:59,263:INFO:Physical Core: 4
2024-11-28 13:49:59,263:INFO:Logical Core: 4
2024-11-28 13:49:59,264:INFO:Checking libraries
2024-11-28 13:49:59,264:INFO:System:
2024-11-28 13:49:59,264:INFO:    python: 3.10.12 (main, Nov  6 2024, 20:22:13) [GCC 11.4.0]
2024-11-28 13:49:59,264:INFO:executable: /bin/python3
2024-11-28 13:49:59,264:INFO:   machine: Linux-5.15.167.4-microsoft-standard-WSL2-x86_64-with-glibc2.35
2024-11-28 13:49:59,264:INFO:PyCaret required dependencies:
2024-11-28 13:49:59,264:INFO:                 pip: 22.0.2
2024-11-28 13:49:59,264:INFO:          setuptools: 59.6.0
2024-11-28 13:49:59,264:INFO:             pycaret: 3.3.2
2024-11-28 13:49:59,264:INFO:             IPython: 8.27.0
2024-11-28 13:49:59,264:INFO:          ipywidgets: 8.1.5
2024-11-28 13:49:59,264:INFO:                tqdm: 4.66.5
2024-11-28 13:49:59,264:INFO:               numpy: 1.26.4
2024-11-28 13:49:59,264:INFO:              pandas: 2.1.4
2024-11-28 13:49:59,264:INFO:              jinja2: 3.1.4
2024-11-28 13:49:59,264:INFO:               scipy: 1.11.4
2024-11-28 13:49:59,264:INFO:              joblib: 1.3.2
2024-11-28 13:49:59,264:INFO:             sklearn: 1.4.2
2024-11-28 13:49:59,264:INFO:                pyod: 2.0.2
2024-11-28 13:49:59,264:INFO:            imblearn: 0.12.4
2024-11-28 13:49:59,264:INFO:   category_encoders: 2.6.4
2024-11-28 13:49:59,264:INFO:            lightgbm: 4.5.0
2024-11-28 13:49:59,264:INFO:               numba: 0.60.0
2024-11-28 13:49:59,264:INFO:            requests: 2.32.3
2024-11-28 13:49:59,264:INFO:          matplotlib: 3.7.5
2024-11-28 13:49:59,265:INFO:          scikitplot: 0.3.7
2024-11-28 13:49:59,265:INFO:         yellowbrick: 1.5
2024-11-28 13:49:59,265:INFO:              plotly: 5.24.1
2024-11-28 13:49:59,265:INFO:    plotly-resampler: Not installed
2024-11-28 13:49:59,265:INFO:             kaleido: 0.2.1
2024-11-28 13:49:59,265:INFO:           schemdraw: 0.15
2024-11-28 13:49:59,265:INFO:         statsmodels: 0.14.3
2024-11-28 13:49:59,265:INFO:              sktime: 0.26.0
2024-11-28 13:49:59,265:INFO:               tbats: 1.1.3
2024-11-28 13:49:59,265:INFO:            pmdarima: 2.0.4
2024-11-28 13:49:59,265:INFO:              psutil: 6.0.0
2024-11-28 13:49:59,265:INFO:          markupsafe: 3.0.1
2024-11-28 13:49:59,265:INFO:             pickle5: Not installed
2024-11-28 13:49:59,265:INFO:         cloudpickle: 3.0.0
2024-11-28 13:49:59,265:INFO:         deprecation: 2.1.0
2024-11-28 13:49:59,265:INFO:              xxhash: 3.5.0
2024-11-28 13:49:59,265:INFO:           wurlitzer: 3.1.1
2024-11-28 13:49:59,265:INFO:PyCaret optional dependencies:
2024-11-28 13:49:59,265:INFO:                shap: 0.46.0
2024-11-28 13:49:59,266:INFO:           interpret: Not installed
2024-11-28 13:49:59,266:INFO:                umap: Not installed
2024-11-28 13:49:59,266:INFO:     ydata_profiling: Not installed
2024-11-28 13:49:59,266:INFO:  explainerdashboard: Not installed
2024-11-28 13:49:59,266:INFO:             autoviz: Not installed
2024-11-28 13:49:59,266:INFO:           fairlearn: Not installed
2024-11-28 13:49:59,266:INFO:          deepchecks: Not installed
2024-11-28 13:49:59,266:INFO:             xgboost: 2.1.1
2024-11-28 13:49:59,266:INFO:            catboost: 1.2.7
2024-11-28 13:49:59,266:INFO:              kmodes: Not installed
2024-11-28 13:49:59,266:INFO:             mlxtend: Not installed
2024-11-28 13:49:59,266:INFO:       statsforecast: Not installed
2024-11-28 13:49:59,266:INFO:        tune_sklearn: Not installed
2024-11-28 13:49:59,266:INFO:                 ray: Not installed
2024-11-28 13:49:59,266:INFO:            hyperopt: Not installed
2024-11-28 13:49:59,266:INFO:              optuna: Not installed
2024-11-28 13:49:59,266:INFO:               skopt: Not installed
2024-11-28 13:49:59,266:INFO:              mlflow: Not installed
2024-11-28 13:49:59,266:INFO:              gradio: Not installed
2024-11-28 13:49:59,266:INFO:             fastapi: Not installed
2024-11-28 13:49:59,266:INFO:             uvicorn: Not installed
2024-11-28 13:49:59,266:INFO:              m2cgen: Not installed
2024-11-28 13:49:59,266:INFO:           evidently: Not installed
2024-11-28 13:49:59,266:INFO:               fugue: Not installed
2024-11-28 13:49:59,266:INFO:           streamlit: Not installed
2024-11-28 13:49:59,267:INFO:             prophet: 1.1.6
2024-11-28 13:49:59,267:INFO:None
2024-11-28 13:49:59,267:INFO:Set up data.
2024-11-28 13:49:59,487:INFO:Set up folding strategy.
2024-11-28 13:49:59,488:INFO:Set up train/test split.
2024-11-28 13:49:59,580:INFO:Set up index.
2024-11-28 13:49:59,581:INFO:Assigning column types.
2024-11-28 13:49:59,700:INFO:Engine successfully changes for model 'lr' to 'sklearn'.
2024-11-28 13:49:59,839:INFO:Engine for model 'knn' has not been set explicitly, hence returning None.
2024-11-28 13:49:59,841:INFO:Engine for model 'rbfsvm' has not been set explicitly, hence returning None.
2024-11-28 13:49:59,884:INFO:Soft dependency imported: xgboost: 2.1.1
2024-11-28 13:49:59,888:INFO:Soft dependency imported: catboost: 1.2.7
2024-11-28 13:49:59,954:INFO:Engine for model 'knn' has not been set explicitly, hence returning None.
2024-11-28 13:49:59,956:INFO:Engine for model 'rbfsvm' has not been set explicitly, hence returning None.
2024-11-28 13:49:59,999:INFO:Soft dependency imported: xgboost: 2.1.1
2024-11-28 13:50:00,008:INFO:Soft dependency imported: catboost: 1.2.7
2024-11-28 13:50:00,009:INFO:Engine successfully changes for model 'knn' to 'sklearn'.
2024-11-28 13:50:00,093:INFO:Engine for model 'rbfsvm' has not been set explicitly, hence returning None.
2024-11-28 13:50:00,137:INFO:Soft dependency imported: xgboost: 2.1.1
2024-11-28 13:50:00,142:INFO:Soft dependency imported: catboost: 1.2.7
2024-11-28 13:50:00,223:INFO:Engine for model 'rbfsvm' has not been set explicitly, hence returning None.
2024-11-28 13:50:00,268:INFO:Soft dependency imported: xgboost: 2.1.1
2024-11-28 13:50:00,272:INFO:Soft dependency imported: catboost: 1.2.7
2024-11-28 13:50:00,273:INFO:Engine successfully changes for model 'rbfsvm' to 'sklearn'.
2024-11-28 13:50:00,396:INFO:Soft dependency imported: xgboost: 2.1.1
2024-11-28 13:50:00,400:INFO:Soft dependency imported: catboost: 1.2.7
2024-11-28 13:50:00,531:INFO:Soft dependency imported: xgboost: 2.1.1
2024-11-28 13:50:00,535:INFO:Soft dependency imported: catboost: 1.2.7
2024-11-28 13:50:00,539:INFO:Preparing preprocessing pipeline...
2024-11-28 13:50:00,553:INFO:Set up date feature engineering.
2024-11-28 13:50:00,553:INFO:Set up simple imputation.
2024-11-28 13:50:00,601:INFO:Set up encoding of ordinal features.
2024-11-28 13:50:00,633:INFO:Set up encoding of categorical features.
2024-11-28 13:50:00,973:INFO:Finished creating preprocessing pipeline.
2024-11-28 13:50:01,004:INFO:Pipeline: Pipeline(memory=FastMemory(location=/tmp/joblib),
         steps=[('date_feature_extractor',
                 TransformerWrapper(exclude=None,
                                    include=['borrow_timestamp',
                                             'first_tx_timestamp',
                                             'last_tx_timestamp'],
                                    transformer=ExtractDateTimeFeatures(features=['day',
                                                                                  'month',
                                                                                  'year']))),
                ('numerical_imputer',
                 TransformerWrapper(exclude=None,
                                    include=['wallet_age', 'incoming_tx_count',...
                ('ordinal_encoding',
                 TransformerWrapper(exclude=None,
                                    include=['market_ht_trendmode'],
                                    transformer=OrdinalEncoder(cols=['market_ht_trendmode'],
                                                               drop_invariant=False,
                                                               handle_missing='return_nan',
                                                               handle_unknown='value',
                                                               mapping=[{'col': 'market_ht_trendmode',
                                                                         'data_type': dtype('float64'),
                                                                         'mapping': 0.0    0
1.0    1
NaN   -1
dtype: int64}],
                                                               return_df=True,
                                                               verbose=0)))],
         verbose=False)
2024-11-28 13:50:01,004:INFO:Creating final display dataframe.
2024-11-28 13:50:02,052:INFO:Setup _display_container:                     Description             Value
0                    Session id               444
1                        Target            target
2                   Target type            Binary
3           Original data shape       (42081, 78)
4        Transformed data shape       (42081, 79)
5   Transformed train set shape       (29456, 79)
6    Transformed test set shape       (12625, 79)
7               Ignore features                 5
8              Numeric features                68
9                 Date features                 3
10         Categorical features                 1
11     Rows with missing values             99.1%
12                   Preprocess              True
13              Imputation type            simple
14           Numeric imputation              mean
15       Categorical imputation              mode
16     Maximum one-hot encoding                25
17              Encoding method              None
18               Fold Generator   StratifiedKFold
19                  Fold Number                 5
20                     CPU Jobs                -1
21                      Use GPU             False
22               Log Experiment             False
23              Experiment Name  clf-default-name
24                          USI              8909
2024-11-28 13:50:02,186:INFO:Soft dependency imported: xgboost: 2.1.1
2024-11-28 13:50:02,190:INFO:Soft dependency imported: catboost: 1.2.7
2024-11-28 13:50:02,305:INFO:Soft dependency imported: xgboost: 2.1.1
2024-11-28 13:50:02,309:INFO:Soft dependency imported: catboost: 1.2.7
2024-11-28 13:50:02,311:INFO:setup() successfully completed in 3.05s...............
2024-11-28 13:50:02,312:INFO:Initializing compare_models()
2024-11-28 13:50:02,312:INFO:compare_models(self=<pycaret.classification.oop.ClassificationExperiment object at 0x7f6cd5b8e860>, include=None, fold=None, round=4, cross_validation=True, sort=Accuracy, n_select=1, budget_time=None, turbo=True, errors=ignore, fit_kwargs=None, groups=None, experiment_custom_tags=None, probability_threshold=None, verbose=True, parallel=None, caller_params={'self': <pycaret.classification.oop.ClassificationExperiment object at 0x7f6cd5b8e860>, 'include': None, 'exclude': None, 'fold': None, 'round': 4, 'cross_validation': True, 'sort': 'Accuracy', 'n_select': 1, 'budget_time': None, 'turbo': True, 'errors': 'ignore', 'fit_kwargs': None, 'groups': None, 'experiment_custom_tags': None, 'probability_threshold': None, 'engine': None, 'verbose': True, 'parallel': None, '__class__': <class 'pycaret.classification.oop.ClassificationExperiment'>}, exclude=None)
2024-11-28 13:50:02,312:INFO:Checking exceptions
2024-11-28 13:50:02,371:INFO:Preparing display monitor
2024-11-28 13:50:02,411:INFO:Initializing Logistic Regression
2024-11-28 13:50:02,411:INFO:Total runtime is 8.443991343180338e-06 minutes
2024-11-28 13:50:02,430:INFO:SubProcess create_model() called ==================================
2024-11-28 13:50:02,431:INFO:Initializing create_model()
2024-11-28 13:50:02,431:INFO:create_model(self=<pycaret.classification.oop.ClassificationExperiment object at 0x7f6cd5b8e860>, estimator=lr, fold=StratifiedKFold(n_splits=5, random_state=None, shuffle=False), round=4, cross_validation=True, predict=True, fit_kwargs={}, groups=None, refit=False, probability_threshold=None, experiment_custom_tags=None, verbose=False, system=False, add_to_model_list=True, metrics=None, display=<pycaret.internal.display.display.CommonDisplay object at 0x7f6cdae565f0>, model_only=True, return_train_score=False, error_score=0.0, kwargs={})
2024-11-28 13:50:02,431:INFO:Checking exceptions
2024-11-28 13:50:02,431:INFO:Importing libraries
2024-11-28 13:50:02,431:INFO:Copying training dataset
2024-11-28 13:50:02,547:INFO:Defining folds
2024-11-28 13:50:02,548:INFO:Declaring metric variables
2024-11-28 13:50:02,553:INFO:Importing untrained model
2024-11-28 13:50:02,566:INFO:Logistic Regression Imported successfully
2024-11-28 13:50:02,590:INFO:Starting cross validation
2024-11-28 13:50:02,591:INFO:Cross validating with StratifiedKFold(n_splits=5, random_state=None, shuffle=False), n_jobs=-1
2024-11-28 13:50:14,872:WARNING:/home/damiatus/.local/lib/python3.10/site-packages/sklearn/linear_model/_logistic.py:469: ConvergenceWarning: lbfgs failed to converge (status=1):
STOP: TOTAL NO. of ITERATIONS REACHED LIMIT.

Increase the number of iterations (max_iter) or scale the data as shown in:
    https://scikit-learn.org/stable/modules/preprocessing.html
Please also refer to the documentation for alternative solver options:
    https://scikit-learn.org/stable/modules/linear_model.html#logistic-regression
  n_iter_i = _check_optimize_result(

2024-11-28 13:50:14,889:WARNING:/home/damiatus/.local/lib/python3.10/site-packages/sklearn/linear_model/_logistic.py:469: ConvergenceWarning: lbfgs failed to converge (status=1):
STOP: TOTAL NO. of ITERATIONS REACHED LIMIT.

Increase the number of iterations (max_iter) or scale the data as shown in:
    https://scikit-learn.org/stable/modules/preprocessing.html
Please also refer to the documentation for alternative solver options:
    https://scikit-learn.org/stable/modules/linear_model.html#logistic-regression
  n_iter_i = _check_optimize_result(

2024-11-28 13:50:14,992:WARNING:/home/damiatus/.local/lib/python3.10/site-packages/sklearn/linear_model/_logistic.py:469: ConvergenceWarning: lbfgs failed to converge (status=1):
STOP: TOTAL NO. of ITERATIONS REACHED LIMIT.

Increase the number of iterations (max_iter) or scale the data as shown in:
    https://scikit-learn.org/stable/modules/preprocessing.html
Please also refer to the documentation for alternative solver options:
    https://scikit-learn.org/stable/modules/linear_model.html#logistic-regression
  n_iter_i = _check_optimize_result(

2024-11-28 13:50:15,231:WARNING:/home/damiatus/.local/lib/python3.10/site-packages/sklearn/linear_model/_logistic.py:469: ConvergenceWarning: lbfgs failed to converge (status=1):
STOP: TOTAL NO. of ITERATIONS REACHED LIMIT.

Increase the number of iterations (max_iter) or scale the data as shown in:
    https://scikit-learn.org/stable/modules/preprocessing.html
Please also refer to the documentation for alternative solver options:
    https://scikit-learn.org/stable/modules/linear_model.html#logistic-regression
  n_iter_i = _check_optimize_result(

2024-11-28 13:50:20,328:WARNING:/home/damiatus/.local/lib/python3.10/site-packages/sklearn/linear_model/_logistic.py:469: ConvergenceWarning: lbfgs failed to converge (status=1):
STOP: TOTAL NO. of ITERATIONS REACHED LIMIT.

Increase the number of iterations (max_iter) or scale the data as shown in:
    https://scikit-learn.org/stable/modules/preprocessing.html
Please also refer to the documentation for alternative solver options:
    https://scikit-learn.org/stable/modules/linear_model.html#logistic-regression
  n_iter_i = _check_optimize_result(

2024-11-28 13:50:20,453:INFO:Calculating mean and std
2024-11-28 13:50:20,456:INFO:Creating metrics dataframe
2024-11-28 13:50:20,461:INFO:Uploading results into container
2024-11-28 13:50:20,462:INFO:Uploading model into container now
2024-11-28 13:50:20,463:INFO:_master_model_container: 1
2024-11-28 13:50:20,463:INFO:_display_container: 2
2024-11-28 13:50:20,464:INFO:LogisticRegression(C=1.0, class_weight=None, dual=False, fit_intercept=True,
                   intercept_scaling=1, l1_ratio=None, max_iter=1000,
                   multi_class='auto', n_jobs=None, penalty='l2',
                   random_state=444, solver='lbfgs', tol=0.0001, verbose=0,
                   warm_start=False)
2024-11-28 13:50:20,465:INFO:create_model() successfully completed......................................
2024-11-28 13:50:21,019:INFO:SubProcess create_model() end ==================================
2024-11-28 13:50:21,019:INFO:Creating metrics dataframe
2024-11-28 13:50:21,033:INFO:Initializing K Neighbors Classifier
2024-11-28 13:50:21,033:INFO:Total runtime is 0.3103755791982015 minutes
2024-11-28 13:50:21,040:INFO:SubProcess create_model() called ==================================
2024-11-28 13:50:21,041:INFO:Initializing create_model()
2024-11-28 13:50:21,041:INFO:create_model(self=<pycaret.classification.oop.ClassificationExperiment object at 0x7f6cd5b8e860>, estimator=knn, fold=StratifiedKFold(n_splits=5, random_state=None, shuffle=False), round=4, cross_validation=True, predict=True, fit_kwargs={}, groups=None, refit=False, probability_threshold=None, experiment_custom_tags=None, verbose=False, system=False, add_to_model_list=True, metrics=None, display=<pycaret.internal.display.display.CommonDisplay object at 0x7f6cdae565f0>, model_only=True, return_train_score=False, error_score=0.0, kwargs={})
2024-11-28 13:50:21,041:INFO:Checking exceptions
2024-11-28 13:50:21,041:INFO:Importing libraries
2024-11-28 13:50:21,041:INFO:Copying training dataset
2024-11-28 13:50:21,178:INFO:Defining folds
2024-11-28 13:50:21,179:INFO:Declaring metric variables
2024-11-28 13:50:21,185:INFO:Importing untrained model
2024-11-28 13:50:21,199:INFO:K Neighbors Classifier Imported successfully
2024-11-28 13:50:21,216:INFO:Starting cross validation
2024-11-28 13:50:21,218:INFO:Cross validating with StratifiedKFold(n_splits=5, random_state=None, shuffle=False), n_jobs=-1
2024-11-28 13:50:31,277:INFO:Calculating mean and std
2024-11-28 13:50:31,279:INFO:Creating metrics dataframe
2024-11-28 13:50:31,282:INFO:Uploading results into container
2024-11-28 13:50:31,283:INFO:Uploading model into container now
2024-11-28 13:50:31,284:INFO:_master_model_container: 2
2024-11-28 13:50:31,285:INFO:_display_container: 2
2024-11-28 13:50:31,286:INFO:KNeighborsClassifier(algorithm='auto', leaf_size=30, metric='minkowski',
                     metric_params=None, n_jobs=-1, n_neighbors=5, p=2,
                     weights='uniform')
2024-11-28 13:50:31,286:INFO:create_model() successfully completed......................................
2024-11-28 13:50:31,507:INFO:SubProcess create_model() end ==================================
2024-11-28 13:50:31,508:INFO:Creating metrics dataframe
2024-11-28 13:50:31,519:INFO:Initializing Naive Bayes
2024-11-28 13:50:31,519:INFO:Total runtime is 0.48513331413269045 minutes
2024-11-28 13:50:31,524:INFO:SubProcess create_model() called ==================================
2024-11-28 13:50:31,525:INFO:Initializing create_model()
2024-11-28 13:50:31,525:INFO:create_model(self=<pycaret.classification.oop.ClassificationExperiment object at 0x7f6cd5b8e860>, estimator=nb, fold=StratifiedKFold(n_splits=5, random_state=None, shuffle=False), round=4, cross_validation=True, predict=True, fit_kwargs={}, groups=None, refit=False, probability_threshold=None, experiment_custom_tags=None, verbose=False, system=False, add_to_model_list=True, metrics=None, display=<pycaret.internal.display.display.CommonDisplay object at 0x7f6cdae565f0>, model_only=True, return_train_score=False, error_score=0.0, kwargs={})
2024-11-28 13:50:31,526:INFO:Checking exceptions
2024-11-28 13:50:31,526:INFO:Importing libraries
2024-11-28 13:50:31,526:INFO:Copying training dataset
2024-11-28 13:50:31,613:INFO:Defining folds
2024-11-28 13:50:31,613:INFO:Declaring metric variables
2024-11-28 13:50:31,623:INFO:Importing untrained model
2024-11-28 13:50:31,630:INFO:Naive Bayes Imported successfully
2024-11-28 13:50:31,648:INFO:Starting cross validation
2024-11-28 13:50:31,650:INFO:Cross validating with StratifiedKFold(n_splits=5, random_state=None, shuffle=False), n_jobs=-1
2024-11-28 13:50:32,536:INFO:Calculating mean and std
2024-11-28 13:50:32,538:INFO:Creating metrics dataframe
2024-11-28 13:50:32,541:INFO:Uploading results into container
2024-11-28 13:50:32,542:INFO:Uploading model into container now
2024-11-28 13:50:32,543:INFO:_master_model_container: 3
2024-11-28 13:50:32,543:INFO:_display_container: 2
2024-11-28 13:50:32,543:INFO:GaussianNB(priors=None, var_smoothing=1e-09)
2024-11-28 13:50:32,544:INFO:create_model() successfully completed......................................
2024-11-28 13:50:32,765:INFO:SubProcess create_model() end ==================================
2024-11-28 13:50:32,765:INFO:Creating metrics dataframe
2024-11-28 13:50:32,776:INFO:Initializing Decision Tree Classifier
2024-11-28 13:50:32,777:INFO:Total runtime is 0.506096374988556 minutes
2024-11-28 13:50:32,781:INFO:SubProcess create_model() called ==================================
2024-11-28 13:50:32,782:INFO:Initializing create_model()
2024-11-28 13:50:32,782:INFO:create_model(self=<pycaret.classification.oop.ClassificationExperiment object at 0x7f6cd5b8e860>, estimator=dt, fold=StratifiedKFold(n_splits=5, random_state=None, shuffle=False), round=4, cross_validation=True, predict=True, fit_kwargs={}, groups=None, refit=False, probability_threshold=None, experiment_custom_tags=None, verbose=False, system=False, add_to_model_list=True, metrics=None, display=<pycaret.internal.display.display.CommonDisplay object at 0x7f6cdae565f0>, model_only=True, return_train_score=False, error_score=0.0, kwargs={})
2024-11-28 13:50:32,782:INFO:Checking exceptions
2024-11-28 13:50:32,783:INFO:Importing libraries
2024-11-28 13:50:32,783:INFO:Copying training dataset
2024-11-28 13:50:32,870:INFO:Defining folds
2024-11-28 13:50:32,871:INFO:Declaring metric variables
2024-11-28 13:50:32,880:INFO:Importing untrained model
2024-11-28 13:50:32,887:INFO:Decision Tree Classifier Imported successfully
2024-11-28 13:50:32,904:INFO:Starting cross validation
2024-11-28 13:50:32,906:INFO:Cross validating with StratifiedKFold(n_splits=5, random_state=None, shuffle=False), n_jobs=-1
2024-11-28 13:50:39,092:INFO:Calculating mean and std
2024-11-28 13:50:39,094:INFO:Creating metrics dataframe
2024-11-28 13:50:39,103:INFO:Uploading results into container
2024-11-28 13:50:39,104:INFO:Uploading model into container now
2024-11-28 13:50:39,105:INFO:_master_model_container: 4
2024-11-28 13:50:39,105:INFO:_display_container: 2
2024-11-28 13:50:39,105:INFO:DecisionTreeClassifier(ccp_alpha=0.0, class_weight=None, criterion='gini',
                       max_depth=None, max_features=None, max_leaf_nodes=None,
                       min_impurity_decrease=0.0, min_samples_leaf=1,
                       min_samples_split=2, min_weight_fraction_leaf=0.0,
                       monotonic_cst=None, random_state=444, splitter='best')
2024-11-28 13:50:39,105:INFO:create_model() successfully completed......................................
2024-11-28 13:50:39,341:INFO:SubProcess create_model() end ==================================
2024-11-28 13:50:39,342:INFO:Creating metrics dataframe
2024-11-28 13:50:39,353:INFO:Initializing SVM - Linear Kernel
2024-11-28 13:50:39,353:INFO:Total runtime is 0.6157032569249472 minutes
2024-11-28 13:50:39,364:INFO:SubProcess create_model() called ==================================
2024-11-28 13:50:39,365:INFO:Initializing create_model()
2024-11-28 13:50:39,365:INFO:create_model(self=<pycaret.classification.oop.ClassificationExperiment object at 0x7f6cd5b8e860>, estimator=svm, fold=StratifiedKFold(n_splits=5, random_state=None, shuffle=False), round=4, cross_validation=True, predict=True, fit_kwargs={}, groups=None, refit=False, probability_threshold=None, experiment_custom_tags=None, verbose=False, system=False, add_to_model_list=True, metrics=None, display=<pycaret.internal.display.display.CommonDisplay object at 0x7f6cdae565f0>, model_only=True, return_train_score=False, error_score=0.0, kwargs={})
2024-11-28 13:50:39,365:INFO:Checking exceptions
2024-11-28 13:50:39,365:INFO:Importing libraries
2024-11-28 13:50:39,365:INFO:Copying training dataset
2024-11-28 13:50:39,468:INFO:Defining folds
2024-11-28 13:50:39,468:INFO:Declaring metric variables
2024-11-28 13:50:39,480:INFO:Importing untrained model
2024-11-28 13:50:39,486:INFO:SVM - Linear Kernel Imported successfully
2024-11-28 13:50:39,506:INFO:Starting cross validation
2024-11-28 13:50:39,511:INFO:Cross validating with StratifiedKFold(n_splits=5, random_state=None, shuffle=False), n_jobs=-1
2024-11-28 13:50:44,152:INFO:Calculating mean and std
2024-11-28 13:50:44,154:INFO:Creating metrics dataframe
2024-11-28 13:50:44,157:INFO:Uploading results into container
2024-11-28 13:50:44,158:INFO:Uploading model into container now
2024-11-28 13:50:44,159:INFO:_master_model_container: 5
2024-11-28 13:50:44,159:INFO:_display_container: 2
2024-11-28 13:50:44,160:INFO:SGDClassifier(alpha=0.0001, average=False, class_weight=None,
              early_stopping=False, epsilon=0.1, eta0=0.001, fit_intercept=True,
              l1_ratio=0.15, learning_rate='optimal', loss='hinge',
              max_iter=1000, n_iter_no_change=5, n_jobs=-1, penalty='l2',
              power_t=0.5, random_state=444, shuffle=True, tol=0.001,
              validation_fraction=0.1, verbose=0, warm_start=False)
2024-11-28 13:50:44,160:INFO:create_model() successfully completed......................................
2024-11-28 13:50:44,404:INFO:SubProcess create_model() end ==================================
2024-11-28 13:50:44,404:INFO:Creating metrics dataframe
2024-11-28 13:50:44,417:INFO:Initializing Ridge Classifier
2024-11-28 13:50:44,418:INFO:Total runtime is 0.7001132249832154 minutes
2024-11-28 13:50:44,429:INFO:SubProcess create_model() called ==================================
2024-11-28 13:50:44,430:INFO:Initializing create_model()
2024-11-28 13:50:44,430:INFO:create_model(self=<pycaret.classification.oop.ClassificationExperiment object at 0x7f6cd5b8e860>, estimator=ridge, fold=StratifiedKFold(n_splits=5, random_state=None, shuffle=False), round=4, cross_validation=True, predict=True, fit_kwargs={}, groups=None, refit=False, probability_threshold=None, experiment_custom_tags=None, verbose=False, system=False, add_to_model_list=True, metrics=None, display=<pycaret.internal.display.display.CommonDisplay object at 0x7f6cdae565f0>, model_only=True, return_train_score=False, error_score=0.0, kwargs={})
2024-11-28 13:50:44,430:INFO:Checking exceptions
2024-11-28 13:50:44,431:INFO:Importing libraries
2024-11-28 13:50:44,431:INFO:Copying training dataset
2024-11-28 13:50:44,530:INFO:Defining folds
2024-11-28 13:50:44,531:INFO:Declaring metric variables
2024-11-28 13:50:44,537:INFO:Importing untrained model
2024-11-28 13:50:44,544:INFO:Ridge Classifier Imported successfully
2024-11-28 13:50:44,561:INFO:Starting cross validation
2024-11-28 13:50:44,564:INFO:Cross validating with StratifiedKFold(n_splits=5, random_state=None, shuffle=False), n_jobs=-1
2024-11-28 13:50:45,029:WARNING:/home/damiatus/.local/lib/python3.10/site-packages/sklearn/linear_model/_ridge.py:204: LinAlgWarning: Ill-conditioned matrix (rcond=4.25295e-20): result may not be accurate.
  return linalg.solve(A, Xy, assume_a="pos", overwrite_a=True).T

2024-11-28 13:50:45,062:WARNING:/home/damiatus/.local/lib/python3.10/site-packages/sklearn/linear_model/_ridge.py:204: LinAlgWarning: Ill-conditioned matrix (rcond=4.24887e-20): result may not be accurate.
  return linalg.solve(A, Xy, assume_a="pos", overwrite_a=True).T

2024-11-28 13:50:45,080:WARNING:/home/damiatus/.local/lib/python3.10/site-packages/sklearn/linear_model/_ridge.py:204: LinAlgWarning: Ill-conditioned matrix (rcond=4.31255e-20): result may not be accurate.
  return linalg.solve(A, Xy, assume_a="pos", overwrite_a=True).T

2024-11-28 13:50:45,130:WARNING:/home/damiatus/.local/lib/python3.10/site-packages/sklearn/linear_model/_ridge.py:204: LinAlgWarning: Ill-conditioned matrix (rcond=4.31983e-20): result may not be accurate.
  return linalg.solve(A, Xy, assume_a="pos", overwrite_a=True).T

2024-11-28 13:50:45,420:WARNING:/home/damiatus/.local/lib/python3.10/site-packages/sklearn/linear_model/_ridge.py:204: LinAlgWarning: Ill-conditioned matrix (rcond=4.24835e-20): result may not be accurate.
  return linalg.solve(A, Xy, assume_a="pos", overwrite_a=True).T

2024-11-28 13:50:45,514:INFO:Calculating mean and std
2024-11-28 13:50:45,516:INFO:Creating metrics dataframe
2024-11-28 13:50:45,519:INFO:Uploading results into container
2024-11-28 13:50:45,520:INFO:Uploading model into container now
2024-11-28 13:50:45,521:INFO:_master_model_container: 6
2024-11-28 13:50:45,521:INFO:_display_container: 2
2024-11-28 13:50:45,521:INFO:RidgeClassifier(alpha=1.0, class_weight=None, copy_X=True, fit_intercept=True,
                max_iter=None, positive=False, random_state=444, solver='auto',
                tol=0.0001)
2024-11-28 13:50:45,522:INFO:create_model() successfully completed......................................
2024-11-28 13:50:45,739:INFO:SubProcess create_model() end ==================================
2024-11-28 13:50:45,739:INFO:Creating metrics dataframe
2024-11-28 13:50:45,752:INFO:Initializing Random Forest Classifier
2024-11-28 13:50:45,753:INFO:Total runtime is 0.722361413637797 minutes
2024-11-28 13:50:45,761:INFO:SubProcess create_model() called ==================================
2024-11-28 13:50:45,761:INFO:Initializing create_model()
2024-11-28 13:50:45,761:INFO:create_model(self=<pycaret.classification.oop.ClassificationExperiment object at 0x7f6cd5b8e860>, estimator=rf, fold=StratifiedKFold(n_splits=5, random_state=None, shuffle=False), round=4, cross_validation=True, predict=True, fit_kwargs={}, groups=None, refit=False, probability_threshold=None, experiment_custom_tags=None, verbose=False, system=False, add_to_model_list=True, metrics=None, display=<pycaret.internal.display.display.CommonDisplay object at 0x7f6cdae565f0>, model_only=True, return_train_score=False, error_score=0.0, kwargs={})
2024-11-28 13:50:45,761:INFO:Checking exceptions
2024-11-28 13:50:45,762:INFO:Importing libraries
2024-11-28 13:50:45,762:INFO:Copying training dataset
2024-11-28 13:50:45,847:INFO:Defining folds
2024-11-28 13:50:45,848:INFO:Declaring metric variables
2024-11-28 13:50:45,854:INFO:Importing untrained model
2024-11-28 13:50:45,870:INFO:Random Forest Classifier Imported successfully
2024-11-28 13:50:45,885:INFO:Starting cross validation
2024-11-28 13:50:45,888:INFO:Cross validating with StratifiedKFold(n_splits=5, random_state=None, shuffle=False), n_jobs=-1
2024-11-28 13:51:11,100:INFO:Calculating mean and std
2024-11-28 13:51:11,102:INFO:Creating metrics dataframe
2024-11-28 13:51:11,113:INFO:Uploading results into container
2024-11-28 13:51:11,114:INFO:Uploading model into container now
2024-11-28 13:51:11,115:INFO:_master_model_container: 7
2024-11-28 13:51:11,115:INFO:_display_container: 2
2024-11-28 13:51:11,116:INFO:RandomForestClassifier(bootstrap=True, ccp_alpha=0.0, class_weight=None,
                       criterion='gini', max_depth=None, max_features='sqrt',
                       max_leaf_nodes=None, max_samples=None,
                       min_impurity_decrease=0.0, min_samples_leaf=1,
                       min_samples_split=2, min_weight_fraction_leaf=0.0,
                       monotonic_cst=None, n_estimators=100, n_jobs=-1,
                       oob_score=False, random_state=444, verbose=0,
                       warm_start=False)
2024-11-28 13:51:11,116:INFO:create_model() successfully completed......................................
2024-11-28 13:51:11,357:INFO:SubProcess create_model() end ==================================
2024-11-28 13:51:11,358:INFO:Creating metrics dataframe
2024-11-28 13:51:11,375:INFO:Initializing Quadratic Discriminant Analysis
2024-11-28 13:51:11,375:INFO:Total runtime is 1.149400206406911 minutes
2024-11-28 13:51:11,381:INFO:SubProcess create_model() called ==================================
2024-11-28 13:51:11,381:INFO:Initializing create_model()
2024-11-28 13:51:11,382:INFO:create_model(self=<pycaret.classification.oop.ClassificationExperiment object at 0x7f6cd5b8e860>, estimator=qda, fold=StratifiedKFold(n_splits=5, random_state=None, shuffle=False), round=4, cross_validation=True, predict=True, fit_kwargs={}, groups=None, refit=False, probability_threshold=None, experiment_custom_tags=None, verbose=False, system=False, add_to_model_list=True, metrics=None, display=<pycaret.internal.display.display.CommonDisplay object at 0x7f6cdae565f0>, model_only=True, return_train_score=False, error_score=0.0, kwargs={})
2024-11-28 13:51:11,382:INFO:Checking exceptions
2024-11-28 13:51:11,382:INFO:Importing libraries
2024-11-28 13:51:11,382:INFO:Copying training dataset
2024-11-28 13:51:11,489:INFO:Defining folds
2024-11-28 13:51:11,490:INFO:Declaring metric variables
2024-11-28 13:51:11,495:INFO:Importing untrained model
2024-11-28 13:51:11,502:INFO:Quadratic Discriminant Analysis Imported successfully
2024-11-28 13:51:11,524:INFO:Starting cross validation
2024-11-28 13:51:11,526:INFO:Cross validating with StratifiedKFold(n_splits=5, random_state=None, shuffle=False), n_jobs=-1
2024-11-28 13:51:12,122:WARNING:/home/damiatus/.local/lib/python3.10/site-packages/sklearn/discriminant_analysis.py:935: UserWarning: Variables are collinear
  warnings.warn("Variables are collinear")

2024-11-28 13:51:12,122:WARNING:/home/damiatus/.local/lib/python3.10/site-packages/sklearn/discriminant_analysis.py:935: UserWarning: Variables are collinear
  warnings.warn("Variables are collinear")

2024-11-28 13:51:12,134:WARNING:/home/damiatus/.local/lib/python3.10/site-packages/sklearn/discriminant_analysis.py:935: UserWarning: Variables are collinear
  warnings.warn("Variables are collinear")

2024-11-28 13:51:12,183:WARNING:/home/damiatus/.local/lib/python3.10/site-packages/sklearn/discriminant_analysis.py:935: UserWarning: Variables are collinear
  warnings.warn("Variables are collinear")

2024-11-28 13:51:12,829:WARNING:/home/damiatus/.local/lib/python3.10/site-packages/sklearn/discriminant_analysis.py:935: UserWarning: Variables are collinear
  warnings.warn("Variables are collinear")

2024-11-28 13:51:13,079:INFO:Calculating mean and std
2024-11-28 13:51:13,081:INFO:Creating metrics dataframe
2024-11-28 13:51:13,084:INFO:Uploading results into container
2024-11-28 13:51:13,085:INFO:Uploading model into container now
2024-11-28 13:51:13,086:INFO:_master_model_container: 8
2024-11-28 13:51:13,086:INFO:_display_container: 2
2024-11-28 13:51:13,086:INFO:QuadraticDiscriminantAnalysis(priors=None, reg_param=0.0,
                              store_covariance=False, tol=0.0001)
2024-11-28 13:51:13,086:INFO:create_model() successfully completed......................................
2024-11-28 13:51:13,327:INFO:SubProcess create_model() end ==================================
2024-11-28 13:51:13,327:INFO:Creating metrics dataframe
2024-11-28 13:51:13,345:INFO:Initializing Ada Boost Classifier
2024-11-28 13:51:13,346:INFO:Total runtime is 1.182247233390808 minutes
2024-11-28 13:51:13,357:INFO:SubProcess create_model() called ==================================
2024-11-28 13:51:13,358:INFO:Initializing create_model()
2024-11-28 13:51:13,359:INFO:create_model(self=<pycaret.classification.oop.ClassificationExperiment object at 0x7f6cd5b8e860>, estimator=ada, fold=StratifiedKFold(n_splits=5, random_state=None, shuffle=False), round=4, cross_validation=True, predict=True, fit_kwargs={}, groups=None, refit=False, probability_threshold=None, experiment_custom_tags=None, verbose=False, system=False, add_to_model_list=True, metrics=None, display=<pycaret.internal.display.display.CommonDisplay object at 0x7f6cdae565f0>, model_only=True, return_train_score=False, error_score=0.0, kwargs={})
2024-11-28 13:51:13,359:INFO:Checking exceptions
2024-11-28 13:51:13,359:INFO:Importing libraries
2024-11-28 13:51:13,359:INFO:Copying training dataset
2024-11-28 13:51:13,469:INFO:Defining folds
2024-11-28 13:51:13,470:INFO:Declaring metric variables
2024-11-28 13:51:13,476:INFO:Importing untrained model
2024-11-28 13:51:13,482:INFO:Ada Boost Classifier Imported successfully
2024-11-28 13:51:13,511:INFO:Starting cross validation
2024-11-28 13:51:13,512:INFO:Cross validating with StratifiedKFold(n_splits=5, random_state=None, shuffle=False), n_jobs=-1
2024-11-28 13:51:13,911:WARNING:/home/damiatus/.local/lib/python3.10/site-packages/sklearn/ensemble/_weight_boosting.py:519: FutureWarning: The SAMME.R algorithm (the default) is deprecated and will be removed in 1.6. Use the SAMME algorithm to circumvent this warning.
  warnings.warn(

2024-11-28 13:51:14,122:WARNING:/home/damiatus/.local/lib/python3.10/site-packages/sklearn/ensemble/_weight_boosting.py:519: FutureWarning: The SAMME.R algorithm (the default) is deprecated and will be removed in 1.6. Use the SAMME algorithm to circumvent this warning.
  warnings.warn(

2024-11-28 13:51:14,140:WARNING:/home/damiatus/.local/lib/python3.10/site-packages/sklearn/ensemble/_weight_boosting.py:519: FutureWarning: The SAMME.R algorithm (the default) is deprecated and will be removed in 1.6. Use the SAMME algorithm to circumvent this warning.
  warnings.warn(

2024-11-28 13:51:14,274:WARNING:/home/damiatus/.local/lib/python3.10/site-packages/sklearn/ensemble/_weight_boosting.py:519: FutureWarning: The SAMME.R algorithm (the default) is deprecated and will be removed in 1.6. Use the SAMME algorithm to circumvent this warning.
  warnings.warn(

2024-11-28 13:51:24,639:WARNING:/home/damiatus/.local/lib/python3.10/site-packages/sklearn/ensemble/_weight_boosting.py:519: FutureWarning: The SAMME.R algorithm (the default) is deprecated and will be removed in 1.6. Use the SAMME algorithm to circumvent this warning.
  warnings.warn(

2024-11-28 13:51:33,079:INFO:Calculating mean and std
2024-11-28 13:51:33,081:INFO:Creating metrics dataframe
2024-11-28 13:51:33,084:INFO:Uploading results into container
2024-11-28 13:51:33,085:INFO:Uploading model into container now
2024-11-28 13:51:33,086:INFO:_master_model_container: 9
2024-11-28 13:51:33,086:INFO:_display_container: 2
2024-11-28 13:51:33,087:INFO:AdaBoostClassifier(algorithm='SAMME.R', estimator=None, learning_rate=1.0,
                   n_estimators=50, random_state=444)
2024-11-28 13:51:33,087:INFO:create_model() successfully completed......................................
2024-11-28 13:51:33,312:INFO:SubProcess create_model() end ==================================
2024-11-28 13:51:33,312:INFO:Creating metrics dataframe
2024-11-28 13:51:33,330:INFO:Initializing Gradient Boosting Classifier
2024-11-28 13:51:33,330:INFO:Total runtime is 1.5153186639149983 minutes
2024-11-28 13:51:33,336:INFO:SubProcess create_model() called ==================================
2024-11-28 13:51:33,336:INFO:Initializing create_model()
2024-11-28 13:51:33,337:INFO:create_model(self=<pycaret.classification.oop.ClassificationExperiment object at 0x7f6cd5b8e860>, estimator=gbc, fold=StratifiedKFold(n_splits=5, random_state=None, shuffle=False), round=4, cross_validation=True, predict=True, fit_kwargs={}, groups=None, refit=False, probability_threshold=None, experiment_custom_tags=None, verbose=False, system=False, add_to_model_list=True, metrics=None, display=<pycaret.internal.display.display.CommonDisplay object at 0x7f6cdae565f0>, model_only=True, return_train_score=False, error_score=0.0, kwargs={})
2024-11-28 13:51:33,337:INFO:Checking exceptions
2024-11-28 13:51:33,337:INFO:Importing libraries
2024-11-28 13:51:33,337:INFO:Copying training dataset
2024-11-28 13:51:33,438:INFO:Defining folds
2024-11-28 13:51:33,439:INFO:Declaring metric variables
2024-11-28 13:51:33,446:INFO:Importing untrained model
2024-11-28 13:51:33,457:INFO:Gradient Boosting Classifier Imported successfully
2024-11-28 13:51:33,478:INFO:Starting cross validation
2024-11-28 13:51:33,480:INFO:Cross validating with StratifiedKFold(n_splits=5, random_state=None, shuffle=False), n_jobs=-1
2024-11-28 13:53:07,199:INFO:Calculating mean and std
2024-11-28 13:53:07,201:INFO:Creating metrics dataframe
2024-11-28 13:53:07,206:INFO:Uploading results into container
2024-11-28 13:53:07,207:INFO:Uploading model into container now
2024-11-28 13:53:07,208:INFO:_master_model_container: 10
2024-11-28 13:53:07,208:INFO:_display_container: 2
2024-11-28 13:53:07,208:INFO:GradientBoostingClassifier(ccp_alpha=0.0, criterion='friedman_mse', init=None,
                           learning_rate=0.1, loss='log_loss', max_depth=3,
                           max_features=None, max_leaf_nodes=None,
                           min_impurity_decrease=0.0, min_samples_leaf=1,
                           min_samples_split=2, min_weight_fraction_leaf=0.0,
                           n_estimators=100, n_iter_no_change=None,
                           random_state=444, subsample=1.0, tol=0.0001,
                           validation_fraction=0.1, verbose=0,
                           warm_start=False)
2024-11-28 13:53:07,209:INFO:create_model() successfully completed......................................
2024-11-28 13:53:07,458:INFO:SubProcess create_model() end ==================================
2024-11-28 13:53:07,458:INFO:Creating metrics dataframe
2024-11-28 13:53:07,472:INFO:Initializing Linear Discriminant Analysis
2024-11-28 13:53:07,473:INFO:Total runtime is 3.084360384941101 minutes
2024-11-28 13:53:07,478:INFO:SubProcess create_model() called ==================================
2024-11-28 13:53:07,479:INFO:Initializing create_model()
2024-11-28 13:53:07,481:INFO:create_model(self=<pycaret.classification.oop.ClassificationExperiment object at 0x7f6cd5b8e860>, estimator=lda, fold=StratifiedKFold(n_splits=5, random_state=None, shuffle=False), round=4, cross_validation=True, predict=True, fit_kwargs={}, groups=None, refit=False, probability_threshold=None, experiment_custom_tags=None, verbose=False, system=False, add_to_model_list=True, metrics=None, display=<pycaret.internal.display.display.CommonDisplay object at 0x7f6cdae565f0>, model_only=True, return_train_score=False, error_score=0.0, kwargs={})
2024-11-28 13:53:07,482:INFO:Checking exceptions
2024-11-28 13:53:07,485:INFO:Importing libraries
2024-11-28 13:53:07,485:INFO:Copying training dataset
2024-11-28 13:53:07,581:INFO:Defining folds
2024-11-28 13:53:07,581:INFO:Declaring metric variables
2024-11-28 13:53:07,590:INFO:Importing untrained model
2024-11-28 13:53:07,596:INFO:Linear Discriminant Analysis Imported successfully
2024-11-28 13:53:07,613:INFO:Starting cross validation
2024-11-28 13:53:07,615:INFO:Cross validating with StratifiedKFold(n_splits=5, random_state=None, shuffle=False), n_jobs=-1
2024-11-28 13:53:09,287:INFO:Calculating mean and std
2024-11-28 13:53:09,289:INFO:Creating metrics dataframe
2024-11-28 13:53:09,292:INFO:Uploading results into container
2024-11-28 13:53:09,293:INFO:Uploading model into container now
2024-11-28 13:53:09,294:INFO:_master_model_container: 11
2024-11-28 13:53:09,294:INFO:_display_container: 2
2024-11-28 13:53:09,295:INFO:LinearDiscriminantAnalysis(covariance_estimator=None, n_components=None,
                           priors=None, shrinkage=None, solver='svd',
                           store_covariance=False, tol=0.0001)
2024-11-28 13:53:09,295:INFO:create_model() successfully completed......................................
2024-11-28 13:53:09,545:INFO:SubProcess create_model() end ==================================
2024-11-28 13:53:09,545:INFO:Creating metrics dataframe
2024-11-28 13:53:09,559:INFO:Initializing Extra Trees Classifier
2024-11-28 13:53:09,559:INFO:Total runtime is 3.1191336512565613 minutes
2024-11-28 13:53:09,570:INFO:SubProcess create_model() called ==================================
2024-11-28 13:53:09,571:INFO:Initializing create_model()
2024-11-28 13:53:09,571:INFO:create_model(self=<pycaret.classification.oop.ClassificationExperiment object at 0x7f6cd5b8e860>, estimator=et, fold=StratifiedKFold(n_splits=5, random_state=None, shuffle=False), round=4, cross_validation=True, predict=True, fit_kwargs={}, groups=None, refit=False, probability_threshold=None, experiment_custom_tags=None, verbose=False, system=False, add_to_model_list=True, metrics=None, display=<pycaret.internal.display.display.CommonDisplay object at 0x7f6cdae565f0>, model_only=True, return_train_score=False, error_score=0.0, kwargs={})
2024-11-28 13:53:09,571:INFO:Checking exceptions
2024-11-28 13:53:09,571:INFO:Importing libraries
2024-11-28 13:53:09,572:INFO:Copying training dataset
2024-11-28 13:53:09,688:INFO:Defining folds
2024-11-28 13:53:09,689:INFO:Declaring metric variables
2024-11-28 13:53:09,695:INFO:Importing untrained model
2024-11-28 13:53:09,704:INFO:Extra Trees Classifier Imported successfully
2024-11-28 13:53:09,725:INFO:Starting cross validation
2024-11-28 13:53:09,728:INFO:Cross validating with StratifiedKFold(n_splits=5, random_state=None, shuffle=False), n_jobs=-1
2024-11-28 13:53:20,246:INFO:Calculating mean and std
2024-11-28 13:53:20,248:INFO:Creating metrics dataframe
2024-11-28 13:53:20,251:INFO:Uploading results into container
2024-11-28 13:53:20,263:INFO:Uploading model into container now
2024-11-28 13:53:20,264:INFO:_master_model_container: 12
2024-11-28 13:53:20,265:INFO:_display_container: 2
2024-11-28 13:53:20,266:INFO:ExtraTreesClassifier(bootstrap=False, ccp_alpha=0.0, class_weight=None,
                     criterion='gini', max_depth=None, max_features='sqrt',
                     max_leaf_nodes=None, max_samples=None,
                     min_impurity_decrease=0.0, min_samples_leaf=1,
                     min_samples_split=2, min_weight_fraction_leaf=0.0,
                     monotonic_cst=None, n_estimators=100, n_jobs=-1,
                     oob_score=False, random_state=444, verbose=0,
                     warm_start=False)
2024-11-28 13:53:20,266:INFO:create_model() successfully completed......................................
2024-11-28 13:53:20,561:INFO:SubProcess create_model() end ==================================
2024-11-28 13:53:20,561:INFO:Creating metrics dataframe
2024-11-28 13:53:20,575:INFO:Initializing Extreme Gradient Boosting
2024-11-28 13:53:20,575:INFO:Total runtime is 3.3027372558911643 minutes
2024-11-28 13:53:20,580:INFO:SubProcess create_model() called ==================================
2024-11-28 13:53:20,581:INFO:Initializing create_model()
2024-11-28 13:53:20,583:INFO:create_model(self=<pycaret.classification.oop.ClassificationExperiment object at 0x7f6cd5b8e860>, estimator=xgboost, fold=StratifiedKFold(n_splits=5, random_state=None, shuffle=False), round=4, cross_validation=True, predict=True, fit_kwargs={}, groups=None, refit=False, probability_threshold=None, experiment_custom_tags=None, verbose=False, system=False, add_to_model_list=True, metrics=None, display=<pycaret.internal.display.display.CommonDisplay object at 0x7f6cdae565f0>, model_only=True, return_train_score=False, error_score=0.0, kwargs={})
2024-11-28 13:53:20,583:INFO:Checking exceptions
2024-11-28 13:53:20,583:INFO:Importing libraries
2024-11-28 13:53:20,583:INFO:Copying training dataset
2024-11-28 13:53:20,681:INFO:Defining folds
2024-11-28 13:53:20,682:INFO:Declaring metric variables
2024-11-28 13:53:20,688:INFO:Importing untrained model
2024-11-28 13:53:20,695:INFO:Extreme Gradient Boosting Imported successfully
2024-11-28 13:53:20,710:INFO:Starting cross validation
2024-11-28 13:53:20,712:INFO:Cross validating with StratifiedKFold(n_splits=5, random_state=None, shuffle=False), n_jobs=-1
2024-11-28 13:53:26,932:INFO:Calculating mean and std
2024-11-28 13:53:26,934:INFO:Creating metrics dataframe
2024-11-28 13:53:26,937:INFO:Uploading results into container
2024-11-28 13:53:26,938:INFO:Uploading model into container now
2024-11-28 13:53:26,939:INFO:_master_model_container: 13
2024-11-28 13:53:26,939:INFO:_display_container: 2
2024-11-28 13:53:26,940:INFO:XGBClassifier(base_score=None, booster='gbtree', callbacks=None,
              colsample_bylevel=None, colsample_bynode=None,
              colsample_bytree=None, device='cpu', early_stopping_rounds=None,
              enable_categorical=False, eval_metric=None, feature_types=None,
              gamma=None, grow_policy=None, importance_type=None,
              interaction_constraints=None, learning_rate=None, max_bin=None,
              max_cat_threshold=None, max_cat_to_onehot=None,
              max_delta_step=None, max_depth=None, max_leaves=None,
              min_child_weight=None, missing=nan, monotone_constraints=None,
              multi_strategy=None, n_estimators=None, n_jobs=-1,
              num_parallel_tree=None, objective='binary:logistic', ...)
2024-11-28 13:53:26,940:INFO:create_model() successfully completed......................................
2024-11-28 13:53:27,157:INFO:SubProcess create_model() end ==================================
2024-11-28 13:53:27,157:INFO:Creating metrics dataframe
2024-11-28 13:53:27,171:INFO:Initializing Light Gradient Boosting Machine
2024-11-28 13:53:27,171:INFO:Total runtime is 3.412674176692963 minutes
2024-11-28 13:53:27,178:INFO:SubProcess create_model() called ==================================
2024-11-28 13:53:27,179:INFO:Initializing create_model()
2024-11-28 13:53:27,179:INFO:create_model(self=<pycaret.classification.oop.ClassificationExperiment object at 0x7f6cd5b8e860>, estimator=lightgbm, fold=StratifiedKFold(n_splits=5, random_state=None, shuffle=False), round=4, cross_validation=True, predict=True, fit_kwargs={}, groups=None, refit=False, probability_threshold=None, experiment_custom_tags=None, verbose=False, system=False, add_to_model_list=True, metrics=None, display=<pycaret.internal.display.display.CommonDisplay object at 0x7f6cdae565f0>, model_only=True, return_train_score=False, error_score=0.0, kwargs={})
2024-11-28 13:53:27,179:INFO:Checking exceptions
2024-11-28 13:53:27,179:INFO:Importing libraries
2024-11-28 13:53:27,179:INFO:Copying training dataset
2024-11-28 13:53:27,301:INFO:Defining folds
2024-11-28 13:53:27,302:INFO:Declaring metric variables
2024-11-28 13:53:27,308:INFO:Importing untrained model
2024-11-28 13:53:27,323:INFO:Light Gradient Boosting Machine Imported successfully
2024-11-28 13:53:27,349:INFO:Starting cross validation
2024-11-28 13:53:27,360:INFO:Cross validating with StratifiedKFold(n_splits=5, random_state=None, shuffle=False), n_jobs=-1
2024-11-28 14:00:48,308:INFO:Calculating mean and std
2024-11-28 14:00:48,311:INFO:Creating metrics dataframe
2024-11-28 14:00:48,320:INFO:Uploading results into container
2024-11-28 14:00:48,330:INFO:Uploading model into container now
2024-11-28 14:00:48,331:INFO:_master_model_container: 14
2024-11-28 14:00:48,332:INFO:_display_container: 2
2024-11-28 14:00:48,332:INFO:LGBMClassifier(boosting_type='gbdt', class_weight=None, colsample_bytree=1.0,
               importance_type='split', learning_rate=0.1, max_depth=-1,
               min_child_samples=20, min_child_weight=0.001, min_split_gain=0.0,
               n_estimators=100, n_jobs=-1, num_leaves=31, objective=None,
               random_state=444, reg_alpha=0.0, reg_lambda=0.0, subsample=1.0,
               subsample_for_bin=200000, subsample_freq=0)
2024-11-28 14:00:48,332:INFO:create_model() successfully completed......................................
2024-11-28 14:00:48,619:INFO:SubProcess create_model() end ==================================
2024-11-28 14:00:48,619:INFO:Creating metrics dataframe
2024-11-28 14:00:48,640:INFO:Initializing CatBoost Classifier
2024-11-28 14:00:48,641:INFO:Total runtime is 10.770497902234396 minutes
2024-11-28 14:00:48,646:INFO:SubProcess create_model() called ==================================
2024-11-28 14:00:48,647:INFO:Initializing create_model()
2024-11-28 14:00:48,647:INFO:create_model(self=<pycaret.classification.oop.ClassificationExperiment object at 0x7f6cd5b8e860>, estimator=catboost, fold=StratifiedKFold(n_splits=5, random_state=None, shuffle=False), round=4, cross_validation=True, predict=True, fit_kwargs={}, groups=None, refit=False, probability_threshold=None, experiment_custom_tags=None, verbose=False, system=False, add_to_model_list=True, metrics=None, display=<pycaret.internal.display.display.CommonDisplay object at 0x7f6cdae565f0>, model_only=True, return_train_score=False, error_score=0.0, kwargs={})
2024-11-28 14:00:48,648:INFO:Checking exceptions
2024-11-28 14:00:48,648:INFO:Importing libraries
2024-11-28 14:00:48,648:INFO:Copying training dataset
2024-11-28 14:00:48,763:INFO:Defining folds
2024-11-28 14:00:48,763:INFO:Declaring metric variables
2024-11-28 14:00:48,770:INFO:Importing untrained model
2024-11-28 14:00:48,783:INFO:CatBoost Classifier Imported successfully
2024-11-28 14:00:48,796:INFO:Starting cross validation
2024-11-28 14:00:48,798:INFO:Cross validating with StratifiedKFold(n_splits=5, random_state=None, shuffle=False), n_jobs=-1
2024-11-28 14:01:52,633:WARNING:/home/damiatus/.local/lib/python3.10/site-packages/joblib/externals/loky/process_executor.py:752: UserWarning: A worker stopped while some jobs were given to the executor. This can be caused by a too short worker timeout or by a memory leak.
  warnings.warn(

2024-11-28 14:02:07,376:INFO:Calculating mean and std
2024-11-28 14:02:07,379:INFO:Creating metrics dataframe
2024-11-28 14:02:07,384:INFO:Uploading results into container
2024-11-28 14:02:07,386:INFO:Uploading model into container now
2024-11-28 14:02:07,387:INFO:_master_model_container: 15
2024-11-28 14:02:07,387:INFO:_display_container: 2
2024-11-28 14:02:07,387:INFO:<catboost.core.CatBoostClassifier object at 0x7f6cdaeb1630>
2024-11-28 14:02:07,387:INFO:create_model() successfully completed......................................
2024-11-28 14:02:07,931:INFO:SubProcess create_model() end ==================================
2024-11-28 14:02:07,931:INFO:Creating metrics dataframe
2024-11-28 14:02:07,955:INFO:Initializing Dummy Classifier
2024-11-28 14:02:07,955:INFO:Total runtime is 12.092405895392101 minutes
2024-11-28 14:02:07,961:INFO:SubProcess create_model() called ==================================
2024-11-28 14:02:07,962:INFO:Initializing create_model()
2024-11-28 14:02:07,962:INFO:create_model(self=<pycaret.classification.oop.ClassificationExperiment object at 0x7f6cd5b8e860>, estimator=dummy, fold=StratifiedKFold(n_splits=5, random_state=None, shuffle=False), round=4, cross_validation=True, predict=True, fit_kwargs={}, groups=None, refit=False, probability_threshold=None, experiment_custom_tags=None, verbose=False, system=False, add_to_model_list=True, metrics=None, display=<pycaret.internal.display.display.CommonDisplay object at 0x7f6cdae565f0>, model_only=True, return_train_score=False, error_score=0.0, kwargs={})
2024-11-28 14:02:07,962:INFO:Checking exceptions
2024-11-28 14:02:07,963:INFO:Importing libraries
2024-11-28 14:02:07,963:INFO:Copying training dataset
2024-11-28 14:02:08,064:INFO:Defining folds
2024-11-28 14:02:08,065:INFO:Declaring metric variables
2024-11-28 14:02:08,071:INFO:Importing untrained model
2024-11-28 14:02:08,089:INFO:Dummy Classifier Imported successfully
2024-11-28 14:02:08,109:INFO:Starting cross validation
2024-11-28 14:02:08,111:INFO:Cross validating with StratifiedKFold(n_splits=5, random_state=None, shuffle=False), n_jobs=-1
2024-11-28 14:02:10,148:INFO:Calculating mean and std
2024-11-28 14:02:10,150:INFO:Creating metrics dataframe
2024-11-28 14:02:10,153:INFO:Uploading results into container
2024-11-28 14:02:10,155:INFO:Uploading model into container now
2024-11-28 14:02:10,156:INFO:_master_model_container: 16
2024-11-28 14:02:10,156:INFO:_display_container: 2
2024-11-28 14:02:10,156:INFO:DummyClassifier(constant=None, random_state=444, strategy='prior')
2024-11-28 14:02:10,156:INFO:create_model() successfully completed......................................
2024-11-28 14:02:10,393:INFO:SubProcess create_model() end ==================================
2024-11-28 14:02:10,393:INFO:Creating metrics dataframe
2024-11-28 14:02:10,409:WARNING:/home/damiatus/.local/lib/python3.10/site-packages/pycaret/internal/pycaret_experiment/supervised_experiment.py:323: FutureWarning: Styler.applymap has been deprecated. Use Styler.map instead.
  master_display_.apply(

2024-11-28 14:02:10,425:INFO:Initializing create_model()
2024-11-28 14:02:10,426:INFO:create_model(self=<pycaret.classification.oop.ClassificationExperiment object at 0x7f6cd5b8e860>, estimator=RandomForestClassifier(bootstrap=True, ccp_alpha=0.0, class_weight=None,
                       criterion='gini', max_depth=None, max_features='sqrt',
                       max_leaf_nodes=None, max_samples=None,
                       min_impurity_decrease=0.0, min_samples_leaf=1,
                       min_samples_split=2, min_weight_fraction_leaf=0.0,
                       monotonic_cst=None, n_estimators=100, n_jobs=-1,
                       oob_score=False, random_state=444, verbose=0,
                       warm_start=False), fold=StratifiedKFold(n_splits=5, random_state=None, shuffle=False), round=4, cross_validation=False, predict=False, fit_kwargs={}, groups=None, refit=True, probability_threshold=None, experiment_custom_tags=None, verbose=False, system=False, add_to_model_list=True, metrics=None, display=None, model_only=True, return_train_score=False, error_score=0.0, kwargs={})
2024-11-28 14:02:10,426:INFO:Checking exceptions
2024-11-28 14:02:10,432:INFO:Importing libraries
2024-11-28 14:02:10,434:INFO:Copying training dataset
2024-11-28 14:02:10,527:INFO:Defining folds
2024-11-28 14:02:10,527:INFO:Declaring metric variables
2024-11-28 14:02:10,527:INFO:Importing untrained model
2024-11-28 14:02:10,527:INFO:Declaring custom model
2024-11-28 14:02:10,528:INFO:Random Forest Classifier Imported successfully
2024-11-28 14:02:10,530:INFO:Cross validation set to False
2024-11-28 14:02:10,531:INFO:Fitting Model
2024-11-28 14:02:17,360:INFO:RandomForestClassifier(bootstrap=True, ccp_alpha=0.0, class_weight=None,
                       criterion='gini', max_depth=None, max_features='sqrt',
                       max_leaf_nodes=None, max_samples=None,
                       min_impurity_decrease=0.0, min_samples_leaf=1,
                       min_samples_split=2, min_weight_fraction_leaf=0.0,
                       monotonic_cst=None, n_estimators=100, n_jobs=-1,
                       oob_score=False, random_state=444, verbose=0,
                       warm_start=False)
2024-11-28 14:02:17,360:INFO:create_model() successfully completed......................................
2024-11-28 14:02:17,702:INFO:_master_model_container: 16
2024-11-28 14:02:17,702:INFO:_display_container: 2
2024-11-28 14:02:17,703:INFO:RandomForestClassifier(bootstrap=True, ccp_alpha=0.0, class_weight=None,
                       criterion='gini', max_depth=None, max_features='sqrt',
                       max_leaf_nodes=None, max_samples=None,
                       min_impurity_decrease=0.0, min_samples_leaf=1,
                       min_samples_split=2, min_weight_fraction_leaf=0.0,
                       monotonic_cst=None, n_estimators=100, n_jobs=-1,
                       oob_score=False, random_state=444, verbose=0,
                       warm_start=False)
2024-11-28 14:02:17,703:INFO:compare_models() successfully completed......................................
2024-11-28 14:02:17,946:INFO:PyCaret ClassificationExperiment
2024-11-28 14:02:17,946:INFO:Logging name: clf-default-name
2024-11-28 14:02:17,946:INFO:ML Usecase: MLUsecase.CLASSIFICATION
2024-11-28 14:02:17,946:INFO:version 3.3.2
2024-11-28 14:02:17,946:INFO:Initializing setup()
2024-11-28 14:02:17,946:INFO:self.USI: 4f8c
2024-11-28 14:02:17,946:INFO:self._variable_keys: {'USI', '_ml_usecase', 'gpu_param', 'fold_shuffle_param', 'memory', 'html_param', 'y_train', 'y_test', 'y', 'gpu_n_jobs_param', 'n_jobs_param', 'X_train', 'exp_id', 'X_test', 'is_multiclass', 'exp_name_log', 'fold_groups_param', 'fold_generator', 'data', 'seed', 'fix_imbalance', 'X', 'logging_param', 'log_plots_param', 'target_param', 'idx', '_available_plots', 'pipeline'}
2024-11-28 14:02:17,946:INFO:Checking environment
2024-11-28 14:02:17,947:INFO:python_version: 3.10.12
2024-11-28 14:02:17,947:INFO:python_build: ('main', 'Nov  6 2024 20:22:13')
2024-11-28 14:02:17,947:INFO:machine: x86_64
2024-11-28 14:02:17,947:INFO:platform: Linux-5.15.167.4-microsoft-standard-WSL2-x86_64-with-glibc2.35
2024-11-28 14:02:17,947:INFO:Memory: svmem(total=8286756864, available=810156032, percent=90.2, used=7199092736, free=352362496, active=398495744, inactive=6937718784, buffers=67895296, cached=667406336, shared=3141632, slab=249520128)
2024-11-28 14:02:17,947:INFO:Physical Core: 4
2024-11-28 14:02:17,947:INFO:Logical Core: 4
2024-11-28 14:02:17,947:INFO:Checking libraries
2024-11-28 14:02:17,948:INFO:System:
2024-11-28 14:02:17,948:INFO:    python: 3.10.12 (main, Nov  6 2024, 20:22:13) [GCC 11.4.0]
2024-11-28 14:02:17,948:INFO:executable: /bin/python3
2024-11-28 14:02:17,948:INFO:   machine: Linux-5.15.167.4-microsoft-standard-WSL2-x86_64-with-glibc2.35
2024-11-28 14:02:17,948:INFO:PyCaret required dependencies:
2024-11-28 14:02:17,948:INFO:                 pip: 22.0.2
2024-11-28 14:02:17,948:INFO:          setuptools: 59.6.0
2024-11-28 14:02:17,948:INFO:             pycaret: 3.3.2
2024-11-28 14:02:17,948:INFO:             IPython: 8.27.0
2024-11-28 14:02:17,948:INFO:          ipywidgets: 8.1.5
2024-11-28 14:02:17,948:INFO:                tqdm: 4.66.5
2024-11-28 14:02:17,948:INFO:               numpy: 1.26.4
2024-11-28 14:02:17,948:INFO:              pandas: 2.1.4
2024-11-28 14:02:17,948:INFO:              jinja2: 3.1.4
2024-11-28 14:02:17,948:INFO:               scipy: 1.11.4
2024-11-28 14:02:17,948:INFO:              joblib: 1.3.2
2024-11-28 14:02:17,948:INFO:             sklearn: 1.4.2
2024-11-28 14:02:17,948:INFO:                pyod: 2.0.2
2024-11-28 14:02:17,948:INFO:            imblearn: 0.12.4
2024-11-28 14:02:17,948:INFO:   category_encoders: 2.6.4
2024-11-28 14:02:17,948:INFO:            lightgbm: 4.5.0
2024-11-28 14:02:17,948:INFO:               numba: 0.60.0
2024-11-28 14:02:17,949:INFO:            requests: 2.32.3
2024-11-28 14:02:17,949:INFO:          matplotlib: 3.7.5
2024-11-28 14:02:17,949:INFO:          scikitplot: 0.3.7
2024-11-28 14:02:17,949:INFO:         yellowbrick: 1.5
2024-11-28 14:02:17,949:INFO:              plotly: 5.24.1
2024-11-28 14:02:17,949:INFO:    plotly-resampler: Not installed
2024-11-28 14:02:17,949:INFO:             kaleido: 0.2.1
2024-11-28 14:02:17,949:INFO:           schemdraw: 0.15
2024-11-28 14:02:17,949:INFO:         statsmodels: 0.14.3
2024-11-28 14:02:17,949:INFO:              sktime: 0.26.0
2024-11-28 14:02:17,949:INFO:               tbats: 1.1.3
2024-11-28 14:02:17,949:INFO:            pmdarima: 2.0.4
2024-11-28 14:02:17,949:INFO:              psutil: 6.0.0
2024-11-28 14:02:17,949:INFO:          markupsafe: 3.0.1
2024-11-28 14:02:17,949:INFO:             pickle5: Not installed
2024-11-28 14:02:17,949:INFO:         cloudpickle: 3.0.0
2024-11-28 14:02:17,949:INFO:         deprecation: 2.1.0
2024-11-28 14:02:17,949:INFO:              xxhash: 3.5.0
2024-11-28 14:02:17,949:INFO:           wurlitzer: 3.1.1
2024-11-28 14:02:17,949:INFO:PyCaret optional dependencies:
2024-11-28 14:02:17,949:INFO:                shap: 0.46.0
2024-11-28 14:02:17,949:INFO:           interpret: Not installed
2024-11-28 14:02:17,949:INFO:                umap: Not installed
2024-11-28 14:02:17,949:INFO:     ydata_profiling: Not installed
2024-11-28 14:02:17,949:INFO:  explainerdashboard: Not installed
2024-11-28 14:02:17,949:INFO:             autoviz: Not installed
2024-11-28 14:02:17,949:INFO:           fairlearn: Not installed
2024-11-28 14:02:17,950:INFO:          deepchecks: Not installed
2024-11-28 14:02:17,950:INFO:             xgboost: 2.1.1
2024-11-28 14:02:17,950:INFO:            catboost: 1.2.7
2024-11-28 14:02:17,950:INFO:              kmodes: Not installed
2024-11-28 14:02:17,950:INFO:             mlxtend: Not installed
2024-11-28 14:02:17,950:INFO:       statsforecast: Not installed
2024-11-28 14:02:17,950:INFO:        tune_sklearn: Not installed
2024-11-28 14:02:17,950:INFO:                 ray: Not installed
2024-11-28 14:02:17,950:INFO:            hyperopt: Not installed
2024-11-28 14:02:17,950:INFO:              optuna: Not installed
2024-11-28 14:02:17,950:INFO:               skopt: Not installed
2024-11-28 14:02:17,950:INFO:              mlflow: Not installed
2024-11-28 14:02:17,951:INFO:              gradio: Not installed
2024-11-28 14:02:17,951:INFO:             fastapi: Not installed
2024-11-28 14:02:17,951:INFO:             uvicorn: Not installed
2024-11-28 14:02:17,951:INFO:              m2cgen: Not installed
2024-11-28 14:02:17,951:INFO:           evidently: Not installed
2024-11-28 14:02:17,951:INFO:               fugue: Not installed
2024-11-28 14:02:17,951:INFO:           streamlit: Not installed
2024-11-28 14:02:17,951:INFO:             prophet: 1.1.6
2024-11-28 14:02:17,951:INFO:None
2024-11-28 14:02:17,951:INFO:Set up data.
2024-11-28 14:02:18,141:INFO:Set up folding strategy.
2024-11-28 14:02:18,141:INFO:Set up train/test split.
2024-11-28 14:02:18,230:INFO:Set up index.
2024-11-28 14:02:18,231:INFO:Assigning column types.
2024-11-28 14:02:18,298:INFO:Engine successfully changes for model 'lr' to 'sklearn'.
2024-11-28 14:02:18,373:INFO:Engine for model 'knn' has not been set explicitly, hence returning None.
2024-11-28 14:02:18,374:INFO:Engine for model 'rbfsvm' has not been set explicitly, hence returning None.
2024-11-28 14:02:18,416:INFO:Soft dependency imported: xgboost: 2.1.1
2024-11-28 14:02:18,421:INFO:Soft dependency imported: catboost: 1.2.7
2024-11-28 14:02:18,487:INFO:Engine for model 'knn' has not been set explicitly, hence returning None.
2024-11-28 14:02:18,488:INFO:Engine for model 'rbfsvm' has not been set explicitly, hence returning None.
2024-11-28 14:02:18,529:INFO:Soft dependency imported: xgboost: 2.1.1
2024-11-28 14:02:18,533:INFO:Soft dependency imported: catboost: 1.2.7
2024-11-28 14:02:18,534:INFO:Engine successfully changes for model 'knn' to 'sklearn'.
2024-11-28 14:02:18,606:INFO:Engine for model 'rbfsvm' has not been set explicitly, hence returning None.
2024-11-28 14:02:18,647:INFO:Soft dependency imported: xgboost: 2.1.1
2024-11-28 14:02:18,650:INFO:Soft dependency imported: catboost: 1.2.7
2024-11-28 14:02:18,731:INFO:Engine for model 'rbfsvm' has not been set explicitly, hence returning None.
2024-11-28 14:02:18,771:INFO:Soft dependency imported: xgboost: 2.1.1
2024-11-28 14:02:18,775:INFO:Soft dependency imported: catboost: 1.2.7
2024-11-28 14:02:18,776:INFO:Engine successfully changes for model 'rbfsvm' to 'sklearn'.
2024-11-28 14:02:18,959:INFO:Soft dependency imported: xgboost: 2.1.1
2024-11-28 14:02:18,962:INFO:Soft dependency imported: catboost: 1.2.7
2024-11-28 14:02:19,068:INFO:Soft dependency imported: xgboost: 2.1.1
2024-11-28 14:02:19,072:INFO:Soft dependency imported: catboost: 1.2.7
2024-11-28 14:02:19,073:INFO:Preparing preprocessing pipeline...
2024-11-28 14:02:19,083:INFO:Set up date feature engineering.
2024-11-28 14:02:19,083:INFO:Set up simple imputation.
2024-11-28 14:02:19,119:INFO:Set up encoding of ordinal features.
2024-11-28 14:02:19,137:INFO:Set up encoding of categorical features.
2024-11-28 14:02:19,411:INFO:Finished creating preprocessing pipeline.
2024-11-28 14:02:19,441:INFO:Pipeline: Pipeline(memory=FastMemory(location=/tmp/joblib),
         steps=[('date_feature_extractor',
                 TransformerWrapper(exclude=None,
                                    include=['borrow_timestamp',
                                             'first_tx_timestamp',
                                             'last_tx_timestamp'],
                                    transformer=ExtractDateTimeFeatures(features=['day',
                                                                                  'month',
                                                                                  'year']))),
                ('numerical_imputer',
                 TransformerWrapper(exclude=None,
                                    include=['wallet_age', 'incoming_tx_count',...
                ('ordinal_encoding',
                 TransformerWrapper(exclude=None,
                                    include=['market_ht_trendmode'],
                                    transformer=OrdinalEncoder(cols=['market_ht_trendmode'],
                                                               drop_invariant=False,
                                                               handle_missing='return_nan',
                                                               handle_unknown='value',
                                                               mapping=[{'col': 'market_ht_trendmode',
                                                                         'data_type': dtype('float64'),
                                                                         'mapping': 0.0    0
1.0    1
NaN   -1
dtype: int64}],
                                                               return_df=True,
                                                               verbose=0)))],
         verbose=False)
2024-11-28 14:02:19,441:INFO:Creating final display dataframe.
2024-11-28 14:02:20,303:INFO:Setup _display_container:                     Description             Value
0                    Session id               444
1                        Target            target
2                   Target type            Binary
3           Original data shape       (42081, 78)
4        Transformed data shape       (42081, 79)
5   Transformed train set shape       (29456, 79)
6    Transformed test set shape       (12625, 79)
7               Ignore features                 5
8              Numeric features                68
9                 Date features                 3
10         Categorical features                 1
11     Rows with missing values             99.1%
12                   Preprocess              True
13              Imputation type            simple
14           Numeric imputation              mean
15       Categorical imputation              mode
16     Maximum one-hot encoding                25
17              Encoding method              None
18               Fold Generator   StratifiedKFold
19                  Fold Number                 5
20                     CPU Jobs                -1
21                      Use GPU             False
22               Log Experiment             False
23              Experiment Name  clf-default-name
24                          USI              4f8c
2024-11-28 14:02:20,435:INFO:Soft dependency imported: xgboost: 2.1.1
2024-11-28 14:02:20,439:INFO:Soft dependency imported: catboost: 1.2.7
2024-11-28 14:02:20,548:INFO:Soft dependency imported: xgboost: 2.1.1
2024-11-28 14:02:20,553:INFO:Soft dependency imported: catboost: 1.2.7
2024-11-28 14:02:20,555:INFO:setup() successfully completed in 2.61s...............
2024-11-28 14:02:20,559:INFO:Initializing compare_models()
2024-11-28 14:02:20,560:INFO:compare_models(self=<pycaret.classification.oop.ClassificationExperiment object at 0x7f6cdaeb3fd0>, include=None, fold=None, round=4, cross_validation=True, sort=Accuracy, n_select=1, budget_time=None, turbo=True, errors=ignore, fit_kwargs=None, groups=None, experiment_custom_tags=None, probability_threshold=None, verbose=True, parallel=None, caller_params={'self': <pycaret.classification.oop.ClassificationExperiment object at 0x7f6cdaeb3fd0>, 'include': None, 'exclude': None, 'fold': None, 'round': 4, 'cross_validation': True, 'sort': 'Accuracy', 'n_select': 1, 'budget_time': None, 'turbo': True, 'errors': 'ignore', 'fit_kwargs': None, 'groups': None, 'experiment_custom_tags': None, 'probability_threshold': None, 'engine': None, 'verbose': True, 'parallel': None, '__class__': <class 'pycaret.classification.oop.ClassificationExperiment'>}, exclude=None)
2024-11-28 14:02:20,560:INFO:Checking exceptions
2024-11-28 14:02:20,627:INFO:Preparing display monitor
2024-11-28 14:02:20,670:INFO:Initializing Logistic Regression
2024-11-28 14:02:20,671:INFO:Total runtime is 6.055831909179687e-06 minutes
2024-11-28 14:02:20,685:INFO:SubProcess create_model() called ==================================
2024-11-28 14:02:20,696:INFO:Initializing create_model()
2024-11-28 14:02:20,696:INFO:create_model(self=<pycaret.classification.oop.ClassificationExperiment object at 0x7f6cdaeb3fd0>, estimator=lr, fold=StratifiedKFold(n_splits=5, random_state=None, shuffle=False), round=4, cross_validation=True, predict=True, fit_kwargs={}, groups=None, refit=False, probability_threshold=None, experiment_custom_tags=None, verbose=False, system=False, add_to_model_list=True, metrics=None, display=<pycaret.internal.display.display.CommonDisplay object at 0x7f6cdaeb3820>, model_only=True, return_train_score=False, error_score=0.0, kwargs={})
2024-11-28 14:02:20,697:INFO:Checking exceptions
2024-11-28 14:02:20,697:INFO:Importing libraries
2024-11-28 14:02:20,697:INFO:Copying training dataset
2024-11-28 14:02:20,820:INFO:Defining folds
2024-11-28 14:02:20,820:INFO:Declaring metric variables
2024-11-28 14:02:20,825:INFO:Importing untrained model
2024-11-28 14:02:20,835:INFO:Logistic Regression Imported successfully
2024-11-28 14:02:20,849:INFO:Starting cross validation
2024-11-28 14:02:20,851:INFO:Cross validating with StratifiedKFold(n_splits=5, random_state=None, shuffle=False), n_jobs=-1
2024-11-28 14:02:28,580:WARNING:/home/damiatus/.local/lib/python3.10/site-packages/sklearn/linear_model/_logistic.py:469: ConvergenceWarning: lbfgs failed to converge (status=1):
STOP: TOTAL NO. of ITERATIONS REACHED LIMIT.

Increase the number of iterations (max_iter) or scale the data as shown in:
    https://scikit-learn.org/stable/modules/preprocessing.html
Please also refer to the documentation for alternative solver options:
    https://scikit-learn.org/stable/modules/linear_model.html#logistic-regression
  n_iter_i = _check_optimize_result(

2024-11-28 14:02:28,931:WARNING:/home/damiatus/.local/lib/python3.10/site-packages/sklearn/linear_model/_logistic.py:469: ConvergenceWarning: lbfgs failed to converge (status=1):
STOP: TOTAL NO. of ITERATIONS REACHED LIMIT.

Increase the number of iterations (max_iter) or scale the data as shown in:
    https://scikit-learn.org/stable/modules/preprocessing.html
Please also refer to the documentation for alternative solver options:
    https://scikit-learn.org/stable/modules/linear_model.html#logistic-regression
  n_iter_i = _check_optimize_result(

2024-11-28 14:02:28,945:WARNING:/home/damiatus/.local/lib/python3.10/site-packages/sklearn/linear_model/_logistic.py:469: ConvergenceWarning: lbfgs failed to converge (status=1):
STOP: TOTAL NO. of ITERATIONS REACHED LIMIT.

Increase the number of iterations (max_iter) or scale the data as shown in:
    https://scikit-learn.org/stable/modules/preprocessing.html
Please also refer to the documentation for alternative solver options:
    https://scikit-learn.org/stable/modules/linear_model.html#logistic-regression
  n_iter_i = _check_optimize_result(

2024-11-28 14:02:33,849:WARNING:/home/damiatus/.local/lib/python3.10/site-packages/sklearn/linear_model/_logistic.py:469: ConvergenceWarning: lbfgs failed to converge (status=1):
STOP: TOTAL NO. of ITERATIONS REACHED LIMIT.

Increase the number of iterations (max_iter) or scale the data as shown in:
    https://scikit-learn.org/stable/modules/preprocessing.html
Please also refer to the documentation for alternative solver options:
    https://scikit-learn.org/stable/modules/linear_model.html#logistic-regression
  n_iter_i = _check_optimize_result(

2024-11-28 14:02:33,938:INFO:Calculating mean and std
2024-11-28 14:02:33,940:INFO:Creating metrics dataframe
2024-11-28 14:02:33,944:INFO:Uploading results into container
2024-11-28 14:02:33,945:INFO:Uploading model into container now
2024-11-28 14:02:33,946:INFO:_master_model_container: 1
2024-11-28 14:02:33,946:INFO:_display_container: 2
2024-11-28 14:02:33,947:INFO:LogisticRegression(C=1.0, class_weight=None, dual=False, fit_intercept=True,
                   intercept_scaling=1, l1_ratio=None, max_iter=1000,
                   multi_class='auto', n_jobs=None, penalty='l2',
                   random_state=444, solver='lbfgs', tol=0.0001, verbose=0,
                   warm_start=False)
2024-11-28 14:02:33,947:INFO:create_model() successfully completed......................................
2024-11-28 14:02:34,168:INFO:SubProcess create_model() end ==================================
2024-11-28 14:02:34,168:INFO:Creating metrics dataframe
2024-11-28 14:02:34,177:INFO:Initializing K Neighbors Classifier
2024-11-28 14:02:34,178:INFO:Total runtime is 0.22512562274932862 minutes
2024-11-28 14:02:34,186:INFO:SubProcess create_model() called ==================================
2024-11-28 14:02:34,187:INFO:Initializing create_model()
2024-11-28 14:02:34,187:INFO:create_model(self=<pycaret.classification.oop.ClassificationExperiment object at 0x7f6cdaeb3fd0>, estimator=knn, fold=StratifiedKFold(n_splits=5, random_state=None, shuffle=False), round=4, cross_validation=True, predict=True, fit_kwargs={}, groups=None, refit=False, probability_threshold=None, experiment_custom_tags=None, verbose=False, system=False, add_to_model_list=True, metrics=None, display=<pycaret.internal.display.display.CommonDisplay object at 0x7f6cdaeb3820>, model_only=True, return_train_score=False, error_score=0.0, kwargs={})
2024-11-28 14:02:34,187:INFO:Checking exceptions
2024-11-28 14:02:34,187:INFO:Importing libraries
2024-11-28 14:02:34,187:INFO:Copying training dataset
2024-11-28 14:02:34,267:INFO:Defining folds
2024-11-28 14:02:34,268:INFO:Declaring metric variables
2024-11-28 14:02:34,275:INFO:Importing untrained model
2024-11-28 14:02:34,284:INFO:K Neighbors Classifier Imported successfully
2024-11-28 14:02:34,299:INFO:Starting cross validation
2024-11-28 14:02:34,301:INFO:Cross validating with StratifiedKFold(n_splits=5, random_state=None, shuffle=False), n_jobs=-1
2024-11-28 14:02:42,639:INFO:Calculating mean and std
2024-11-28 14:02:42,641:INFO:Creating metrics dataframe
2024-11-28 14:02:42,645:INFO:Uploading results into container
2024-11-28 14:02:42,646:INFO:Uploading model into container now
2024-11-28 14:02:42,647:INFO:_master_model_container: 2
2024-11-28 14:02:42,648:INFO:_display_container: 2
2024-11-28 14:02:42,648:INFO:KNeighborsClassifier(algorithm='auto', leaf_size=30, metric='minkowski',
                     metric_params=None, n_jobs=-1, n_neighbors=5, p=2,
                     weights='uniform')
2024-11-28 14:02:42,650:INFO:create_model() successfully completed......................................
2024-11-28 14:02:42,878:INFO:SubProcess create_model() end ==================================
2024-11-28 14:02:42,878:INFO:Creating metrics dataframe
2024-11-28 14:02:42,890:INFO:Initializing Naive Bayes
2024-11-28 14:02:42,890:INFO:Total runtime is 0.37033227682113645 minutes
2024-11-28 14:02:42,897:INFO:SubProcess create_model() called ==================================
2024-11-28 14:02:42,898:INFO:Initializing create_model()
2024-11-28 14:02:42,898:INFO:create_model(self=<pycaret.classification.oop.ClassificationExperiment object at 0x7f6cdaeb3fd0>, estimator=nb, fold=StratifiedKFold(n_splits=5, random_state=None, shuffle=False), round=4, cross_validation=True, predict=True, fit_kwargs={}, groups=None, refit=False, probability_threshold=None, experiment_custom_tags=None, verbose=False, system=False, add_to_model_list=True, metrics=None, display=<pycaret.internal.display.display.CommonDisplay object at 0x7f6cdaeb3820>, model_only=True, return_train_score=False, error_score=0.0, kwargs={})
2024-11-28 14:02:42,898:INFO:Checking exceptions
2024-11-28 14:02:42,898:INFO:Importing libraries
2024-11-28 14:02:42,898:INFO:Copying training dataset
2024-11-28 14:02:42,988:INFO:Defining folds
2024-11-28 14:02:42,989:INFO:Declaring metric variables
2024-11-28 14:02:42,995:INFO:Importing untrained model
2024-11-28 14:02:43,001:INFO:Naive Bayes Imported successfully
2024-11-28 14:02:43,017:INFO:Starting cross validation
2024-11-28 14:02:43,020:INFO:Cross validating with StratifiedKFold(n_splits=5, random_state=None, shuffle=False), n_jobs=-1
2024-11-28 14:02:43,839:INFO:Calculating mean and std
2024-11-28 14:02:43,841:INFO:Creating metrics dataframe
2024-11-28 14:02:43,844:INFO:Uploading results into container
2024-11-28 14:02:43,846:INFO:Uploading model into container now
2024-11-28 14:02:43,846:INFO:_master_model_container: 3
2024-11-28 14:02:43,847:INFO:_display_container: 2
2024-11-28 14:02:43,847:INFO:GaussianNB(priors=None, var_smoothing=1e-09)
2024-11-28 14:02:43,847:INFO:create_model() successfully completed......................................
2024-11-28 14:02:44,061:INFO:SubProcess create_model() end ==================================
2024-11-28 14:02:44,062:INFO:Creating metrics dataframe
2024-11-28 14:02:44,072:INFO:Initializing Decision Tree Classifier
2024-11-28 14:02:44,073:INFO:Total runtime is 0.3900397459665934 minutes
2024-11-28 14:02:44,078:INFO:SubProcess create_model() called ==================================
2024-11-28 14:02:44,079:INFO:Initializing create_model()
2024-11-28 14:02:44,079:INFO:create_model(self=<pycaret.classification.oop.ClassificationExperiment object at 0x7f6cdaeb3fd0>, estimator=dt, fold=StratifiedKFold(n_splits=5, random_state=None, shuffle=False), round=4, cross_validation=True, predict=True, fit_kwargs={}, groups=None, refit=False, probability_threshold=None, experiment_custom_tags=None, verbose=False, system=False, add_to_model_list=True, metrics=None, display=<pycaret.internal.display.display.CommonDisplay object at 0x7f6cdaeb3820>, model_only=True, return_train_score=False, error_score=0.0, kwargs={})
2024-11-28 14:02:44,079:INFO:Checking exceptions
2024-11-28 14:02:44,079:INFO:Importing libraries
2024-11-28 14:02:44,079:INFO:Copying training dataset
2024-11-28 14:02:44,165:INFO:Defining folds
2024-11-28 14:02:44,166:INFO:Declaring metric variables
2024-11-28 14:02:44,173:INFO:Importing untrained model
2024-11-28 14:02:44,180:INFO:Decision Tree Classifier Imported successfully
2024-11-28 14:02:44,196:INFO:Starting cross validation
2024-11-28 14:02:44,199:INFO:Cross validating with StratifiedKFold(n_splits=5, random_state=None, shuffle=False), n_jobs=-1
2024-11-28 14:02:49,635:INFO:Calculating mean and std
2024-11-28 14:02:49,636:INFO:Creating metrics dataframe
2024-11-28 14:02:49,640:INFO:Uploading results into container
2024-11-28 14:02:49,641:INFO:Uploading model into container now
2024-11-28 14:02:49,642:INFO:_master_model_container: 4
2024-11-28 14:02:49,642:INFO:_display_container: 2
2024-11-28 14:02:49,643:INFO:DecisionTreeClassifier(ccp_alpha=0.0, class_weight=None, criterion='gini',
                       max_depth=None, max_features=None, max_leaf_nodes=None,
                       min_impurity_decrease=0.0, min_samples_leaf=1,
                       min_samples_split=2, min_weight_fraction_leaf=0.0,
                       monotonic_cst=None, random_state=444, splitter='best')
2024-11-28 14:02:49,643:INFO:create_model() successfully completed......................................
2024-11-28 14:02:49,974:INFO:SubProcess create_model() end ==================================
2024-11-28 14:02:49,974:INFO:Creating metrics dataframe
2024-11-28 14:02:49,996:INFO:Initializing SVM - Linear Kernel
2024-11-28 14:02:49,997:INFO:Total runtime is 0.48877108494440713 minutes
2024-11-28 14:02:50,010:INFO:SubProcess create_model() called ==================================
2024-11-28 14:02:50,011:INFO:Initializing create_model()
2024-11-28 14:02:50,011:INFO:create_model(self=<pycaret.classification.oop.ClassificationExperiment object at 0x7f6cdaeb3fd0>, estimator=svm, fold=StratifiedKFold(n_splits=5, random_state=None, shuffle=False), round=4, cross_validation=True, predict=True, fit_kwargs={}, groups=None, refit=False, probability_threshold=None, experiment_custom_tags=None, verbose=False, system=False, add_to_model_list=True, metrics=None, display=<pycaret.internal.display.display.CommonDisplay object at 0x7f6cdaeb3820>, model_only=True, return_train_score=False, error_score=0.0, kwargs={})
2024-11-28 14:02:50,011:INFO:Checking exceptions
2024-11-28 14:02:50,011:INFO:Importing libraries
2024-11-28 14:02:50,011:INFO:Copying training dataset
2024-11-28 14:02:50,115:INFO:Defining folds
2024-11-28 14:02:50,116:INFO:Declaring metric variables
2024-11-28 14:02:50,125:INFO:Importing untrained model
2024-11-28 14:02:50,133:INFO:SVM - Linear Kernel Imported successfully
2024-11-28 14:02:50,150:INFO:Starting cross validation
2024-11-28 14:02:50,161:INFO:Cross validating with StratifiedKFold(n_splits=5, random_state=None, shuffle=False), n_jobs=-1
2024-11-28 14:02:52,341:WARNING:/home/damiatus/.local/lib/python3.10/site-packages/sklearn/metrics/_classification.py:1509: UndefinedMetricWarning: Precision is ill-defined and being set to 0.0 due to no predicted samples. Use `zero_division` parameter to control this behavior.
  _warn_prf(average, modifier, f"{metric.capitalize()} is", len(result))

2024-11-28 14:02:52,709:WARNING:/home/damiatus/.local/lib/python3.10/site-packages/sklearn/metrics/_classification.py:1509: UndefinedMetricWarning: Precision is ill-defined and being set to 0.0 due to no predicted samples. Use `zero_division` parameter to control this behavior.
  _warn_prf(average, modifier, f"{metric.capitalize()} is", len(result))

2024-11-28 14:02:54,226:WARNING:/home/damiatus/.local/lib/python3.10/site-packages/sklearn/metrics/_classification.py:1509: UndefinedMetricWarning: Precision is ill-defined and being set to 0.0 due to no predicted samples. Use `zero_division` parameter to control this behavior.
  _warn_prf(average, modifier, f"{metric.capitalize()} is", len(result))

2024-11-28 14:02:54,242:INFO:Calculating mean and std
2024-11-28 14:02:54,244:INFO:Creating metrics dataframe
2024-11-28 14:02:54,247:INFO:Uploading results into container
2024-11-28 14:02:54,248:INFO:Uploading model into container now
2024-11-28 14:02:54,248:INFO:_master_model_container: 5
2024-11-28 14:02:54,249:INFO:_display_container: 2
2024-11-28 14:02:54,250:INFO:SGDClassifier(alpha=0.0001, average=False, class_weight=None,
              early_stopping=False, epsilon=0.1, eta0=0.001, fit_intercept=True,
              l1_ratio=0.15, learning_rate='optimal', loss='hinge',
              max_iter=1000, n_iter_no_change=5, n_jobs=-1, penalty='l2',
              power_t=0.5, random_state=444, shuffle=True, tol=0.001,
              validation_fraction=0.1, verbose=0, warm_start=False)
2024-11-28 14:02:54,250:INFO:create_model() successfully completed......................................
2024-11-28 14:02:54,472:INFO:SubProcess create_model() end ==================================
2024-11-28 14:02:54,472:INFO:Creating metrics dataframe
2024-11-28 14:02:54,483:INFO:Initializing Ridge Classifier
2024-11-28 14:02:54,483:INFO:Total runtime is 0.5635479966799418 minutes
2024-11-28 14:02:54,488:INFO:SubProcess create_model() called ==================================
2024-11-28 14:02:54,489:INFO:Initializing create_model()
2024-11-28 14:02:54,489:INFO:create_model(self=<pycaret.classification.oop.ClassificationExperiment object at 0x7f6cdaeb3fd0>, estimator=ridge, fold=StratifiedKFold(n_splits=5, random_state=None, shuffle=False), round=4, cross_validation=True, predict=True, fit_kwargs={}, groups=None, refit=False, probability_threshold=None, experiment_custom_tags=None, verbose=False, system=False, add_to_model_list=True, metrics=None, display=<pycaret.internal.display.display.CommonDisplay object at 0x7f6cdaeb3820>, model_only=True, return_train_score=False, error_score=0.0, kwargs={})
2024-11-28 14:02:54,489:INFO:Checking exceptions
2024-11-28 14:02:54,489:INFO:Importing libraries
2024-11-28 14:02:54,489:INFO:Copying training dataset
2024-11-28 14:02:54,571:INFO:Defining folds
2024-11-28 14:02:54,571:INFO:Declaring metric variables
2024-11-28 14:02:54,577:INFO:Importing untrained model
2024-11-28 14:02:54,587:INFO:Ridge Classifier Imported successfully
2024-11-28 14:02:54,599:INFO:Starting cross validation
2024-11-28 14:02:54,601:INFO:Cross validating with StratifiedKFold(n_splits=5, random_state=None, shuffle=False), n_jobs=-1
2024-11-28 14:02:55,071:WARNING:/home/damiatus/.local/lib/python3.10/site-packages/sklearn/linear_model/_ridge.py:204: LinAlgWarning: Ill-conditioned matrix (rcond=4.00615e-19): result may not be accurate.
  return linalg.solve(A, Xy, assume_a="pos", overwrite_a=True).T

2024-11-28 14:02:55,096:WARNING:/home/damiatus/.local/lib/python3.10/site-packages/sklearn/linear_model/_ridge.py:204: LinAlgWarning: Ill-conditioned matrix (rcond=3.99308e-19): result may not be accurate.
  return linalg.solve(A, Xy, assume_a="pos", overwrite_a=True).T

2024-11-28 14:02:55,120:WARNING:/home/damiatus/.local/lib/python3.10/site-packages/sklearn/linear_model/_ridge.py:204: LinAlgWarning: Ill-conditioned matrix (rcond=4.01754e-19): result may not be accurate.
  return linalg.solve(A, Xy, assume_a="pos", overwrite_a=True).T

2024-11-28 14:02:55,189:WARNING:/home/damiatus/.local/lib/python3.10/site-packages/sklearn/linear_model/_ridge.py:204: LinAlgWarning: Ill-conditioned matrix (rcond=4.00214e-19): result may not be accurate.
  return linalg.solve(A, Xy, assume_a="pos", overwrite_a=True).T

2024-11-28 14:02:55,495:WARNING:/home/damiatus/.local/lib/python3.10/site-packages/sklearn/linear_model/_ridge.py:204: LinAlgWarning: Ill-conditioned matrix (rcond=3.96625e-19): result may not be accurate.
  return linalg.solve(A, Xy, assume_a="pos", overwrite_a=True).T

2024-11-28 14:02:55,592:INFO:Calculating mean and std
2024-11-28 14:02:55,593:INFO:Creating metrics dataframe
2024-11-28 14:02:55,597:INFO:Uploading results into container
2024-11-28 14:02:55,598:INFO:Uploading model into container now
2024-11-28 14:02:55,600:INFO:_master_model_container: 6
2024-11-28 14:02:55,600:INFO:_display_container: 2
2024-11-28 14:02:55,600:INFO:RidgeClassifier(alpha=1.0, class_weight=None, copy_X=True, fit_intercept=True,
                max_iter=None, positive=False, random_state=444, solver='auto',
                tol=0.0001)
2024-11-28 14:02:55,601:INFO:create_model() successfully completed......................................
2024-11-28 14:02:55,902:INFO:SubProcess create_model() end ==================================
2024-11-28 14:02:55,902:INFO:Creating metrics dataframe
2024-11-28 14:02:55,913:INFO:Initializing Random Forest Classifier
2024-11-28 14:02:55,914:INFO:Total runtime is 0.587386695543925 minutes
2024-11-28 14:02:55,921:INFO:SubProcess create_model() called ==================================
2024-11-28 14:02:55,921:INFO:Initializing create_model()
2024-11-28 14:02:55,922:INFO:create_model(self=<pycaret.classification.oop.ClassificationExperiment object at 0x7f6cdaeb3fd0>, estimator=rf, fold=StratifiedKFold(n_splits=5, random_state=None, shuffle=False), round=4, cross_validation=True, predict=True, fit_kwargs={}, groups=None, refit=False, probability_threshold=None, experiment_custom_tags=None, verbose=False, system=False, add_to_model_list=True, metrics=None, display=<pycaret.internal.display.display.CommonDisplay object at 0x7f6cdaeb3820>, model_only=True, return_train_score=False, error_score=0.0, kwargs={})
2024-11-28 14:02:55,922:INFO:Checking exceptions
2024-11-28 14:02:55,922:INFO:Importing libraries
2024-11-28 14:02:55,922:INFO:Copying training dataset
2024-11-28 14:02:56,002:INFO:Defining folds
2024-11-28 14:02:56,003:INFO:Declaring metric variables
2024-11-28 14:02:56,012:INFO:Importing untrained model
2024-11-28 14:02:56,019:INFO:Random Forest Classifier Imported successfully
2024-11-28 14:02:56,035:INFO:Starting cross validation
2024-11-28 14:02:56,037:INFO:Cross validating with StratifiedKFold(n_splits=5, random_state=None, shuffle=False), n_jobs=-1
2024-11-28 14:03:18,596:INFO:Calculating mean and std
2024-11-28 14:03:18,597:INFO:Creating metrics dataframe
2024-11-28 14:03:18,601:INFO:Uploading results into container
2024-11-28 14:03:18,602:INFO:Uploading model into container now
2024-11-28 14:03:18,603:INFO:_master_model_container: 7
2024-11-28 14:03:18,603:INFO:_display_container: 2
2024-11-28 14:03:18,604:INFO:RandomForestClassifier(bootstrap=True, ccp_alpha=0.0, class_weight=None,
                       criterion='gini', max_depth=None, max_features='sqrt',
                       max_leaf_nodes=None, max_samples=None,
                       min_impurity_decrease=0.0, min_samples_leaf=1,
                       min_samples_split=2, min_weight_fraction_leaf=0.0,
                       monotonic_cst=None, n_estimators=100, n_jobs=-1,
                       oob_score=False, random_state=444, verbose=0,
                       warm_start=False)
2024-11-28 14:03:18,604:INFO:create_model() successfully completed......................................
2024-11-28 14:03:18,832:INFO:SubProcess create_model() end ==================================
2024-11-28 14:03:18,832:INFO:Creating metrics dataframe
2024-11-28 14:03:18,845:INFO:Initializing Quadratic Discriminant Analysis
2024-11-28 14:03:18,846:INFO:Total runtime is 0.9695909937222799 minutes
2024-11-28 14:03:18,856:INFO:SubProcess create_model() called ==================================
2024-11-28 14:03:18,857:INFO:Initializing create_model()
2024-11-28 14:03:18,857:INFO:create_model(self=<pycaret.classification.oop.ClassificationExperiment object at 0x7f6cdaeb3fd0>, estimator=qda, fold=StratifiedKFold(n_splits=5, random_state=None, shuffle=False), round=4, cross_validation=True, predict=True, fit_kwargs={}, groups=None, refit=False, probability_threshold=None, experiment_custom_tags=None, verbose=False, system=False, add_to_model_list=True, metrics=None, display=<pycaret.internal.display.display.CommonDisplay object at 0x7f6cdaeb3820>, model_only=True, return_train_score=False, error_score=0.0, kwargs={})
2024-11-28 14:03:18,857:INFO:Checking exceptions
2024-11-28 14:03:18,857:INFO:Importing libraries
2024-11-28 14:03:18,857:INFO:Copying training dataset
2024-11-28 14:03:18,947:INFO:Defining folds
2024-11-28 14:03:18,947:INFO:Declaring metric variables
2024-11-28 14:03:18,953:INFO:Importing untrained model
2024-11-28 14:03:18,966:INFO:Quadratic Discriminant Analysis Imported successfully
2024-11-28 14:03:18,982:INFO:Starting cross validation
2024-11-28 14:03:18,985:INFO:Cross validating with StratifiedKFold(n_splits=5, random_state=None, shuffle=False), n_jobs=-1
2024-11-28 14:03:19,749:WARNING:/home/damiatus/.local/lib/python3.10/site-packages/sklearn/discriminant_analysis.py:935: UserWarning: Variables are collinear
  warnings.warn("Variables are collinear")

2024-11-28 14:03:19,779:WARNING:/home/damiatus/.local/lib/python3.10/site-packages/sklearn/discriminant_analysis.py:935: UserWarning: Variables are collinear
  warnings.warn("Variables are collinear")

2024-11-28 14:03:19,793:WARNING:/home/damiatus/.local/lib/python3.10/site-packages/sklearn/discriminant_analysis.py:935: UserWarning: Variables are collinear
  warnings.warn("Variables are collinear")

2024-11-28 14:03:20,401:WARNING:/home/damiatus/.local/lib/python3.10/site-packages/sklearn/discriminant_analysis.py:935: UserWarning: Variables are collinear
  warnings.warn("Variables are collinear")

2024-11-28 14:03:21,526:WARNING:/home/damiatus/.local/lib/python3.10/site-packages/sklearn/discriminant_analysis.py:935: UserWarning: Variables are collinear
  warnings.warn("Variables are collinear")

2024-11-28 14:03:21,788:INFO:Calculating mean and std
2024-11-28 14:03:21,790:INFO:Creating metrics dataframe
2024-11-28 14:03:21,794:INFO:Uploading results into container
2024-11-28 14:03:21,796:INFO:Uploading model into container now
2024-11-28 14:03:21,797:INFO:_master_model_container: 8
2024-11-28 14:03:21,797:INFO:_display_container: 2
2024-11-28 14:03:21,798:INFO:QuadraticDiscriminantAnalysis(priors=None, reg_param=0.0,
                              store_covariance=False, tol=0.0001)
2024-11-28 14:03:21,804:INFO:create_model() successfully completed......................................
2024-11-28 14:03:22,068:INFO:SubProcess create_model() end ==================================
2024-11-28 14:03:22,068:INFO:Creating metrics dataframe
2024-11-28 14:03:22,081:INFO:Initializing Ada Boost Classifier
2024-11-28 14:03:22,082:INFO:Total runtime is 1.023522106806437 minutes
2024-11-28 14:03:22,087:INFO:SubProcess create_model() called ==================================
2024-11-28 14:03:22,088:INFO:Initializing create_model()
2024-11-28 14:03:22,089:INFO:create_model(self=<pycaret.classification.oop.ClassificationExperiment object at 0x7f6cdaeb3fd0>, estimator=ada, fold=StratifiedKFold(n_splits=5, random_state=None, shuffle=False), round=4, cross_validation=True, predict=True, fit_kwargs={}, groups=None, refit=False, probability_threshold=None, experiment_custom_tags=None, verbose=False, system=False, add_to_model_list=True, metrics=None, display=<pycaret.internal.display.display.CommonDisplay object at 0x7f6cdaeb3820>, model_only=True, return_train_score=False, error_score=0.0, kwargs={})
2024-11-28 14:03:22,089:INFO:Checking exceptions
2024-11-28 14:03:22,089:INFO:Importing libraries
2024-11-28 14:03:22,089:INFO:Copying training dataset
2024-11-28 14:03:22,178:INFO:Defining folds
2024-11-28 14:03:22,178:INFO:Declaring metric variables
2024-11-28 14:03:22,184:INFO:Importing untrained model
2024-11-28 14:03:22,194:INFO:Ada Boost Classifier Imported successfully
2024-11-28 14:03:22,205:INFO:Starting cross validation
2024-11-28 14:03:22,207:INFO:Cross validating with StratifiedKFold(n_splits=5, random_state=None, shuffle=False), n_jobs=-1
2024-11-28 14:03:22,514:WARNING:/home/damiatus/.local/lib/python3.10/site-packages/sklearn/ensemble/_weight_boosting.py:519: FutureWarning: The SAMME.R algorithm (the default) is deprecated and will be removed in 1.6. Use the SAMME algorithm to circumvent this warning.
  warnings.warn(

2024-11-28 14:03:22,548:WARNING:/home/damiatus/.local/lib/python3.10/site-packages/sklearn/ensemble/_weight_boosting.py:519: FutureWarning: The SAMME.R algorithm (the default) is deprecated and will be removed in 1.6. Use the SAMME algorithm to circumvent this warning.
  warnings.warn(

2024-11-28 14:03:22,566:WARNING:/home/damiatus/.local/lib/python3.10/site-packages/sklearn/ensemble/_weight_boosting.py:519: FutureWarning: The SAMME.R algorithm (the default) is deprecated and will be removed in 1.6. Use the SAMME algorithm to circumvent this warning.
  warnings.warn(

2024-11-28 14:03:22,595:WARNING:/home/damiatus/.local/lib/python3.10/site-packages/sklearn/ensemble/_weight_boosting.py:519: FutureWarning: The SAMME.R algorithm (the default) is deprecated and will be removed in 1.6. Use the SAMME algorithm to circumvent this warning.
  warnings.warn(

2024-11-28 14:03:31,891:WARNING:/home/damiatus/.local/lib/python3.10/site-packages/sklearn/ensemble/_weight_boosting.py:519: FutureWarning: The SAMME.R algorithm (the default) is deprecated and will be removed in 1.6. Use the SAMME algorithm to circumvent this warning.
  warnings.warn(

2024-11-28 14:03:40,116:INFO:Calculating mean and std
2024-11-28 14:03:40,118:INFO:Creating metrics dataframe
2024-11-28 14:03:40,121:INFO:Uploading results into container
2024-11-28 14:03:40,123:INFO:Uploading model into container now
2024-11-28 14:03:40,124:INFO:_master_model_container: 9
2024-11-28 14:03:40,124:INFO:_display_container: 2
2024-11-28 14:03:40,124:INFO:AdaBoostClassifier(algorithm='SAMME.R', estimator=None, learning_rate=1.0,
                   n_estimators=50, random_state=444)
2024-11-28 14:03:40,125:INFO:create_model() successfully completed......................................
2024-11-28 14:03:40,339:INFO:SubProcess create_model() end ==================================
2024-11-28 14:03:40,339:INFO:Creating metrics dataframe
2024-11-28 14:03:40,354:INFO:Initializing Gradient Boosting Classifier
2024-11-28 14:03:40,355:INFO:Total runtime is 1.3280698935190836 minutes
2024-11-28 14:03:40,361:INFO:SubProcess create_model() called ==================================
2024-11-28 14:03:40,362:INFO:Initializing create_model()
2024-11-28 14:03:40,362:INFO:create_model(self=<pycaret.classification.oop.ClassificationExperiment object at 0x7f6cdaeb3fd0>, estimator=gbc, fold=StratifiedKFold(n_splits=5, random_state=None, shuffle=False), round=4, cross_validation=True, predict=True, fit_kwargs={}, groups=None, refit=False, probability_threshold=None, experiment_custom_tags=None, verbose=False, system=False, add_to_model_list=True, metrics=None, display=<pycaret.internal.display.display.CommonDisplay object at 0x7f6cdaeb3820>, model_only=True, return_train_score=False, error_score=0.0, kwargs={})
2024-11-28 14:03:40,362:INFO:Checking exceptions
2024-11-28 14:03:40,362:INFO:Importing libraries
2024-11-28 14:03:40,362:INFO:Copying training dataset
2024-11-28 14:03:40,449:INFO:Defining folds
2024-11-28 14:03:40,450:INFO:Declaring metric variables
2024-11-28 14:03:40,456:INFO:Importing untrained model
2024-11-28 14:03:40,466:INFO:Gradient Boosting Classifier Imported successfully
2024-11-28 14:03:40,481:INFO:Starting cross validation
2024-11-28 14:03:40,483:INFO:Cross validating with StratifiedKFold(n_splits=5, random_state=None, shuffle=False), n_jobs=-1
2024-11-28 14:05:07,624:INFO:Calculating mean and std
2024-11-28 14:05:07,626:INFO:Creating metrics dataframe
2024-11-28 14:05:07,629:INFO:Uploading results into container
2024-11-28 14:05:07,630:INFO:Uploading model into container now
2024-11-28 14:05:07,631:INFO:_master_model_container: 10
2024-11-28 14:05:07,631:INFO:_display_container: 2
2024-11-28 14:05:07,632:INFO:GradientBoostingClassifier(ccp_alpha=0.0, criterion='friedman_mse', init=None,
                           learning_rate=0.1, loss='log_loss', max_depth=3,
                           max_features=None, max_leaf_nodes=None,
                           min_impurity_decrease=0.0, min_samples_leaf=1,
                           min_samples_split=2, min_weight_fraction_leaf=0.0,
                           n_estimators=100, n_iter_no_change=None,
                           random_state=444, subsample=1.0, tol=0.0001,
                           validation_fraction=0.1, verbose=0,
                           warm_start=False)
2024-11-28 14:05:07,632:INFO:create_model() successfully completed......................................
2024-11-28 14:05:07,850:INFO:SubProcess create_model() end ==================================
2024-11-28 14:05:07,851:INFO:Creating metrics dataframe
2024-11-28 14:05:07,865:INFO:Initializing Linear Discriminant Analysis
2024-11-28 14:05:07,865:INFO:Total runtime is 2.7865735928217568 minutes
2024-11-28 14:05:07,870:INFO:SubProcess create_model() called ==================================
2024-11-28 14:05:07,871:INFO:Initializing create_model()
2024-11-28 14:05:07,871:INFO:create_model(self=<pycaret.classification.oop.ClassificationExperiment object at 0x7f6cdaeb3fd0>, estimator=lda, fold=StratifiedKFold(n_splits=5, random_state=None, shuffle=False), round=4, cross_validation=True, predict=True, fit_kwargs={}, groups=None, refit=False, probability_threshold=None, experiment_custom_tags=None, verbose=False, system=False, add_to_model_list=True, metrics=None, display=<pycaret.internal.display.display.CommonDisplay object at 0x7f6cdaeb3820>, model_only=True, return_train_score=False, error_score=0.0, kwargs={})
2024-11-28 14:05:07,871:INFO:Checking exceptions
2024-11-28 14:05:07,871:INFO:Importing libraries
2024-11-28 14:05:07,871:INFO:Copying training dataset
2024-11-28 14:05:07,955:INFO:Defining folds
2024-11-28 14:05:07,955:INFO:Declaring metric variables
2024-11-28 14:05:07,961:INFO:Importing untrained model
2024-11-28 14:05:07,973:INFO:Linear Discriminant Analysis Imported successfully
2024-11-28 14:05:07,985:INFO:Starting cross validation
2024-11-28 14:05:07,991:INFO:Cross validating with StratifiedKFold(n_splits=5, random_state=None, shuffle=False), n_jobs=-1
2024-11-28 14:05:10,736:INFO:Calculating mean and std
2024-11-28 14:05:10,739:INFO:Creating metrics dataframe
2024-11-28 14:05:10,743:INFO:Uploading results into container
2024-11-28 14:05:10,744:INFO:Uploading model into container now
2024-11-28 14:05:10,745:INFO:_master_model_container: 11
2024-11-28 14:05:10,745:INFO:_display_container: 2
2024-11-28 14:05:10,746:INFO:LinearDiscriminantAnalysis(covariance_estimator=None, n_components=None,
                           priors=None, shrinkage=None, solver='svd',
                           store_covariance=False, tol=0.0001)
2024-11-28 14:05:10,746:INFO:create_model() successfully completed......................................
2024-11-28 14:05:11,052:INFO:SubProcess create_model() end ==================================
2024-11-28 14:05:11,052:INFO:Creating metrics dataframe
2024-11-28 14:05:11,066:INFO:Initializing Extra Trees Classifier
2024-11-28 14:05:11,067:INFO:Total runtime is 2.839937885602315 minutes
2024-11-28 14:05:11,073:INFO:SubProcess create_model() called ==================================
2024-11-28 14:05:11,074:INFO:Initializing create_model()
2024-11-28 14:05:11,074:INFO:create_model(self=<pycaret.classification.oop.ClassificationExperiment object at 0x7f6cdaeb3fd0>, estimator=et, fold=StratifiedKFold(n_splits=5, random_state=None, shuffle=False), round=4, cross_validation=True, predict=True, fit_kwargs={}, groups=None, refit=False, probability_threshold=None, experiment_custom_tags=None, verbose=False, system=False, add_to_model_list=True, metrics=None, display=<pycaret.internal.display.display.CommonDisplay object at 0x7f6cdaeb3820>, model_only=True, return_train_score=False, error_score=0.0, kwargs={})
2024-11-28 14:05:11,074:INFO:Checking exceptions
2024-11-28 14:05:11,074:INFO:Importing libraries
2024-11-28 14:05:11,074:INFO:Copying training dataset
2024-11-28 14:05:11,164:INFO:Defining folds
2024-11-28 14:05:11,165:INFO:Declaring metric variables
2024-11-28 14:05:11,170:INFO:Importing untrained model
2024-11-28 14:05:11,178:INFO:Extra Trees Classifier Imported successfully
2024-11-28 14:05:11,190:INFO:Starting cross validation
2024-11-28 14:05:11,194:INFO:Cross validating with StratifiedKFold(n_splits=5, random_state=None, shuffle=False), n_jobs=-1
2024-11-28 14:05:20,898:INFO:Calculating mean and std
2024-11-28 14:05:20,899:INFO:Creating metrics dataframe
2024-11-28 14:05:20,903:INFO:Uploading results into container
2024-11-28 14:05:20,904:INFO:Uploading model into container now
2024-11-28 14:05:20,904:INFO:_master_model_container: 12
2024-11-28 14:05:20,905:INFO:_display_container: 2
2024-11-28 14:05:20,905:INFO:ExtraTreesClassifier(bootstrap=False, ccp_alpha=0.0, class_weight=None,
                     criterion='gini', max_depth=None, max_features='sqrt',
                     max_leaf_nodes=None, max_samples=None,
                     min_impurity_decrease=0.0, min_samples_leaf=1,
                     min_samples_split=2, min_weight_fraction_leaf=0.0,
                     monotonic_cst=None, n_estimators=100, n_jobs=-1,
                     oob_score=False, random_state=444, verbose=0,
                     warm_start=False)
2024-11-28 14:05:20,906:INFO:create_model() successfully completed......................................
2024-11-28 14:05:21,160:INFO:SubProcess create_model() end ==================================
2024-11-28 14:05:21,160:INFO:Creating metrics dataframe
2024-11-28 14:05:21,174:INFO:Initializing Extreme Gradient Boosting
2024-11-28 14:05:21,174:INFO:Total runtime is 3.0084029197692868 minutes
2024-11-28 14:05:21,180:INFO:SubProcess create_model() called ==================================
2024-11-28 14:05:21,181:INFO:Initializing create_model()
2024-11-28 14:05:21,181:INFO:create_model(self=<pycaret.classification.oop.ClassificationExperiment object at 0x7f6cdaeb3fd0>, estimator=xgboost, fold=StratifiedKFold(n_splits=5, random_state=None, shuffle=False), round=4, cross_validation=True, predict=True, fit_kwargs={}, groups=None, refit=False, probability_threshold=None, experiment_custom_tags=None, verbose=False, system=False, add_to_model_list=True, metrics=None, display=<pycaret.internal.display.display.CommonDisplay object at 0x7f6cdaeb3820>, model_only=True, return_train_score=False, error_score=0.0, kwargs={})
2024-11-28 14:05:21,181:INFO:Checking exceptions
2024-11-28 14:05:21,181:INFO:Importing libraries
2024-11-28 14:05:21,181:INFO:Copying training dataset
2024-11-28 14:05:21,269:INFO:Defining folds
2024-11-28 14:05:21,269:INFO:Declaring metric variables
2024-11-28 14:05:21,275:INFO:Importing untrained model
2024-11-28 14:05:21,281:INFO:Extreme Gradient Boosting Imported successfully
2024-11-28 14:05:21,297:INFO:Starting cross validation
2024-11-28 14:05:21,303:INFO:Cross validating with StratifiedKFold(n_splits=5, random_state=None, shuffle=False), n_jobs=-1
2024-11-28 14:05:27,026:INFO:Calculating mean and std
2024-11-28 14:05:27,028:INFO:Creating metrics dataframe
2024-11-28 14:05:27,031:INFO:Uploading results into container
2024-11-28 14:05:27,032:INFO:Uploading model into container now
2024-11-28 14:05:27,033:INFO:_master_model_container: 13
2024-11-28 14:05:27,034:INFO:_display_container: 2
2024-11-28 14:05:27,041:INFO:XGBClassifier(base_score=None, booster='gbtree', callbacks=None,
              colsample_bylevel=None, colsample_bynode=None,
              colsample_bytree=None, device='cpu', early_stopping_rounds=None,
              enable_categorical=False, eval_metric=None, feature_types=None,
              gamma=None, grow_policy=None, importance_type=None,
              interaction_constraints=None, learning_rate=None, max_bin=None,
              max_cat_threshold=None, max_cat_to_onehot=None,
              max_delta_step=None, max_depth=None, max_leaves=None,
              min_child_weight=None, missing=nan, monotone_constraints=None,
              multi_strategy=None, n_estimators=None, n_jobs=-1,
              num_parallel_tree=None, objective='binary:logistic', ...)
2024-11-28 14:05:27,041:INFO:create_model() successfully completed......................................
2024-11-28 14:05:27,255:INFO:SubProcess create_model() end ==================================
2024-11-28 14:05:27,256:INFO:Creating metrics dataframe
2024-11-28 14:05:27,269:INFO:Initializing Light Gradient Boosting Machine
2024-11-28 14:05:27,270:INFO:Total runtime is 3.109987962245941 minutes
2024-11-28 14:05:27,275:INFO:SubProcess create_model() called ==================================
2024-11-28 14:05:27,277:INFO:Initializing create_model()
2024-11-28 14:05:27,278:INFO:create_model(self=<pycaret.classification.oop.ClassificationExperiment object at 0x7f6cdaeb3fd0>, estimator=lightgbm, fold=StratifiedKFold(n_splits=5, random_state=None, shuffle=False), round=4, cross_validation=True, predict=True, fit_kwargs={}, groups=None, refit=False, probability_threshold=None, experiment_custom_tags=None, verbose=False, system=False, add_to_model_list=True, metrics=None, display=<pycaret.internal.display.display.CommonDisplay object at 0x7f6cdaeb3820>, model_only=True, return_train_score=False, error_score=0.0, kwargs={})
2024-11-28 14:05:27,278:INFO:Checking exceptions
2024-11-28 14:05:27,278:INFO:Importing libraries
2024-11-28 14:05:27,278:INFO:Copying training dataset
2024-11-28 14:05:27,360:INFO:Defining folds
2024-11-28 14:05:27,360:INFO:Declaring metric variables
2024-11-28 14:05:27,366:INFO:Importing untrained model
2024-11-28 14:05:27,373:INFO:Light Gradient Boosting Machine Imported successfully
2024-11-28 14:05:27,390:INFO:Starting cross validation
2024-11-28 14:05:27,398:INFO:Cross validating with StratifiedKFold(n_splits=5, random_state=None, shuffle=False), n_jobs=-1
2024-11-28 14:12:15,934:INFO:Calculating mean and std
2024-11-28 14:12:15,936:INFO:Creating metrics dataframe
2024-11-28 14:12:15,939:INFO:Uploading results into container
2024-11-28 14:12:15,940:INFO:Uploading model into container now
2024-11-28 14:12:15,941:INFO:_master_model_container: 14
2024-11-28 14:12:15,941:INFO:_display_container: 2
2024-11-28 14:12:15,942:INFO:LGBMClassifier(boosting_type='gbdt', class_weight=None, colsample_bytree=1.0,
               importance_type='split', learning_rate=0.1, max_depth=-1,
               min_child_samples=20, min_child_weight=0.001, min_split_gain=0.0,
               n_estimators=100, n_jobs=-1, num_leaves=31, objective=None,
               random_state=444, reg_alpha=0.0, reg_lambda=0.0, subsample=1.0,
               subsample_for_bin=200000, subsample_freq=0)
2024-11-28 14:12:15,943:INFO:create_model() successfully completed......................................
2024-11-28 14:12:16,244:INFO:SubProcess create_model() end ==================================
2024-11-28 14:12:16,244:INFO:Creating metrics dataframe
2024-11-28 14:12:16,259:INFO:Initializing CatBoost Classifier
2024-11-28 14:12:16,259:INFO:Total runtime is 9.926482919851939 minutes
2024-11-28 14:12:16,265:INFO:SubProcess create_model() called ==================================
2024-11-28 14:12:16,266:INFO:Initializing create_model()
2024-11-28 14:12:16,266:INFO:create_model(self=<pycaret.classification.oop.ClassificationExperiment object at 0x7f6cdaeb3fd0>, estimator=catboost, fold=StratifiedKFold(n_splits=5, random_state=None, shuffle=False), round=4, cross_validation=True, predict=True, fit_kwargs={}, groups=None, refit=False, probability_threshold=None, experiment_custom_tags=None, verbose=False, system=False, add_to_model_list=True, metrics=None, display=<pycaret.internal.display.display.CommonDisplay object at 0x7f6cdaeb3820>, model_only=True, return_train_score=False, error_score=0.0, kwargs={})
2024-11-28 14:12:16,266:INFO:Checking exceptions
2024-11-28 14:12:16,267:INFO:Importing libraries
2024-11-28 14:12:16,267:INFO:Copying training dataset
2024-11-28 14:12:16,355:INFO:Defining folds
2024-11-28 14:12:16,355:INFO:Declaring metric variables
2024-11-28 14:12:16,361:INFO:Importing untrained model
2024-11-28 14:12:16,373:INFO:CatBoost Classifier Imported successfully
2024-11-28 14:12:16,388:INFO:Starting cross validation
2024-11-28 14:12:16,391:INFO:Cross validating with StratifiedKFold(n_splits=5, random_state=None, shuffle=False), n_jobs=-1
2024-11-28 14:13:39,338:INFO:Calculating mean and std
2024-11-28 14:13:39,340:INFO:Creating metrics dataframe
2024-11-28 14:13:39,343:INFO:Uploading results into container
2024-11-28 14:13:39,344:INFO:Uploading model into container now
2024-11-28 14:13:39,345:INFO:_master_model_container: 15
2024-11-28 14:13:39,346:INFO:_display_container: 2
2024-11-28 14:13:39,346:INFO:<catboost.core.CatBoostClassifier object at 0x7f6cc06ad990>
2024-11-28 14:13:39,346:INFO:create_model() successfully completed......................................
2024-11-28 14:13:39,571:INFO:SubProcess create_model() end ==================================
2024-11-28 14:13:39,571:INFO:Creating metrics dataframe
2024-11-28 14:13:39,589:INFO:Initializing Dummy Classifier
2024-11-28 14:13:39,589:INFO:Total runtime is 11.315314714113871 minutes
2024-11-28 14:13:39,595:INFO:SubProcess create_model() called ==================================
2024-11-28 14:13:39,596:INFO:Initializing create_model()
2024-11-28 14:13:39,596:INFO:create_model(self=<pycaret.classification.oop.ClassificationExperiment object at 0x7f6cdaeb3fd0>, estimator=dummy, fold=StratifiedKFold(n_splits=5, random_state=None, shuffle=False), round=4, cross_validation=True, predict=True, fit_kwargs={}, groups=None, refit=False, probability_threshold=None, experiment_custom_tags=None, verbose=False, system=False, add_to_model_list=True, metrics=None, display=<pycaret.internal.display.display.CommonDisplay object at 0x7f6cdaeb3820>, model_only=True, return_train_score=False, error_score=0.0, kwargs={})
2024-11-28 14:13:39,596:INFO:Checking exceptions
2024-11-28 14:13:39,596:INFO:Importing libraries
2024-11-28 14:13:39,596:INFO:Copying training dataset
2024-11-28 14:13:39,686:INFO:Defining folds
2024-11-28 14:13:39,687:INFO:Declaring metric variables
2024-11-28 14:13:39,693:INFO:Importing untrained model
2024-11-28 14:13:39,699:INFO:Dummy Classifier Imported successfully
2024-11-28 14:13:39,718:INFO:Starting cross validation
2024-11-28 14:13:39,720:INFO:Cross validating with StratifiedKFold(n_splits=5, random_state=None, shuffle=False), n_jobs=-1
2024-11-28 14:14:02,150:INFO:Calculating mean and std
2024-11-28 14:14:12,184:INFO:Creating metrics dataframe
2024-11-28 14:14:12,191:INFO:Uploading results into container
2024-11-28 14:14:12,192:INFO:Uploading model into container now
2024-11-28 14:14:12,192:INFO:_master_model_container: 16
2024-11-28 14:14:12,192:INFO:_display_container: 2
2024-11-28 14:14:12,192:INFO:DummyClassifier(constant=None, random_state=444, strategy='prior')
2024-11-28 14:14:12,192:INFO:create_model() successfully completed......................................
2024-11-28 14:14:12,411:INFO:SubProcess create_model() end ==================================
2024-11-28 14:14:12,411:INFO:Creating metrics dataframe
2024-11-28 14:14:12,427:WARNING:/home/damiatus/.local/lib/python3.10/site-packages/pycaret/internal/pycaret_experiment/supervised_experiment.py:323: FutureWarning: Styler.applymap has been deprecated. Use Styler.map instead.
  master_display_.apply(

2024-11-28 14:14:12,449:INFO:Initializing create_model()
2024-11-28 14:14:12,449:INFO:create_model(self=<pycaret.classification.oop.ClassificationExperiment object at 0x7f6cdaeb3fd0>, estimator=RandomForestClassifier(bootstrap=True, ccp_alpha=0.0, class_weight=None,
                       criterion='gini', max_depth=None, max_features='sqrt',
                       max_leaf_nodes=None, max_samples=None,
                       min_impurity_decrease=0.0, min_samples_leaf=1,
                       min_samples_split=2, min_weight_fraction_leaf=0.0,
                       monotonic_cst=None, n_estimators=100, n_jobs=-1,
                       oob_score=False, random_state=444, verbose=0,
                       warm_start=False), fold=StratifiedKFold(n_splits=5, random_state=None, shuffle=False), round=4, cross_validation=False, predict=False, fit_kwargs={}, groups=None, refit=True, probability_threshold=None, experiment_custom_tags=None, verbose=False, system=False, add_to_model_list=True, metrics=None, display=None, model_only=True, return_train_score=False, error_score=0.0, kwargs={})
2024-11-28 14:14:12,449:INFO:Checking exceptions
2024-11-28 14:14:12,452:INFO:Importing libraries
2024-11-28 14:14:12,452:INFO:Copying training dataset
2024-11-28 14:14:12,532:INFO:Defining folds
2024-11-28 14:14:12,532:INFO:Declaring metric variables
2024-11-28 14:14:12,532:INFO:Importing untrained model
2024-11-28 14:14:12,533:INFO:Declaring custom model
2024-11-28 14:14:12,534:INFO:Random Forest Classifier Imported successfully
2024-11-28 14:14:12,535:INFO:Cross validation set to False
2024-11-28 14:14:12,535:INFO:Fitting Model
2024-11-28 14:14:18,289:INFO:RandomForestClassifier(bootstrap=True, ccp_alpha=0.0, class_weight=None,
                       criterion='gini', max_depth=None, max_features='sqrt',
                       max_leaf_nodes=None, max_samples=None,
                       min_impurity_decrease=0.0, min_samples_leaf=1,
                       min_samples_split=2, min_weight_fraction_leaf=0.0,
                       monotonic_cst=None, n_estimators=100, n_jobs=-1,
                       oob_score=False, random_state=444, verbose=0,
                       warm_start=False)
2024-11-28 14:14:18,289:INFO:create_model() successfully completed......................................
2024-11-28 14:14:18,558:INFO:_master_model_container: 16
2024-11-28 14:14:18,558:INFO:_display_container: 2
2024-11-28 14:14:18,558:INFO:RandomForestClassifier(bootstrap=True, ccp_alpha=0.0, class_weight=None,
                       criterion='gini', max_depth=None, max_features='sqrt',
                       max_leaf_nodes=None, max_samples=None,
                       min_impurity_decrease=0.0, min_samples_leaf=1,
                       min_samples_split=2, min_weight_fraction_leaf=0.0,
                       monotonic_cst=None, n_estimators=100, n_jobs=-1,
                       oob_score=False, random_state=444, verbose=0,
                       warm_start=False)
2024-11-28 14:14:18,559:INFO:compare_models() successfully completed......................................
2024-11-28 14:14:18,610:INFO:Initializing finalize_model()
2024-11-28 14:14:18,611:INFO:finalize_model(self=<pycaret.classification.oop.ClassificationExperiment object at 0x7f6cdaeb3fd0>, estimator=RandomForestClassifier(bootstrap=True, ccp_alpha=0.0, class_weight=None,
                       criterion='gini', max_depth=None, max_features='sqrt',
                       max_leaf_nodes=None, max_samples=None,
                       min_impurity_decrease=0.0, min_samples_leaf=1,
                       min_samples_split=2, min_weight_fraction_leaf=0.0,
                       monotonic_cst=None, n_estimators=100, n_jobs=-1,
                       oob_score=False, random_state=444, verbose=0,
                       warm_start=False), fit_kwargs=None, groups=None, model_only=False, experiment_custom_tags=None)
2024-11-28 14:14:18,611:INFO:Finalizing RandomForestClassifier(bootstrap=True, ccp_alpha=0.0, class_weight=None,
                       criterion='gini', max_depth=None, max_features='sqrt',
                       max_leaf_nodes=None, max_samples=None,
                       min_impurity_decrease=0.0, min_samples_leaf=1,
                       min_samples_split=2, min_weight_fraction_leaf=0.0,
                       monotonic_cst=None, n_estimators=100, n_jobs=-1,
                       oob_score=False, random_state=444, verbose=0,
                       warm_start=False)
2024-11-28 14:14:18,682:INFO:Initializing create_model()
2024-11-28 14:14:18,682:INFO:create_model(self=<pycaret.classification.oop.ClassificationExperiment object at 0x7f6cdaeb3fd0>, estimator=RandomForestClassifier(bootstrap=True, ccp_alpha=0.0, class_weight=None,
                       criterion='gini', max_depth=None, max_features='sqrt',
                       max_leaf_nodes=None, max_samples=None,
                       min_impurity_decrease=0.0, min_samples_leaf=1,
                       min_samples_split=2, min_weight_fraction_leaf=0.0,
                       monotonic_cst=None, n_estimators=100, n_jobs=-1,
                       oob_score=False, random_state=444, verbose=0,
                       warm_start=False), fold=None, round=4, cross_validation=False, predict=False, fit_kwargs={}, groups=None, refit=True, probability_threshold=None, experiment_custom_tags=None, verbose=False, system=False, add_to_model_list=False, metrics=None, display=None, model_only=False, return_train_score=False, error_score=0.0, kwargs={})
2024-11-28 14:14:18,682:INFO:Checking exceptions
2024-11-28 14:14:18,684:INFO:Importing libraries
2024-11-28 14:14:18,685:INFO:Copying training dataset
2024-11-28 14:14:18,696:INFO:Defining folds
2024-11-28 14:14:18,696:INFO:Declaring metric variables
2024-11-28 14:14:18,696:INFO:Importing untrained model
2024-11-28 14:14:18,696:INFO:Declaring custom model
2024-11-28 14:14:18,697:INFO:Random Forest Classifier Imported successfully
2024-11-28 14:14:18,699:INFO:Cross validation set to False
2024-11-28 14:14:18,700:INFO:Fitting Model
2024-11-28 14:14:28,518:INFO:Pipeline(memory=Memory(location=None),
         steps=[('date_feature_extractor',
                 TransformerWrapper(exclude=None,
                                    include=['borrow_timestamp',
                                             'first_tx_timestamp',
                                             'last_tx_timestamp'],
                                    transformer=ExtractDateTimeFeatures(features=['day',
                                                                                  'month',
                                                                                  'year']))),
                ('numerical_imputer',
                 TransformerWrapper(exclude=None,
                                    include=['wallet_age', 'incoming_tx_count',
                                             'outgoing_t...
                 RandomForestClassifier(bootstrap=True, ccp_alpha=0.0,
                                        class_weight=None, criterion='gini',
                                        max_depth=None, max_features='sqrt',
                                        max_leaf_nodes=None, max_samples=None,
                                        min_impurity_decrease=0.0,
                                        min_samples_leaf=1, min_samples_split=2,
                                        min_weight_fraction_leaf=0.0,
                                        monotonic_cst=None, n_estimators=100,
                                        n_jobs=-1, oob_score=False,
                                        random_state=444, verbose=0,
                                        warm_start=False))],
         verbose=False)
2024-11-28 14:14:28,518:INFO:create_model() successfully completed......................................
2024-11-28 14:14:28,736:INFO:_master_model_container: 16
2024-11-28 14:14:28,736:INFO:_display_container: 2
2024-11-28 14:14:28,767:INFO:Pipeline(memory=Memory(location=None),
         steps=[('date_feature_extractor',
                 TransformerWrapper(exclude=None,
                                    include=['borrow_timestamp',
                                             'first_tx_timestamp',
                                             'last_tx_timestamp'],
                                    transformer=ExtractDateTimeFeatures(features=['day',
                                                                                  'month',
                                                                                  'year']))),
                ('numerical_imputer',
                 TransformerWrapper(exclude=None,
                                    include=['wallet_age', 'incoming_tx_count',
                                             'outgoing_t...
                 RandomForestClassifier(bootstrap=True, ccp_alpha=0.0,
                                        class_weight=None, criterion='gini',
                                        max_depth=None, max_features='sqrt',
                                        max_leaf_nodes=None, max_samples=None,
                                        min_impurity_decrease=0.0,
                                        min_samples_leaf=1, min_samples_split=2,
                                        min_weight_fraction_leaf=0.0,
                                        monotonic_cst=None, n_estimators=100,
                                        n_jobs=-1, oob_score=False,
                                        random_state=444, verbose=0,
                                        warm_start=False))],
         verbose=False)
2024-11-28 14:14:28,767:INFO:finalize_model() successfully completed......................................
2024-11-28 14:38:22,495:INFO:Initializing create_model()
2024-11-28 14:38:22,555:INFO:create_model(self=<pycaret.classification.oop.ClassificationExperiment object at 0x7f6cdaeb3fd0>, estimator=rf, fold=None, round=4, cross_validation=True, predict=True, fit_kwargs=None, groups=None, refit=True, probability_threshold=None, experiment_custom_tags=None, verbose=True, system=True, add_to_model_list=True, metrics=None, display=None, model_only=True, return_train_score=False, error_score=0.0, kwargs={})
2024-11-28 14:38:22,555:INFO:Checking exceptions
2024-11-28 14:38:23,150:INFO:Importing libraries
2024-11-28 14:38:23,179:INFO:Copying training dataset
2024-11-28 14:38:25,114:INFO:Defining folds
2024-11-28 14:38:25,122:INFO:Declaring metric variables
2024-11-28 14:38:25,151:INFO:Importing untrained model
2024-11-28 14:38:25,171:INFO:Random Forest Classifier Imported successfully
2024-11-28 14:38:25,222:INFO:Starting cross validation
2024-11-28 14:38:25,437:INFO:Cross validating with StratifiedKFold(n_splits=5, random_state=None, shuffle=False), n_jobs=-1
2024-11-28 14:39:06,970:INFO:Calculating mean and std
2024-11-28 14:39:06,980:INFO:Creating metrics dataframe
2024-11-28 14:39:07,038:INFO:Finalizing model
2024-11-28 14:39:19,438:INFO:Uploading results into container
2024-11-28 14:39:19,449:INFO:Uploading model into container now
2024-11-28 14:39:19,559:INFO:_master_model_container: 17
2024-11-28 14:39:19,560:INFO:_display_container: 3
2024-11-28 14:39:19,573:INFO:RandomForestClassifier(bootstrap=True, ccp_alpha=0.0, class_weight=None,
                       criterion='gini', max_depth=None, max_features='sqrt',
                       max_leaf_nodes=None, max_samples=None,
                       min_impurity_decrease=0.0, min_samples_leaf=1,
                       min_samples_split=2, min_weight_fraction_leaf=0.0,
                       monotonic_cst=None, n_estimators=100, n_jobs=-1,
                       oob_score=False, random_state=444, verbose=0,
                       warm_start=False)
2024-11-28 14:39:19,573:INFO:create_model() successfully completed......................................
2024-11-28 14:41:59,525:INFO:Initializing tune_model()
2024-11-28 14:41:59,525:INFO:tune_model(estimator=RandomForestClassifier(bootstrap=True, ccp_alpha=0.0, class_weight=None,
                       criterion='gini', max_depth=None, max_features='sqrt',
                       max_leaf_nodes=None, max_samples=None,
                       min_impurity_decrease=0.0, min_samples_leaf=1,
                       min_samples_split=2, min_weight_fraction_leaf=0.0,
                       monotonic_cst=None, n_estimators=100, n_jobs=-1,
                       oob_score=False, random_state=444, verbose=0,
                       warm_start=False), fold=None, round=4, n_iter=10, custom_grid=None, optimize=Accuracy, custom_scorer=None, search_library=scikit-learn, search_algorithm=None, early_stopping=False, early_stopping_max_iters=10, choose_better=True, fit_kwargs=None, groups=None, return_tuner=False, verbose=True, tuner_verbose=True, return_train_score=False, kwargs={}, self=<pycaret.classification.oop.ClassificationExperiment object at 0x7f6cdaeb3fd0>)
2024-11-28 14:41:59,525:INFO:Checking exceptions
2024-11-28 14:42:00,021:INFO:Copying training dataset
2024-11-28 14:42:00,447:INFO:Checking base model
2024-11-28 14:42:00,447:INFO:Base model : Random Forest Classifier
2024-11-28 14:42:00,462:INFO:Declaring metric variables
2024-11-28 14:42:00,467:INFO:Defining Hyperparameters
2024-11-28 14:42:00,868:INFO:Tuning with n_jobs=-1
2024-11-28 14:42:00,868:INFO:Initializing RandomizedSearchCV
2024-11-28 14:50:12,911:ERROR:
'explainerdashboard' is a soft dependency and not included in the pycaret installation. Please run: `pip install explainerdashboard` to install.
Alternately, you can install this by running `pip install pycaret[analysis]`
NoneType: None
2024-11-28 14:50:52,140:ERROR:
'explainerdashboard' is a soft dependency and not included in the pycaret installation. Please run: `pip install explainerdashboard` to install.
Alternately, you can install this by running `pip install pycaret[analysis]`
NoneType: None
2024-11-28 14:52:15,664:ERROR:
'explainerdashboard' is a soft dependency and not included in the pycaret installation. Please run: `pip install explainerdashboard` to install.
Alternately, you can install this by running `pip install pycaret[analysis]`
NoneType: None
2024-11-28 14:52:50,061:ERROR:
'explainerdashboard' is a soft dependency and not included in the pycaret installation. Please run: `pip install explainerdashboard` to install.
Alternately, you can install this by running `pip install pycaret[analysis]`
NoneType: None
2024-11-28 14:55:00,016:ERROR:
'explainerdashboard' is a soft dependency and not included in the pycaret installation. Please run: `pip install explainerdashboard` to install.
Alternately, you can install this by running `pip install pycaret[analysis]`
NoneType: None
2024-11-28 14:57:28,316:INFO:Initializing tune_model()
2024-11-28 14:57:28,317:INFO:tune_model(estimator=RandomForestClassifier(bootstrap=True, ccp_alpha=0.0, class_weight=None,
                       criterion='gini', max_depth=None, max_features='sqrt',
                       max_leaf_nodes=None, max_samples=None,
                       min_impurity_decrease=0.0, min_samples_leaf=1,
                       min_samples_split=2, min_weight_fraction_leaf=0.0,
                       monotonic_cst=None, n_estimators=100, n_jobs=-1,
                       oob_score=False, random_state=444, verbose=0,
                       warm_start=False), fold=None, round=4, n_iter=10, custom_grid=None, optimize=Accuracy, custom_scorer=None, search_library=scikit-learn, search_algorithm=None, early_stopping=False, early_stopping_max_iters=10, choose_better=True, fit_kwargs=None, groups=None, return_tuner=False, verbose=True, tuner_verbose=True, return_train_score=False, kwargs={}, self=<pycaret.classification.oop.ClassificationExperiment object at 0x7f6cdaeb3fd0>)
2024-11-28 14:57:28,317:INFO:Checking exceptions
2024-11-28 14:57:28,433:INFO:Copying training dataset
2024-11-28 14:57:28,594:INFO:Checking base model
2024-11-28 14:57:28,594:INFO:Base model : Random Forest Classifier
2024-11-28 14:57:28,600:INFO:Declaring metric variables
2024-11-28 14:57:28,616:INFO:Defining Hyperparameters
2024-11-28 14:57:28,888:INFO:Tuning with n_jobs=-1
2024-11-28 14:57:28,888:INFO:Initializing RandomizedSearchCV
2024-11-28 14:57:39,057:ERROR:
'explainerdashboard' is a soft dependency and not included in the pycaret installation. Please run: `pip install explainerdashboard` to install.
Alternately, you can install this by running `pip install pycaret[analysis]`
NoneType: None
2024-11-28 14:57:47,096:ERROR:
'explainerdashboard' is a soft dependency and not included in the pycaret installation. Please run: `pip install explainerdashboard` to install.
Alternately, you can install this by running `pip install pycaret[analysis]`
NoneType: None
2024-11-28 14:57:55,347:INFO:Initializing create_model()
2024-11-28 14:57:55,348:INFO:create_model(self=<pycaret.classification.oop.ClassificationExperiment object at 0x7f6cdaeb3fd0>, estimator=rf, fold=10, round=4, cross_validation=True, predict=True, fit_kwargs=None, groups=None, refit=True, probability_threshold=None, experiment_custom_tags=None, verbose=True, system=True, add_to_model_list=True, metrics=None, display=None, model_only=True, return_train_score=False, error_score=0.0, kwargs={})
2024-11-28 14:57:55,348:INFO:Checking exceptions
2024-11-28 14:57:55,506:INFO:Importing libraries
2024-11-28 14:57:55,507:INFO:Copying training dataset
2024-11-28 14:57:55,788:INFO:Defining folds
2024-11-28 14:57:55,789:INFO:Declaring metric variables
2024-11-28 14:57:55,794:INFO:Importing untrained model
2024-11-28 14:57:55,801:INFO:Random Forest Classifier Imported successfully
2024-11-28 14:57:55,821:INFO:Starting cross validation
2024-11-28 14:57:55,824:INFO:Cross validating with StratifiedKFold(n_splits=10, random_state=None, shuffle=False), n_jobs=-1
2024-11-28 15:00:23,984:INFO:Calculating mean and std
2024-11-28 15:00:23,989:INFO:Creating metrics dataframe
2024-11-28 15:00:24,003:INFO:Finalizing model
2024-11-28 15:00:37,728:INFO:Uploading results into container
2024-11-28 15:00:37,730:INFO:Uploading model into container now
2024-11-28 15:00:37,764:INFO:_master_model_container: 18
2024-11-28 15:00:37,765:INFO:_display_container: 4
2024-11-28 15:00:37,765:INFO:RandomForestClassifier(bootstrap=True, ccp_alpha=0.0, class_weight=None,
                       criterion='gini', max_depth=None, max_features='sqrt',
                       max_leaf_nodes=None, max_samples=None,
                       min_impurity_decrease=0.0, min_samples_leaf=1,
                       min_samples_split=2, min_weight_fraction_leaf=0.0,
                       monotonic_cst=None, n_estimators=100, n_jobs=-1,
                       oob_score=False, random_state=444, verbose=0,
                       warm_start=False)
2024-11-28 15:00:37,765:INFO:create_model() successfully completed......................................
2024-11-28 15:00:47,700:ERROR:
'explainerdashboard' is a soft dependency and not included in the pycaret installation. Please run: `pip install explainerdashboard` to install.
Alternately, you can install this by running `pip install pycaret[analysis]`
NoneType: None
2024-11-28 15:00:52,212:INFO:Initializing tune_model()
2024-11-28 15:00:52,213:INFO:tune_model(estimator=RandomForestClassifier(bootstrap=True, ccp_alpha=0.0, class_weight=None,
                       criterion='gini', max_depth=None, max_features='sqrt',
                       max_leaf_nodes=None, max_samples=None,
                       min_impurity_decrease=0.0, min_samples_leaf=1,
                       min_samples_split=2, min_weight_fraction_leaf=0.0,
                       monotonic_cst=None, n_estimators=100, n_jobs=-1,
                       oob_score=False, random_state=444, verbose=0,
                       warm_start=False), fold=10, round=4, n_iter=10, custom_grid=None, optimize=Accuracy, custom_scorer=None, search_library=scikit-learn, search_algorithm=None, early_stopping=False, early_stopping_max_iters=10, choose_better=True, fit_kwargs=None, groups=None, return_tuner=False, verbose=True, tuner_verbose=True, return_train_score=False, kwargs={}, self=<pycaret.classification.oop.ClassificationExperiment object at 0x7f6cdaeb3fd0>)
2024-11-28 15:00:52,213:INFO:Checking exceptions
2024-11-28 15:00:52,348:INFO:Copying training dataset
2024-11-28 15:00:52,455:INFO:Checking base model
2024-11-28 15:00:52,455:INFO:Base model : Random Forest Classifier
2024-11-28 15:00:52,462:INFO:Declaring metric variables
2024-11-28 15:00:52,479:INFO:Defining Hyperparameters
2024-11-28 15:00:52,868:INFO:Tuning with n_jobs=-1
2024-11-28 15:00:52,868:INFO:Initializing RandomizedSearchCV
2024-11-28 15:45:00,261:INFO:best_params: {'actual_estimator__n_estimators': 240, 'actual_estimator__min_samples_split': 10, 'actual_estimator__min_samples_leaf': 6, 'actual_estimator__min_impurity_decrease': 0.001, 'actual_estimator__max_features': 1.0, 'actual_estimator__max_depth': 7, 'actual_estimator__criterion': 'gini', 'actual_estimator__class_weight': {}, 'actual_estimator__bootstrap': False}
2024-11-28 15:45:00,344:INFO:Hyperparameter search completed
2024-11-28 15:45:00,354:INFO:SubProcess create_model() called ==================================
2024-11-28 15:45:00,385:INFO:Initializing create_model()
2024-11-28 15:45:00,402:INFO:create_model(self=<pycaret.classification.oop.ClassificationExperiment object at 0x7f6cdaeb3fd0>, estimator=RandomForestClassifier(bootstrap=True, ccp_alpha=0.0, class_weight=None,
                       criterion='gini', max_depth=None, max_features='sqrt',
                       max_leaf_nodes=None, max_samples=None,
                       min_impurity_decrease=0.0, min_samples_leaf=1,
                       min_samples_split=2, min_weight_fraction_leaf=0.0,
                       monotonic_cst=None, n_estimators=100, n_jobs=-1,
                       oob_score=False, random_state=444, verbose=0,
                       warm_start=False), fold=StratifiedKFold(n_splits=10, random_state=None, shuffle=False), round=4, cross_validation=True, predict=True, fit_kwargs={}, groups=None, refit=True, probability_threshold=None, experiment_custom_tags=None, verbose=True, system=False, add_to_model_list=True, metrics=None, display=<pycaret.internal.display.display.CommonDisplay object at 0x7f6c72f4d000>, model_only=True, return_train_score=False, error_score=0.0, kwargs={'n_estimators': 240, 'min_samples_split': 10, 'min_samples_leaf': 6, 'min_impurity_decrease': 0.001, 'max_features': 1.0, 'max_depth': 7, 'criterion': 'gini', 'class_weight': {}, 'bootstrap': False})
2024-11-28 15:45:00,407:INFO:Checking exceptions
2024-11-28 15:45:00,409:INFO:Importing libraries
2024-11-28 15:45:00,414:INFO:Copying training dataset
2024-11-28 15:45:01,476:INFO:Defining folds
2024-11-28 15:45:01,477:INFO:Declaring metric variables
2024-11-28 15:45:01,546:INFO:Importing untrained model
2024-11-28 15:45:01,547:INFO:Declaring custom model
2024-11-28 15:45:01,728:INFO:Random Forest Classifier Imported successfully
2024-11-28 15:45:01,776:INFO:Starting cross validation
2024-11-28 15:45:01,815:INFO:Cross validating with StratifiedKFold(n_splits=10, random_state=None, shuffle=False), n_jobs=-1
2024-11-28 15:56:36,042:INFO:Calculating mean and std
2024-11-28 15:56:36,046:INFO:Creating metrics dataframe
2024-11-28 15:56:36,087:INFO:Finalizing model
2024-11-28 15:57:51,933:INFO:Uploading results into container
2024-11-28 15:57:51,940:INFO:Uploading model into container now
2024-11-28 15:57:51,946:INFO:_master_model_container: 19
2024-11-28 15:57:51,946:INFO:_display_container: 5
2024-11-28 15:57:51,947:INFO:RandomForestClassifier(bootstrap=False, ccp_alpha=0.0, class_weight={},
                       criterion='gini', max_depth=7, max_features=1.0,
                       max_leaf_nodes=None, max_samples=None,
                       min_impurity_decrease=0.001, min_samples_leaf=6,
                       min_samples_split=10, min_weight_fraction_leaf=0.0,
                       monotonic_cst=None, n_estimators=240, n_jobs=-1,
                       oob_score=False, random_state=444, verbose=0,
                       warm_start=False)
2024-11-28 15:57:51,948:INFO:create_model() successfully completed......................................
2024-11-28 15:57:54,924:INFO:SubProcess create_model() end ==================================
2024-11-28 15:57:54,924:INFO:choose_better activated
2024-11-28 15:57:54,929:INFO:SubProcess create_model() called ==================================
2024-11-28 15:57:54,931:INFO:Initializing create_model()
2024-11-28 15:57:54,932:INFO:create_model(self=<pycaret.classification.oop.ClassificationExperiment object at 0x7f6cdaeb3fd0>, estimator=RandomForestClassifier(bootstrap=True, ccp_alpha=0.0, class_weight=None,
                       criterion='gini', max_depth=None, max_features='sqrt',
                       max_leaf_nodes=None, max_samples=None,
                       min_impurity_decrease=0.0, min_samples_leaf=1,
                       min_samples_split=2, min_weight_fraction_leaf=0.0,
                       monotonic_cst=None, n_estimators=100, n_jobs=-1,
                       oob_score=False, random_state=444, verbose=0,
                       warm_start=False), fold=StratifiedKFold(n_splits=10, random_state=None, shuffle=False), round=4, cross_validation=True, predict=True, fit_kwargs={}, groups=None, refit=True, probability_threshold=None, experiment_custom_tags=None, verbose=False, system=False, add_to_model_list=True, metrics=None, display=None, model_only=True, return_train_score=False, error_score=0.0, kwargs={})
2024-11-28 15:57:54,932:INFO:Checking exceptions
2024-11-28 15:57:54,948:INFO:Importing libraries
2024-11-28 15:57:54,948:INFO:Copying training dataset
2024-11-28 15:57:55,143:INFO:Defining folds
2024-11-28 15:57:55,144:INFO:Declaring metric variables
2024-11-28 15:57:55,144:INFO:Importing untrained model
2024-11-28 15:57:55,144:INFO:Declaring custom model
2024-11-28 15:57:55,145:INFO:Random Forest Classifier Imported successfully
2024-11-28 15:57:55,146:INFO:Starting cross validation
2024-11-28 15:57:55,148:INFO:Cross validating with StratifiedKFold(n_splits=10, random_state=None, shuffle=False), n_jobs=-1
2024-11-28 15:59:06,783:INFO:Calculating mean and std
2024-11-28 15:59:06,783:INFO:Creating metrics dataframe
2024-11-28 15:59:06,786:INFO:Finalizing model
2024-11-28 15:59:15,003:INFO:Uploading results into container
2024-11-28 15:59:15,004:INFO:Uploading model into container now
2024-11-28 15:59:15,005:INFO:_master_model_container: 20
2024-11-28 15:59:15,005:INFO:_display_container: 6
2024-11-28 15:59:15,006:INFO:RandomForestClassifier(bootstrap=True, ccp_alpha=0.0, class_weight=None,
                       criterion='gini', max_depth=None, max_features='sqrt',
                       max_leaf_nodes=None, max_samples=None,
                       min_impurity_decrease=0.0, min_samples_leaf=1,
                       min_samples_split=2, min_weight_fraction_leaf=0.0,
                       monotonic_cst=None, n_estimators=100, n_jobs=-1,
                       oob_score=False, random_state=444, verbose=0,
                       warm_start=False)
2024-11-28 15:59:15,006:INFO:create_model() successfully completed......................................
2024-11-28 15:59:15,240:INFO:SubProcess create_model() end ==================================
2024-11-28 15:59:15,241:INFO:RandomForestClassifier(bootstrap=True, ccp_alpha=0.0, class_weight=None,
                       criterion='gini', max_depth=None, max_features='sqrt',
                       max_leaf_nodes=None, max_samples=None,
                       min_impurity_decrease=0.0, min_samples_leaf=1,
                       min_samples_split=2, min_weight_fraction_leaf=0.0,
                       monotonic_cst=None, n_estimators=100, n_jobs=-1,
                       oob_score=False, random_state=444, verbose=0,
                       warm_start=False) result for Accuracy is 0.887
2024-11-28 15:59:15,275:INFO:RandomForestClassifier(bootstrap=False, ccp_alpha=0.0, class_weight={},
                       criterion='gini', max_depth=7, max_features=1.0,
                       max_leaf_nodes=None, max_samples=None,
                       min_impurity_decrease=0.001, min_samples_leaf=6,
                       min_samples_split=10, min_weight_fraction_leaf=0.0,
                       monotonic_cst=None, n_estimators=240, n_jobs=-1,
                       oob_score=False, random_state=444, verbose=0,
                       warm_start=False) result for Accuracy is 0.7787
2024-11-28 15:59:15,276:INFO:RandomForestClassifier(bootstrap=True, ccp_alpha=0.0, class_weight=None,
                       criterion='gini', max_depth=None, max_features='sqrt',
                       max_leaf_nodes=None, max_samples=None,
                       min_impurity_decrease=0.0, min_samples_leaf=1,
                       min_samples_split=2, min_weight_fraction_leaf=0.0,
                       monotonic_cst=None, n_estimators=100, n_jobs=-1,
                       oob_score=False, random_state=444, verbose=0,
                       warm_start=False) is best model
2024-11-28 15:59:15,276:INFO:choose_better completed
2024-11-28 15:59:15,276:INFO:Original model was better than the tuned model, hence it will be returned. NOTE: The display metrics are for the tuned model (not the original one).
2024-11-28 15:59:15,317:INFO:_master_model_container: 20
2024-11-28 15:59:15,317:INFO:_display_container: 5
2024-11-28 15:59:15,323:INFO:RandomForestClassifier(bootstrap=True, ccp_alpha=0.0, class_weight=None,
                       criterion='gini', max_depth=None, max_features='sqrt',
                       max_leaf_nodes=None, max_samples=None,
                       min_impurity_decrease=0.0, min_samples_leaf=1,
                       min_samples_split=2, min_weight_fraction_leaf=0.0,
                       monotonic_cst=None, n_estimators=100, n_jobs=-1,
                       oob_score=False, random_state=444, verbose=0,
                       warm_start=False)
2024-11-28 15:59:15,323:INFO:tune_model() successfully completed......................................
2024-11-28 15:59:52,424:INFO:Initializing plot_model()
2024-11-28 15:59:52,424:INFO:plot_model(plot=auc, fold=None, verbose=True, display=None, display_format=None, estimator=RandomForestClassifier(bootstrap=True, ccp_alpha=0.0, class_weight=None,
                       criterion='gini', max_depth=None, max_features='sqrt',
                       max_leaf_nodes=None, max_samples=None,
                       min_impurity_decrease=0.0, min_samples_leaf=1,
                       min_samples_split=2, min_weight_fraction_leaf=0.0,
                       monotonic_cst=None, n_estimators=100, n_jobs=-1,
                       oob_score=False, random_state=444, verbose=0,
                       warm_start=False), feature_name=None, fit_kwargs=None, groups=None, label=False, plot_kwargs=None, save=False, scale=1, self=<pycaret.classification.oop.ClassificationExperiment object at 0x7f6cdaeb3fd0>, system=True)
2024-11-28 15:59:52,425:INFO:Checking exceptions
2024-11-28 15:59:52,709:INFO:Preloading libraries
2024-11-28 15:59:53,671:INFO:Copying training dataset
2024-11-28 15:59:53,671:INFO:Plot type: auc
2024-11-28 16:00:00,816:INFO:Fitting Model
2024-11-28 16:00:00,819:WARNING:/home/damiatus/.local/lib/python3.10/site-packages/sklearn/base.py:493: UserWarning: X does not have valid feature names, but RandomForestClassifier was fitted with feature names
  warnings.warn(

2024-11-28 16:00:00,820:INFO:Scoring test/hold-out set
2024-11-28 16:00:05,063:INFO:Visual Rendered Successfully
2024-11-28 16:00:05,383:INFO:plot_model() successfully completed......................................
2024-11-28 16:00:22,424:INFO:Initializing plot_model()
2024-11-28 16:00:22,441:INFO:plot_model(plot=auc, fold=None, verbose=True, display=None, display_format=None, estimator=RandomForestClassifier(bootstrap=True, ccp_alpha=0.0, class_weight=None,
                       criterion='gini', max_depth=None, max_features='sqrt',
                       max_leaf_nodes=None, max_samples=None,
                       min_impurity_decrease=0.0, min_samples_leaf=1,
                       min_samples_split=2, min_weight_fraction_leaf=0.0,
                       monotonic_cst=None, n_estimators=100, n_jobs=-1,
                       oob_score=False, random_state=444, verbose=0,
                       warm_start=False), feature_name=None, fit_kwargs=None, groups=None, label=False, plot_kwargs=None, save=False, scale=1, self=<pycaret.classification.oop.ClassificationExperiment object at 0x7f6cdaeb3fd0>, system=True)
2024-11-28 16:00:22,441:INFO:Checking exceptions
2024-11-28 16:00:23,158:INFO:Preloading libraries
2024-11-28 16:00:23,413:INFO:Copying training dataset
2024-11-28 16:00:23,413:INFO:Plot type: auc
2024-11-28 16:00:23,957:INFO:Fitting Model
2024-11-28 16:00:23,958:WARNING:/home/damiatus/.local/lib/python3.10/site-packages/sklearn/base.py:493: UserWarning: X does not have valid feature names, but RandomForestClassifier was fitted with feature names
  warnings.warn(

2024-11-28 16:00:23,959:INFO:Scoring test/hold-out set
2024-11-28 16:00:25,639:INFO:Visual Rendered Successfully
2024-11-28 16:00:26,126:INFO:plot_model() successfully completed......................................
2024-11-28 16:00:30,803:INFO:Initializing plot_model()
2024-11-28 16:00:30,803:INFO:plot_model(plot=feature, fold=None, verbose=True, display=None, display_format=None, estimator=RandomForestClassifier(bootstrap=True, ccp_alpha=0.0, class_weight=None,
                       criterion='gini', max_depth=None, max_features='sqrt',
                       max_leaf_nodes=None, max_samples=None,
                       min_impurity_decrease=0.0, min_samples_leaf=1,
                       min_samples_split=2, min_weight_fraction_leaf=0.0,
                       monotonic_cst=None, n_estimators=100, n_jobs=-1,
                       oob_score=False, random_state=444, verbose=0,
                       warm_start=False), feature_name=None, fit_kwargs=None, groups=None, label=False, plot_kwargs=None, save=False, scale=1, self=<pycaret.classification.oop.ClassificationExperiment object at 0x7f6cdaeb3fd0>, system=True)
2024-11-28 16:00:30,803:INFO:Checking exceptions
2024-11-28 16:00:30,962:INFO:Preloading libraries
2024-11-28 16:00:31,013:INFO:Copying training dataset
2024-11-28 16:00:31,013:INFO:Plot type: feature
2024-11-28 16:00:31,017:WARNING:No coef_ found. Trying feature_importances_
2024-11-28 16:00:32,032:INFO:Visual Rendered Successfully
2024-11-28 16:00:32,340:INFO:plot_model() successfully completed......................................
2024-11-28 16:00:43,002:INFO:Initializing plot_model()
2024-11-28 16:00:43,002:INFO:plot_model(plot=feature, fold=None, verbose=True, display=None, display_format=None, estimator=RandomForestClassifier(bootstrap=True, ccp_alpha=0.0, class_weight=None,
                       criterion='gini', max_depth=None, max_features='sqrt',
                       max_leaf_nodes=None, max_samples=None,
                       min_impurity_decrease=0.0, min_samples_leaf=1,
                       min_samples_split=2, min_weight_fraction_leaf=0.0,
                       monotonic_cst=None, n_estimators=100, n_jobs=-1,
                       oob_score=False, random_state=444, verbose=0,
                       warm_start=False), feature_name=None, fit_kwargs=None, groups=None, label=False, plot_kwargs=None, save=False, scale=1, self=<pycaret.classification.oop.ClassificationExperiment object at 0x7f6cdaeb3fd0>, system=True)
2024-11-28 16:00:43,004:INFO:Checking exceptions
2024-11-28 16:00:43,157:INFO:Preloading libraries
2024-11-28 16:00:43,272:INFO:Copying training dataset
2024-11-28 16:00:43,273:INFO:Plot type: feature
2024-11-28 16:00:43,285:WARNING:No coef_ found. Trying feature_importances_
2024-11-28 16:00:44,149:INFO:Visual Rendered Successfully
2024-11-28 16:00:44,480:INFO:plot_model() successfully completed......................................
2024-11-28 16:00:48,606:INFO:Initializing predict_model()
2024-11-28 16:00:48,606:INFO:predict_model(self=<pycaret.classification.oop.ClassificationExperiment object at 0x7f6cdaeb3fd0>, estimator=RandomForestClassifier(bootstrap=True, ccp_alpha=0.0, class_weight=None,
                       criterion='gini', max_depth=None, max_features='sqrt',
                       max_leaf_nodes=None, max_samples=None,
                       min_impurity_decrease=0.0, min_samples_leaf=1,
                       min_samples_split=2, min_weight_fraction_leaf=0.0,
                       monotonic_cst=None, n_estimators=100, n_jobs=-1,
                       oob_score=False, random_state=444, verbose=0,
                       warm_start=False), probability_threshold=None, encoded_labels=False, raw_score=False, round=4, verbose=True, ml_usecase=None, preprocess=True, encode_labels=<function _SupervisedExperiment.predict_model.<locals>.encode_labels at 0x7f6cd7937d00>)
2024-11-28 16:00:48,608:INFO:Checking exceptions
2024-11-28 16:00:48,608:INFO:Preloading libraries
2024-11-28 16:00:48,618:INFO:Set up data.
2024-11-28 16:00:50,001:INFO:Set up index.
2024-11-28 16:01:02,393:INFO:Initializing predict_model()
2024-11-28 16:01:02,394:INFO:predict_model(self=<pycaret.classification.oop.ClassificationExperiment object at 0x7f6cdaeb3fd0>, estimator=RandomForestClassifier(bootstrap=True, ccp_alpha=0.0, class_weight=None,
                       criterion='gini', max_depth=None, max_features='sqrt',
                       max_leaf_nodes=None, max_samples=None,
                       min_impurity_decrease=0.0, min_samples_leaf=1,
                       min_samples_split=2, min_weight_fraction_leaf=0.0,
                       monotonic_cst=None, n_estimators=100, n_jobs=-1,
                       oob_score=False, random_state=444, verbose=0,
                       warm_start=False), probability_threshold=None, encoded_labels=False, raw_score=False, round=4, verbose=True, ml_usecase=None, preprocess=True, encode_labels=<function _SupervisedExperiment.predict_model.<locals>.encode_labels at 0x7f6cd365b520>)
2024-11-28 16:01:02,395:INFO:Checking exceptions
2024-11-28 16:01:02,395:INFO:Preloading libraries
2024-11-28 16:01:02,398:INFO:Set up data.
2024-11-28 16:01:02,556:INFO:Set up index.
2024-11-28 16:01:43,262:INFO:Initializing finalize_model()
2024-11-28 16:01:43,262:INFO:finalize_model(self=<pycaret.classification.oop.ClassificationExperiment object at 0x7f6cdaeb3fd0>, estimator=RandomForestClassifier(bootstrap=True, ccp_alpha=0.0, class_weight=None,
                       criterion='gini', max_depth=None, max_features='sqrt',
                       max_leaf_nodes=None, max_samples=None,
                       min_impurity_decrease=0.0, min_samples_leaf=1,
                       min_samples_split=2, min_weight_fraction_leaf=0.0,
                       monotonic_cst=None, n_estimators=100, n_jobs=-1,
                       oob_score=False, random_state=444, verbose=0,
                       warm_start=False), fit_kwargs=None, groups=None, model_only=False, experiment_custom_tags=None)
2024-11-28 16:01:43,263:INFO:Finalizing RandomForestClassifier(bootstrap=True, ccp_alpha=0.0, class_weight=None,
                       criterion='gini', max_depth=None, max_features='sqrt',
                       max_leaf_nodes=None, max_samples=None,
                       min_impurity_decrease=0.0, min_samples_leaf=1,
                       min_samples_split=2, min_weight_fraction_leaf=0.0,
                       monotonic_cst=None, n_estimators=100, n_jobs=-1,
                       oob_score=False, random_state=444, verbose=0,
                       warm_start=False)
2024-11-28 16:01:43,395:INFO:Initializing create_model()
2024-11-28 16:01:43,395:INFO:create_model(self=<pycaret.classification.oop.ClassificationExperiment object at 0x7f6cdaeb3fd0>, estimator=RandomForestClassifier(bootstrap=True, ccp_alpha=0.0, class_weight=None,
                       criterion='gini', max_depth=None, max_features='sqrt',
                       max_leaf_nodes=None, max_samples=None,
                       min_impurity_decrease=0.0, min_samples_leaf=1,
                       min_samples_split=2, min_weight_fraction_leaf=0.0,
                       monotonic_cst=None, n_estimators=100, n_jobs=-1,
                       oob_score=False, random_state=444, verbose=0,
                       warm_start=False), fold=None, round=4, cross_validation=False, predict=False, fit_kwargs={}, groups=None, refit=True, probability_threshold=None, experiment_custom_tags=None, verbose=False, system=False, add_to_model_list=False, metrics=None, display=None, model_only=False, return_train_score=False, error_score=0.0, kwargs={})
2024-11-28 16:01:43,395:INFO:Checking exceptions
2024-11-28 16:01:43,398:INFO:Importing libraries
2024-11-28 16:01:43,399:INFO:Copying training dataset
2024-11-28 16:01:43,411:INFO:Defining folds
2024-11-28 16:01:43,412:INFO:Declaring metric variables
2024-11-28 16:01:43,412:INFO:Importing untrained model
2024-11-28 16:01:43,413:INFO:Declaring custom model
2024-11-28 16:01:43,414:INFO:Random Forest Classifier Imported successfully
2024-11-28 16:01:43,416:INFO:Cross validation set to False
2024-11-28 16:01:43,417:INFO:Fitting Model
2024-11-28 16:02:02,990:INFO:Pipeline(memory=Memory(location=None),
         steps=[('date_feature_extractor',
                 TransformerWrapper(exclude=None,
                                    include=['borrow_timestamp',
                                             'first_tx_timestamp',
                                             'last_tx_timestamp'],
                                    transformer=ExtractDateTimeFeatures(features=['day',
                                                                                  'month',
                                                                                  'year']))),
                ('numerical_imputer',
                 TransformerWrapper(exclude=None,
                                    include=['wallet_age', 'incoming_tx_count',
                                             'outgoing_t...
                 RandomForestClassifier(bootstrap=True, ccp_alpha=0.0,
                                        class_weight=None, criterion='gini',
                                        max_depth=None, max_features='sqrt',
                                        max_leaf_nodes=None, max_samples=None,
                                        min_impurity_decrease=0.0,
                                        min_samples_leaf=1, min_samples_split=2,
                                        min_weight_fraction_leaf=0.0,
                                        monotonic_cst=None, n_estimators=100,
                                        n_jobs=-1, oob_score=False,
                                        random_state=444, verbose=0,
                                        warm_start=False))],
         verbose=False)
2024-11-28 16:02:02,990:INFO:create_model() successfully completed......................................
2024-11-28 16:02:03,492:INFO:_master_model_container: 20
2024-11-28 16:02:03,492:INFO:_display_container: 7
2024-11-28 16:02:03,555:INFO:Pipeline(memory=Memory(location=None),
         steps=[('date_feature_extractor',
                 TransformerWrapper(exclude=None,
                                    include=['borrow_timestamp',
                                             'first_tx_timestamp',
                                             'last_tx_timestamp'],
                                    transformer=ExtractDateTimeFeatures(features=['day',
                                                                                  'month',
                                                                                  'year']))),
                ('numerical_imputer',
                 TransformerWrapper(exclude=None,
                                    include=['wallet_age', 'incoming_tx_count',
                                             'outgoing_t...
                 RandomForestClassifier(bootstrap=True, ccp_alpha=0.0,
                                        class_weight=None, criterion='gini',
                                        max_depth=None, max_features='sqrt',
                                        max_leaf_nodes=None, max_samples=None,
                                        min_impurity_decrease=0.0,
                                        min_samples_leaf=1, min_samples_split=2,
                                        min_weight_fraction_leaf=0.0,
                                        monotonic_cst=None, n_estimators=100,
                                        n_jobs=-1, oob_score=False,
                                        random_state=444, verbose=0,
                                        warm_start=False))],
         verbose=False)
2024-11-28 16:02:03,555:INFO:finalize_model() successfully completed......................................
2024-11-28 16:02:12,628:INFO:Initializing save_model()
2024-11-28 16:02:12,628:INFO:save_model(model=Pipeline(memory=Memory(location=None),
         steps=[('date_feature_extractor',
                 TransformerWrapper(exclude=None,
                                    include=['borrow_timestamp',
                                             'first_tx_timestamp',
                                             'last_tx_timestamp'],
                                    transformer=ExtractDateTimeFeatures(features=['day',
                                                                                  'month',
                                                                                  'year']))),
                ('numerical_imputer',
                 TransformerWrapper(exclude=None,
                                    include=['wallet_age', 'incoming_tx_count',
                                             'outgoing_t...
                 RandomForestClassifier(bootstrap=True, ccp_alpha=0.0,
                                        class_weight=None, criterion='gini',
                                        max_depth=None, max_features='sqrt',
                                        max_leaf_nodes=None, max_samples=None,
                                        min_impurity_decrease=0.0,
                                        min_samples_leaf=1, min_samples_split=2,
                                        min_weight_fraction_leaf=0.0,
                                        monotonic_cst=None, n_estimators=100,
                                        n_jobs=-1, oob_score=False,
                                        random_state=444, verbose=0,
                                        warm_start=False))],
         verbose=False), model_name=final_rf_model_28Nonv-15:00hrs, prep_pipe_=Pipeline(memory=FastMemory(location=/tmp/joblib),
         steps=[('date_feature_extractor',
                 TransformerWrapper(exclude=None,
                                    include=['borrow_timestamp',
                                             'first_tx_timestamp',
                                             'last_tx_timestamp'],
                                    transformer=ExtractDateTimeFeatures(features=['day',
                                                                                  'month',
                                                                                  'year']))),
                ('numerical_imputer',
                 TransformerWrapper(exclude=None,
                                    include=['wallet_age', 'incoming_tx_count',...
                ('ordinal_encoding',
                 TransformerWrapper(exclude=None,
                                    include=['market_ht_trendmode'],
                                    transformer=OrdinalEncoder(cols=['market_ht_trendmode'],
                                                               drop_invariant=False,
                                                               handle_missing='return_nan',
                                                               handle_unknown='value',
                                                               mapping=[{'col': 'market_ht_trendmode',
                                                                         'data_type': dtype('float64'),
                                                                         'mapping': 0.0    0
1.0    1
NaN   -1
dtype: int64}],
                                                               return_df=True,
                                                               verbose=0)))],
         verbose=False), verbose=True, use_case=MLUsecase.CLASSIFICATION, kwargs={})
2024-11-28 16:02:12,628:INFO:Adding model into prep_pipe
2024-11-28 16:02:12,628:WARNING:Only Model saved as it was a pipeline.
2024-11-28 16:02:14,450:INFO:final_rf_model_28Nonv-15:00hrs.pkl saved in current working directory
2024-11-28 16:02:14,502:INFO:Pipeline(memory=Memory(location=None),
         steps=[('date_feature_extractor',
                 TransformerWrapper(exclude=None,
                                    include=['borrow_timestamp',
                                             'first_tx_timestamp',
                                             'last_tx_timestamp'],
                                    transformer=ExtractDateTimeFeatures(features=['day',
                                                                                  'month',
                                                                                  'year']))),
                ('numerical_imputer',
                 TransformerWrapper(exclude=None,
                                    include=['wallet_age', 'incoming_tx_count',
                                             'outgoing_t...
                 RandomForestClassifier(bootstrap=True, ccp_alpha=0.0,
                                        class_weight=None, criterion='gini',
                                        max_depth=None, max_features='sqrt',
                                        max_leaf_nodes=None, max_samples=None,
                                        min_impurity_decrease=0.0,
                                        min_samples_leaf=1, min_samples_split=2,
                                        min_weight_fraction_leaf=0.0,
                                        monotonic_cst=None, n_estimators=100,
                                        n_jobs=-1, oob_score=False,
                                        random_state=444, verbose=0,
                                        warm_start=False))],
         verbose=False)
2024-11-28 16:02:14,502:INFO:save_model() successfully completed......................................
2024-11-28 16:58:39,263:INFO:Initializing finalize_model()
2024-11-28 16:58:39,282:INFO:finalize_model(self=<pycaret.classification.oop.ClassificationExperiment object at 0x7f6cdaeb3fd0>, estimator=RandomForestClassifier(bootstrap=True, ccp_alpha=0.0, class_weight=None,
                       criterion='gini', max_depth=None, max_features='sqrt',
                       max_leaf_nodes=None, max_samples=None,
                       min_impurity_decrease=0.0, min_samples_leaf=1,
                       min_samples_split=2, min_weight_fraction_leaf=0.0,
                       monotonic_cst=None, n_estimators=100, n_jobs=-1,
                       oob_score=False, random_state=444, verbose=0,
                       warm_start=False), fit_kwargs=None, groups=None, model_only=False, experiment_custom_tags=None)
2024-11-28 16:58:39,301:INFO:Finalizing RandomForestClassifier(bootstrap=True, ccp_alpha=0.0, class_weight=None,
                       criterion='gini', max_depth=None, max_features='sqrt',
                       max_leaf_nodes=None, max_samples=None,
                       min_impurity_decrease=0.0, min_samples_leaf=1,
                       min_samples_split=2, min_weight_fraction_leaf=0.0,
                       monotonic_cst=None, n_estimators=100, n_jobs=-1,
                       oob_score=False, random_state=444, verbose=0,
                       warm_start=False)
2024-11-28 16:58:40,583:INFO:Initializing create_model()
2024-11-28 16:58:40,583:INFO:create_model(self=<pycaret.classification.oop.ClassificationExperiment object at 0x7f6cdaeb3fd0>, estimator=RandomForestClassifier(bootstrap=True, ccp_alpha=0.0, class_weight=None,
                       criterion='gini', max_depth=None, max_features='sqrt',
                       max_leaf_nodes=None, max_samples=None,
                       min_impurity_decrease=0.0, min_samples_leaf=1,
                       min_samples_split=2, min_weight_fraction_leaf=0.0,
                       monotonic_cst=None, n_estimators=100, n_jobs=-1,
                       oob_score=False, random_state=444, verbose=0,
                       warm_start=False), fold=None, round=4, cross_validation=False, predict=False, fit_kwargs={}, groups=None, refit=True, probability_threshold=None, experiment_custom_tags=None, verbose=False, system=False, add_to_model_list=False, metrics=None, display=None, model_only=False, return_train_score=False, error_score=0.0, kwargs={})
2024-11-28 16:58:40,583:INFO:Checking exceptions
2024-11-28 16:58:40,695:INFO:Importing libraries
2024-11-28 16:58:40,695:INFO:Copying training dataset
2024-11-28 16:58:40,874:INFO:Defining folds
2024-11-28 16:58:40,875:INFO:Declaring metric variables
2024-11-28 16:58:40,879:INFO:Importing untrained model
2024-11-28 16:58:40,879:INFO:Declaring custom model
2024-11-28 16:58:40,883:INFO:Random Forest Classifier Imported successfully
2024-11-28 16:58:40,924:INFO:Cross validation set to False
2024-11-28 16:58:40,924:INFO:Fitting Model
2024-11-28 16:58:52,253:INFO:Pipeline(memory=Memory(location=None),
         steps=[('date_feature_extractor',
                 TransformerWrapper(exclude=None,
                                    include=['borrow_timestamp',
                                             'first_tx_timestamp',
                                             'last_tx_timestamp'],
                                    transformer=ExtractDateTimeFeatures(features=['day',
                                                                                  'month',
                                                                                  'year']))),
                ('numerical_imputer',
                 TransformerWrapper(exclude=None,
                                    include=['wallet_age', 'incoming_tx_count',
                                             'outgoing_t...
                 RandomForestClassifier(bootstrap=True, ccp_alpha=0.0,
                                        class_weight=None, criterion='gini',
                                        max_depth=None, max_features='sqrt',
                                        max_leaf_nodes=None, max_samples=None,
                                        min_impurity_decrease=0.0,
                                        min_samples_leaf=1, min_samples_split=2,
                                        min_weight_fraction_leaf=0.0,
                                        monotonic_cst=None, n_estimators=100,
                                        n_jobs=-1, oob_score=False,
                                        random_state=444, verbose=0,
                                        warm_start=False))],
         verbose=False)
2024-11-28 16:58:52,253:INFO:create_model() successfully completed......................................
2024-11-28 16:58:55,353:INFO:_master_model_container: 20
2024-11-28 16:58:55,353:INFO:_display_container: 7
2024-11-28 16:58:55,384:INFO:Pipeline(memory=Memory(location=None),
         steps=[('date_feature_extractor',
                 TransformerWrapper(exclude=None,
                                    include=['borrow_timestamp',
                                             'first_tx_timestamp',
                                             'last_tx_timestamp'],
                                    transformer=ExtractDateTimeFeatures(features=['day',
                                                                                  'month',
                                                                                  'year']))),
                ('numerical_imputer',
                 TransformerWrapper(exclude=None,
                                    include=['wallet_age', 'incoming_tx_count',
                                             'outgoing_t...
                 RandomForestClassifier(bootstrap=True, ccp_alpha=0.0,
                                        class_weight=None, criterion='gini',
                                        max_depth=None, max_features='sqrt',
                                        max_leaf_nodes=None, max_samples=None,
                                        min_impurity_decrease=0.0,
                                        min_samples_leaf=1, min_samples_split=2,
                                        min_weight_fraction_leaf=0.0,
                                        monotonic_cst=None, n_estimators=100,
                                        n_jobs=-1, oob_score=False,
                                        random_state=444, verbose=0,
                                        warm_start=False))],
         verbose=False)
2024-11-28 16:58:55,385:INFO:finalize_model() successfully completed......................................
2024-11-28 16:58:55,705:INFO:Initializing save_model()
2024-11-28 16:58:55,705:INFO:save_model(model=Pipeline(memory=Memory(location=None),
         steps=[('date_feature_extractor',
                 TransformerWrapper(exclude=None,
                                    include=['borrow_timestamp',
                                             'first_tx_timestamp',
                                             'last_tx_timestamp'],
                                    transformer=ExtractDateTimeFeatures(features=['day',
                                                                                  'month',
                                                                                  'year']))),
                ('numerical_imputer',
                 TransformerWrapper(exclude=None,
                                    include=['wallet_age', 'incoming_tx_count',
                                             'outgoing_t...
                 RandomForestClassifier(bootstrap=True, ccp_alpha=0.0,
                                        class_weight=None, criterion='gini',
                                        max_depth=None, max_features='sqrt',
                                        max_leaf_nodes=None, max_samples=None,
                                        min_impurity_decrease=0.0,
                                        min_samples_leaf=1, min_samples_split=2,
                                        min_weight_fraction_leaf=0.0,
                                        monotonic_cst=None, n_estimators=100,
                                        n_jobs=-1, oob_score=False,
                                        random_state=444, verbose=0,
                                        warm_start=False))],
         verbose=False), model_name=final_rf_light_model_28Nonv-15:00hrs, prep_pipe_=Pipeline(memory=FastMemory(location=/tmp/joblib),
         steps=[('date_feature_extractor',
                 TransformerWrapper(exclude=None,
                                    include=['borrow_timestamp',
                                             'first_tx_timestamp',
                                             'last_tx_timestamp'],
                                    transformer=ExtractDateTimeFeatures(features=['day',
                                                                                  'month',
                                                                                  'year']))),
                ('numerical_imputer',
                 TransformerWrapper(exclude=None,
                                    include=['wallet_age', 'incoming_tx_count',...
                ('ordinal_encoding',
                 TransformerWrapper(exclude=None,
                                    include=['market_ht_trendmode'],
                                    transformer=OrdinalEncoder(cols=['market_ht_trendmode'],
                                                               drop_invariant=False,
                                                               handle_missing='return_nan',
                                                               handle_unknown='value',
                                                               mapping=[{'col': 'market_ht_trendmode',
                                                                         'data_type': dtype('float64'),
                                                                         'mapping': 0.0    0
1.0    1
NaN   -1
dtype: int64}],
                                                               return_df=True,
                                                               verbose=0)))],
         verbose=False), verbose=True, use_case=MLUsecase.CLASSIFICATION, kwargs={})
2024-11-28 16:58:55,706:INFO:Adding model into prep_pipe
2024-11-28 16:58:55,706:WARNING:Only Model saved as it was a pipeline.
2024-11-28 16:58:56,745:INFO:final_rf_light_model_28Nonv-15:00hrs.pkl saved in current working directory
2024-11-28 16:58:56,780:INFO:Pipeline(memory=Memory(location=None),
         steps=[('date_feature_extractor',
                 TransformerWrapper(exclude=None,
                                    include=['borrow_timestamp',
                                             'first_tx_timestamp',
                                             'last_tx_timestamp'],
                                    transformer=ExtractDateTimeFeatures(features=['day',
                                                                                  'month',
                                                                                  'year']))),
                ('numerical_imputer',
                 TransformerWrapper(exclude=None,
                                    include=['wallet_age', 'incoming_tx_count',
                                             'outgoing_t...
                 RandomForestClassifier(bootstrap=True, ccp_alpha=0.0,
                                        class_weight=None, criterion='gini',
                                        max_depth=None, max_features='sqrt',
                                        max_leaf_nodes=None, max_samples=None,
                                        min_impurity_decrease=0.0,
                                        min_samples_leaf=1, min_samples_split=2,
                                        min_weight_fraction_leaf=0.0,
                                        monotonic_cst=None, n_estimators=100,
                                        n_jobs=-1, oob_score=False,
                                        random_state=444, verbose=0,
                                        warm_start=False))],
         verbose=False)
2024-11-28 16:58:56,780:INFO:save_model() successfully completed......................................
2024-11-28 18:11:09,890:INFO:Initializing predict_model()
2024-11-28 18:11:10,200:INFO:predict_model(self=<pycaret.classification.oop.ClassificationExperiment object at 0x7f6cdaeb3fd0>, estimator=RandomForestClassifier(bootstrap=True, ccp_alpha=0.0, class_weight=None,
                       criterion='gini', max_depth=None, max_features='sqrt',
                       max_leaf_nodes=None, max_samples=None,
                       min_impurity_decrease=0.0, min_samples_leaf=1,
                       min_samples_split=2, min_weight_fraction_leaf=0.0,
                       monotonic_cst=None, n_estimators=100, n_jobs=-1,
                       oob_score=False, random_state=444, verbose=0,
                       warm_start=False), probability_threshold=None, encoded_labels=False, raw_score=False, round=4, verbose=True, ml_usecase=None, preprocess=True, encode_labels=<function _SupervisedExperiment.predict_model.<locals>.encode_labels at 0x7f6cbbf19510>)
2024-11-28 18:11:10,214:INFO:Checking exceptions
2024-11-28 18:11:10,215:INFO:Preloading libraries
2024-11-28 18:11:14,581:INFO:Set up data.
2024-11-28 18:11:17,252:INFO:Set up index.
2024-11-28 18:11:21,125:WARNING:/home/damiatus/.local/lib/python3.10/site-packages/pycaret/internal/pipeline.py:111: UserWarning: Persisting input arguments took 0.84s to run.If this happens often in your code, it can cause performance problems (results will be correct in all cases). The reason for this is probably some large input arguments for a wrapped function.
  X, y = pipeline._memory_transform(transformer, X, y)

2024-11-28 18:12:43,840:INFO:Initializing predict_model()
2024-11-28 18:12:43,840:INFO:predict_model(self=<pycaret.classification.oop.ClassificationExperiment object at 0x7f6cdaeb3fd0>, estimator=RandomForestClassifier(bootstrap=True, ccp_alpha=0.0, class_weight=None,
                       criterion='gini', max_depth=None, max_features='sqrt',
                       max_leaf_nodes=None, max_samples=None,
                       min_impurity_decrease=0.0, min_samples_leaf=1,
                       min_samples_split=2, min_weight_fraction_leaf=0.0,
                       monotonic_cst=None, n_estimators=100, n_jobs=-1,
                       oob_score=False, random_state=444, verbose=0,
                       warm_start=False), probability_threshold=None, encoded_labels=False, raw_score=False, round=4, verbose=True, ml_usecase=None, preprocess=True, encode_labels=<function _SupervisedExperiment.predict_model.<locals>.encode_labels at 0x7f6cd674bb50>)
2024-11-28 18:12:43,840:INFO:Checking exceptions
2024-11-28 18:12:43,840:INFO:Preloading libraries
2024-11-28 18:12:43,843:INFO:Set up data.
2024-11-28 18:12:44,004:INFO:Set up index.
2024-11-28 18:20:47,108:INFO:Initializing predict_model()
2024-11-28 18:20:47,109:INFO:predict_model(self=<pycaret.classification.oop.ClassificationExperiment object at 0x7f6cdaeb3fd0>, estimator=RandomForestClassifier(bootstrap=True, ccp_alpha=0.0, class_weight=None,
                       criterion='gini', max_depth=None, max_features='sqrt',
                       max_leaf_nodes=None, max_samples=None,
                       min_impurity_decrease=0.0, min_samples_leaf=1,
                       min_samples_split=2, min_weight_fraction_leaf=0.0,
                       monotonic_cst=None, n_estimators=100, n_jobs=-1,
                       oob_score=False, random_state=444, verbose=0,
                       warm_start=False), probability_threshold=None, encoded_labels=False, raw_score=False, round=4, verbose=True, ml_usecase=None, preprocess=True, encode_labels=<function _SupervisedExperiment.predict_model.<locals>.encode_labels at 0x7f6cbbf1bac0>)
2024-11-28 18:20:47,109:INFO:Checking exceptions
2024-11-28 18:20:47,109:INFO:Preloading libraries
2024-11-28 18:20:47,111:INFO:Set up data.
2024-11-28 18:20:47,256:INFO:Set up index.
2024-11-28 18:21:44,003:WARNING:/home/damiatus/.local/lib/python3.10/site-packages/sklearn/base.py:493: UserWarning: X does not have valid feature names, but RandomForestClassifier was fitted with feature names
  warnings.warn(

2024-11-28 18:24:16,717:INFO:Initializing predict_model()
2024-11-28 18:24:16,717:INFO:predict_model(self=<pycaret.classification.oop.ClassificationExperiment object at 0x7f6cdaeb3fd0>, estimator=RandomForestClassifier(bootstrap=True, ccp_alpha=0.0, class_weight=None,
                       criterion='gini', max_depth=None, max_features='sqrt',
                       max_leaf_nodes=None, max_samples=None,
                       min_impurity_decrease=0.0, min_samples_leaf=1,
                       min_samples_split=2, min_weight_fraction_leaf=0.0,
                       monotonic_cst=None, n_estimators=100, n_jobs=-1,
                       oob_score=False, random_state=444, verbose=0,
                       warm_start=False), probability_threshold=None, encoded_labels=False, raw_score=False, round=4, verbose=True, ml_usecase=None, preprocess=True, encode_labels=<function _SupervisedExperiment.predict_model.<locals>.encode_labels at 0x7f6c718e4790>)
2024-11-28 18:24:16,717:INFO:Checking exceptions
2024-11-28 18:24:16,717:INFO:Preloading libraries
2024-11-28 18:24:16,721:INFO:Set up data.
2024-11-28 18:24:16,868:INFO:Set up index.
2024-11-28 18:31:55,437:INFO:Initializing predict_model()
2024-11-28 18:31:55,438:INFO:predict_model(self=<pycaret.classification.oop.ClassificationExperiment object at 0x7f6cdaeb3fd0>, estimator=RandomForestClassifier(bootstrap=True, ccp_alpha=0.0, class_weight=None,
                       criterion='gini', max_depth=None, max_features='sqrt',
                       max_leaf_nodes=None, max_samples=None,
                       min_impurity_decrease=0.0, min_samples_leaf=1,
                       min_samples_split=2, min_weight_fraction_leaf=0.0,
                       monotonic_cst=None, n_estimators=100, n_jobs=-1,
                       oob_score=False, random_state=444, verbose=0,
                       warm_start=False), probability_threshold=None, encoded_labels=False, raw_score=False, round=4, verbose=True, ml_usecase=None, preprocess=True, encode_labels=<function _SupervisedExperiment.predict_model.<locals>.encode_labels at 0x7f6cd6aebbe0>)
2024-11-28 18:31:55,438:INFO:Checking exceptions
2024-11-28 18:31:55,438:INFO:Preloading libraries
2024-11-28 18:31:55,441:INFO:Set up data.
2024-11-28 18:31:55,580:INFO:Set up index.
2024-11-28 18:32:15,711:INFO:Initializing predict_model()
2024-11-28 18:32:15,712:INFO:predict_model(self=<pycaret.classification.oop.ClassificationExperiment object at 0x7f6cdaeb3fd0>, estimator=RandomForestClassifier(bootstrap=True, ccp_alpha=0.0, class_weight=None,
                       criterion='gini', max_depth=None, max_features='sqrt',
                       max_leaf_nodes=None, max_samples=None,
                       min_impurity_decrease=0.0, min_samples_leaf=1,
                       min_samples_split=2, min_weight_fraction_leaf=0.0,
                       monotonic_cst=None, n_estimators=100, n_jobs=-1,
                       oob_score=False, random_state=444, verbose=0,
                       warm_start=False), probability_threshold=None, encoded_labels=False, raw_score=False, round=4, verbose=True, ml_usecase=None, preprocess=True, encode_labels=<function _SupervisedExperiment.predict_model.<locals>.encode_labels at 0x7f6d3058fbe0>)
2024-11-28 18:32:15,712:INFO:Checking exceptions
2024-11-28 18:32:15,712:INFO:Preloading libraries
2024-11-28 18:32:15,715:INFO:Set up data.
2024-11-28 18:32:15,808:INFO:Set up index.
2024-11-28 18:33:03,182:INFO:Initializing predict_model()
2024-11-28 18:33:03,232:INFO:predict_model(self=<pycaret.classification.oop.ClassificationExperiment object at 0x7f6cdaeb3fd0>, estimator=RandomForestClassifier(bootstrap=True, ccp_alpha=0.0, class_weight=None,
                       criterion='gini', max_depth=None, max_features='sqrt',
                       max_leaf_nodes=None, max_samples=None,
                       min_impurity_decrease=0.0, min_samples_leaf=1,
                       min_samples_split=2, min_weight_fraction_leaf=0.0,
                       monotonic_cst=None, n_estimators=100, n_jobs=-1,
                       oob_score=False, random_state=444, verbose=0,
                       warm_start=False), probability_threshold=None, encoded_labels=False, raw_score=False, round=4, verbose=True, ml_usecase=None, preprocess=True, encode_labels=<function _SupervisedExperiment.predict_model.<locals>.encode_labels at 0x7f6d3058d360>)
2024-11-28 18:33:03,232:INFO:Checking exceptions
2024-11-28 18:33:03,232:INFO:Preloading libraries
2024-11-28 18:33:03,235:INFO:Set up data.
2024-11-28 18:33:03,345:INFO:Set up index.
2024-11-28 18:48:19,520:INFO:Initializing predict_model()
2024-11-28 18:48:19,520:INFO:predict_model(self=<pycaret.classification.oop.ClassificationExperiment object at 0x7f6cdaeb3fd0>, estimator=RandomForestClassifier(bootstrap=True, ccp_alpha=0.0, class_weight=None,
                       criterion='gini', max_depth=None, max_features='sqrt',
                       max_leaf_nodes=None, max_samples=None,
                       min_impurity_decrease=0.0, min_samples_leaf=1,
                       min_samples_split=2, min_weight_fraction_leaf=0.0,
                       monotonic_cst=None, n_estimators=100, n_jobs=-1,
                       oob_score=False, random_state=444, verbose=0,
                       warm_start=False), probability_threshold=None, encoded_labels=False, raw_score=False, round=4, verbose=True, ml_usecase=None, preprocess=True, encode_labels=<function _SupervisedExperiment.predict_model.<locals>.encode_labels at 0x7f6cd79d8a60>)
2024-11-28 18:48:19,520:INFO:Checking exceptions
2024-11-28 18:48:19,520:INFO:Preloading libraries
2024-11-28 18:48:19,527:INFO:Set up data.
2024-11-28 18:48:19,615:INFO:Set up index.
2024-11-28 19:20:02,791:WARNING:/home/damiatus/.local/lib/python3.10/site-packages/xgboost/core.py:158: UserWarning: [19:20:02] WARNING: /workspace/src/learner.cc:740: 
Parameters: { "use_label_encoder" } are not used.

  warnings.warn(smsg, UserWarning)

2024-11-28 19:31:58,665:INFO:Initializing plot_model()
2024-11-28 19:31:58,666:INFO:plot_model(plot=auc, fold=None, verbose=True, display=None, display_format=None, estimator=RandomForestClassifier(bootstrap=True, ccp_alpha=0.0, class_weight=None,
                       criterion='gini', max_depth=None, max_features='sqrt',
                       max_leaf_nodes=None, max_samples=None,
                       min_impurity_decrease=0.0, min_samples_leaf=1,
                       min_samples_split=2, min_weight_fraction_leaf=0.0,
                       monotonic_cst=None, n_estimators=100, n_jobs=-1,
                       oob_score=False, random_state=444, verbose=0,
                       warm_start=False), feature_name=None, fit_kwargs=None, groups=None, label=False, plot_kwargs=None, save=False, scale=1, self=<pycaret.classification.oop.ClassificationExperiment object at 0x7f6cdaeb3fd0>, system=True)
2024-11-28 19:31:58,666:INFO:Checking exceptions
2024-11-28 19:32:01,550:INFO:Preloading libraries
2024-11-28 19:32:02,093:INFO:Copying training dataset
2024-11-28 19:32:02,094:INFO:Plot type: auc
2024-11-28 19:32:03,246:INFO:Fitting Model
2024-11-28 19:32:03,248:WARNING:/home/damiatus/.local/lib/python3.10/site-packages/sklearn/base.py:493: UserWarning: X does not have valid feature names, but RandomForestClassifier was fitted with feature names
  warnings.warn(

2024-11-28 19:32:03,249:INFO:Scoring test/hold-out set
2024-11-28 19:32:03,944:INFO:Visual Rendered Successfully
2024-11-28 19:32:04,276:INFO:plot_model() successfully completed......................................
2024-11-28 19:32:16,416:INFO:Initializing plot_model()
2024-11-28 19:32:16,417:INFO:plot_model(plot=feature, fold=None, verbose=True, display=None, display_format=None, estimator=RandomForestClassifier(bootstrap=True, ccp_alpha=0.0, class_weight=None,
                       criterion='gini', max_depth=None, max_features='sqrt',
                       max_leaf_nodes=None, max_samples=None,
                       min_impurity_decrease=0.0, min_samples_leaf=1,
                       min_samples_split=2, min_weight_fraction_leaf=0.0,
                       monotonic_cst=None, n_estimators=100, n_jobs=-1,
                       oob_score=False, random_state=444, verbose=0,
                       warm_start=False), feature_name=None, fit_kwargs=None, groups=None, label=False, plot_kwargs=None, save=False, scale=1, self=<pycaret.classification.oop.ClassificationExperiment object at 0x7f6cdaeb3fd0>, system=True)
2024-11-28 19:32:16,418:INFO:Checking exceptions
2024-11-28 19:32:16,522:INFO:Preloading libraries
2024-11-28 19:32:16,574:INFO:Copying training dataset
2024-11-28 19:32:16,575:INFO:Plot type: feature
2024-11-28 19:32:16,576:WARNING:No coef_ found. Trying feature_importances_
2024-11-28 19:32:16,983:INFO:Visual Rendered Successfully
2024-11-28 19:32:17,258:INFO:plot_model() successfully completed......................................
2024-11-28 19:32:24,096:INFO:Initializing predict_model()
2024-11-28 19:32:24,097:INFO:predict_model(self=<pycaret.classification.oop.ClassificationExperiment object at 0x7f6cdaeb3fd0>, estimator=RandomForestClassifier(bootstrap=True, ccp_alpha=0.0, class_weight=None,
                       criterion='gini', max_depth=None, max_features='sqrt',
                       max_leaf_nodes=None, max_samples=None,
                       min_impurity_decrease=0.0, min_samples_leaf=1,
                       min_samples_split=2, min_weight_fraction_leaf=0.0,
                       monotonic_cst=None, n_estimators=100, n_jobs=-1,
                       oob_score=False, random_state=444, verbose=0,
                       warm_start=False), probability_threshold=None, encoded_labels=False, raw_score=False, round=4, verbose=True, ml_usecase=None, preprocess=True, encode_labels=<function _SupervisedExperiment.predict_model.<locals>.encode_labels at 0x7f6cbbf1ac20>)
2024-11-28 19:32:24,097:INFO:Checking exceptions
2024-11-28 19:32:24,097:INFO:Preloading libraries
2024-11-28 19:32:24,101:INFO:Set up data.
2024-11-28 19:32:24,416:INFO:Set up index.
2024-11-28 19:35:55,646:WARNING:
'cuml' is a soft dependency and not included in the pycaret installation. Please run: `pip install cuml` to install.
2024-11-28 19:35:55,646:WARNING:
'cuml' is a soft dependency and not included in the pycaret installation. Please run: `pip install cuml` to install.
2024-11-28 19:35:55,646:WARNING:
'cuml' is a soft dependency and not included in the pycaret installation. Please run: `pip install cuml` to install.
2024-11-28 19:35:55,646:WARNING:
'cuml' is a soft dependency and not included in the pycaret installation. Please run: `pip install cuml` to install.
2024-11-28 19:36:37,259:INFO:PyCaret ClassificationExperiment
2024-11-28 19:36:37,259:INFO:Logging name: clf-default-name
2024-11-28 19:36:37,259:INFO:ML Usecase: MLUsecase.CLASSIFICATION
2024-11-28 19:36:37,259:INFO:version 3.3.2
2024-11-28 19:36:37,259:INFO:Initializing setup()
2024-11-28 19:36:37,260:INFO:self.USI: 074f
2024-11-28 19:36:37,260:INFO:self._variable_keys: {'gpu_param', 'memory', 'y', 'n_jobs_param', 'fix_imbalance', 'target_param', 'X_test', 'idx', 'data', 'y_train', 'is_multiclass', '_available_plots', 'X_train', 'exp_id', 'log_plots_param', 'gpu_n_jobs_param', 'fold_groups_param', '_ml_usecase', 'y_test', 'fold_shuffle_param', 'exp_name_log', 'fold_generator', 'pipeline', 'USI', 'html_param', 'seed', 'X', 'logging_param'}
2024-11-28 19:36:37,260:INFO:Checking environment
2024-11-28 19:36:37,260:INFO:python_version: 3.10.12
2024-11-28 19:36:37,260:INFO:python_build: ('main', 'Nov  6 2024 20:22:13')
2024-11-28 19:36:37,260:INFO:machine: x86_64
2024-11-28 19:36:37,260:INFO:platform: Linux-5.15.167.4-microsoft-standard-WSL2-x86_64-with-glibc2.35
2024-11-28 19:36:37,260:INFO:Memory: svmem(total=8286756864, available=1816735744, percent=78.1, used=6172987392, free=1104392192, active=420405248, inactive=6224363520, buffers=54325248, cached=955052032, shared=3272704, slab=210653184)
2024-11-28 19:36:37,261:INFO:Physical Core: 4
2024-11-28 19:36:37,261:INFO:Logical Core: 4
2024-11-28 19:36:37,261:INFO:Checking libraries
2024-11-28 19:36:37,261:INFO:System:
2024-11-28 19:36:37,261:INFO:    python: 3.10.12 (main, Nov  6 2024, 20:22:13) [GCC 11.4.0]
2024-11-28 19:36:37,261:INFO:executable: /bin/python3
2024-11-28 19:36:37,261:INFO:   machine: Linux-5.15.167.4-microsoft-standard-WSL2-x86_64-with-glibc2.35
2024-11-28 19:36:37,261:INFO:PyCaret required dependencies:
2024-11-28 19:36:37,685:INFO:                 pip: 22.0.2
2024-11-28 19:36:37,685:INFO:          setuptools: 59.6.0
2024-11-28 19:36:37,685:INFO:             pycaret: 3.3.2
2024-11-28 19:36:37,685:INFO:             IPython: 8.27.0
2024-11-28 19:36:37,685:INFO:          ipywidgets: 8.1.5
2024-11-28 19:36:37,685:INFO:                tqdm: 4.66.5
2024-11-28 19:36:37,685:INFO:               numpy: 1.26.4
2024-11-28 19:36:37,685:INFO:              pandas: 2.1.4
2024-11-28 19:36:37,685:INFO:              jinja2: 3.1.4
2024-11-28 19:36:37,686:INFO:               scipy: 1.11.4
2024-11-28 19:36:37,686:INFO:              joblib: 1.3.2
2024-11-28 19:36:37,686:INFO:             sklearn: 1.4.2
2024-11-28 19:36:37,686:INFO:                pyod: 2.0.2
2024-11-28 19:36:37,686:INFO:            imblearn: 0.12.4
2024-11-28 19:36:37,686:INFO:   category_encoders: 2.6.4
2024-11-28 19:36:37,686:INFO:            lightgbm: 4.5.0
2024-11-28 19:36:37,686:INFO:               numba: 0.60.0
2024-11-28 19:36:37,686:INFO:            requests: 2.32.3
2024-11-28 19:36:37,686:INFO:          matplotlib: 3.7.5
2024-11-28 19:36:37,686:INFO:          scikitplot: 0.3.7
2024-11-28 19:36:37,686:INFO:         yellowbrick: 1.5
2024-11-28 19:36:37,686:INFO:              plotly: 5.24.1
2024-11-28 19:36:37,686:INFO:    plotly-resampler: Not installed
2024-11-28 19:36:37,686:INFO:             kaleido: 0.2.1
2024-11-28 19:36:37,686:INFO:           schemdraw: 0.15
2024-11-28 19:36:37,686:INFO:         statsmodels: 0.14.3
2024-11-28 19:36:37,686:INFO:              sktime: 0.26.0
2024-11-28 19:36:37,686:INFO:               tbats: 1.1.3
2024-11-28 19:36:37,686:INFO:            pmdarima: 2.0.4
2024-11-28 19:36:37,686:INFO:              psutil: 6.0.0
2024-11-28 19:36:37,686:INFO:          markupsafe: 3.0.1
2024-11-28 19:36:37,686:INFO:             pickle5: Not installed
2024-11-28 19:36:37,686:INFO:         cloudpickle: 3.0.0
2024-11-28 19:36:37,686:INFO:         deprecation: 2.1.0
2024-11-28 19:36:37,686:INFO:              xxhash: 3.5.0
2024-11-28 19:36:37,686:INFO:           wurlitzer: 3.1.1
2024-11-28 19:36:37,686:INFO:PyCaret optional dependencies:
2024-11-28 19:36:38,457:INFO:                shap: 0.44.1
2024-11-28 19:36:38,457:INFO:           interpret: 0.6.7
2024-11-28 19:36:38,457:INFO:                umap: 0.5.7
2024-11-28 19:36:38,458:INFO:     ydata_profiling: 4.12.0
2024-11-28 19:36:38,458:INFO:  explainerdashboard: 0.4.7
2024-11-28 19:36:38,458:INFO:             autoviz: Not installed
2024-11-28 19:36:38,458:INFO:           fairlearn: 0.7.0
2024-11-28 19:36:38,458:INFO:          deepchecks: Not installed
2024-11-28 19:36:38,458:INFO:             xgboost: 2.1.1
2024-11-28 19:36:38,458:INFO:            catboost: 1.2.7
2024-11-28 19:36:38,458:INFO:              kmodes: Not installed
2024-11-28 19:36:38,458:INFO:             mlxtend: Not installed
2024-11-28 19:36:38,458:INFO:       statsforecast: Not installed
2024-11-28 19:36:38,458:INFO:        tune_sklearn: Not installed
2024-11-28 19:36:38,458:INFO:                 ray: Not installed
2024-11-28 19:36:38,458:INFO:            hyperopt: Not installed
2024-11-28 19:36:38,458:INFO:              optuna: Not installed
2024-11-28 19:36:38,458:INFO:               skopt: Not installed
2024-11-28 19:36:38,458:INFO:              mlflow: Not installed
2024-11-28 19:36:38,458:INFO:              gradio: Not installed
2024-11-28 19:36:38,458:INFO:             fastapi: Not installed
2024-11-28 19:36:38,458:INFO:             uvicorn: Not installed
2024-11-28 19:36:38,458:INFO:              m2cgen: Not installed
2024-11-28 19:36:38,458:INFO:           evidently: Not installed
2024-11-28 19:36:38,458:INFO:               fugue: Not installed
2024-11-28 19:36:38,458:INFO:           streamlit: Not installed
2024-11-28 19:36:38,458:INFO:             prophet: 1.1.6
2024-11-28 19:36:38,458:INFO:None
2024-11-28 19:36:38,458:INFO:Set up data.
2024-11-28 19:36:38,587:INFO:Set up folding strategy.
2024-11-28 19:36:38,587:INFO:Set up train/test split.
2024-11-28 19:36:38,689:INFO:Set up index.
2024-11-28 19:36:38,690:INFO:Assigning column types.
2024-11-28 19:36:38,754:INFO:Engine successfully changes for model 'lr' to 'sklearn'.
2024-11-28 19:36:38,826:INFO:Engine for model 'knn' has not been set explicitly, hence returning None.
2024-11-28 19:36:38,840:INFO:Engine for model 'rbfsvm' has not been set explicitly, hence returning None.
2024-11-28 19:36:38,898:INFO:Soft dependency imported: xgboost: 2.1.1
2024-11-28 19:36:38,902:INFO:Soft dependency imported: catboost: 1.2.7
2024-11-28 19:36:39,485:INFO:Engine for model 'knn' has not been set explicitly, hence returning None.
2024-11-28 19:36:39,487:INFO:Engine for model 'rbfsvm' has not been set explicitly, hence returning None.
2024-11-28 19:36:39,528:INFO:Soft dependency imported: xgboost: 2.1.1
2024-11-28 19:36:39,532:INFO:Soft dependency imported: catboost: 1.2.7
2024-11-28 19:36:39,533:INFO:Engine successfully changes for model 'knn' to 'sklearn'.
2024-11-28 19:36:39,601:INFO:Engine for model 'rbfsvm' has not been set explicitly, hence returning None.
2024-11-28 19:36:39,642:INFO:Soft dependency imported: xgboost: 2.1.1
2024-11-28 19:36:39,646:INFO:Soft dependency imported: catboost: 1.2.7
2024-11-28 19:36:39,715:INFO:Engine for model 'rbfsvm' has not been set explicitly, hence returning None.
2024-11-28 19:36:39,758:INFO:Soft dependency imported: xgboost: 2.1.1
2024-11-28 19:36:39,762:INFO:Soft dependency imported: catboost: 1.2.7
2024-11-28 19:36:39,763:INFO:Engine successfully changes for model 'rbfsvm' to 'sklearn'.
2024-11-28 19:36:39,876:INFO:Soft dependency imported: xgboost: 2.1.1
2024-11-28 19:36:39,879:INFO:Soft dependency imported: catboost: 1.2.7
2024-11-28 19:36:39,992:INFO:Soft dependency imported: xgboost: 2.1.1
2024-11-28 19:36:39,997:INFO:Soft dependency imported: catboost: 1.2.7
2024-11-28 19:36:40,026:INFO:Preparing preprocessing pipeline...
2024-11-28 19:36:40,044:INFO:Set up simple imputation.
2024-11-28 19:36:40,229:INFO:Finished creating preprocessing pipeline.
2024-11-28 19:36:40,235:INFO:Pipeline: Pipeline(memory=FastMemory(location=/tmp/joblib),
         steps=[('numerical_imputer',
                 TransformerWrapper(exclude=None,
                                    include=['borrow_timestamp',
                                             'first_tx_timestamp',
                                             'last_tx_timestamp', 'wallet_age',
                                             'incoming_tx_count',
                                             'outgoing_tx_count',
                                             'net_incoming_tx_count',
                                             'total_gas_paid_eth',
                                             'avg_gas_paid_per_tx_eth',
                                             'risky_tx_count',
                                             'risky_unique_contract_count',
                                             '...
                                    transformer=SimpleImputer(add_indicator=False,
                                                              copy=True,
                                                              fill_value=None,
                                                              keep_empty_features=False,
                                                              missing_values=nan,
                                                              strategy='mean'))),
                ('categorical_imputer',
                 TransformerWrapper(exclude=None, include=[],
                                    transformer=SimpleImputer(add_indicator=False,
                                                              copy=True,
                                                              fill_value=None,
                                                              keep_empty_features=False,
                                                              missing_values=nan,
                                                              strategy='most_frequent')))],
         verbose=False)
2024-11-28 19:36:40,235:INFO:Creating final display dataframe.
2024-11-28 19:36:40,765:INFO:Setup _display_container:                     Description             Value
0                    Session id               444
1                        Target            target
2                   Target type            Binary
3           Original data shape       (42081, 78)
4        Transformed data shape       (42081, 73)
5   Transformed train set shape       (29456, 73)
6    Transformed test set shape       (12625, 73)
7               Ignore features                 5
8              Numeric features                72
9                    Preprocess              True
10              Imputation type            simple
11           Numeric imputation              mean
12       Categorical imputation              mode
13               Fold Generator   StratifiedKFold
14                  Fold Number                 5
15                     CPU Jobs                -1
16                      Use GPU             False
17               Log Experiment             False
18              Experiment Name  clf-default-name
19                          USI              074f
2024-11-28 19:36:40,898:INFO:Soft dependency imported: xgboost: 2.1.1
2024-11-28 19:36:40,902:INFO:Soft dependency imported: catboost: 1.2.7
2024-11-28 19:36:41,013:INFO:Soft dependency imported: xgboost: 2.1.1
2024-11-28 19:36:41,018:INFO:Soft dependency imported: catboost: 1.2.7
2024-11-28 19:36:41,020:INFO:setup() successfully completed in 3.84s...............
2024-11-28 19:36:41,020:INFO:Initializing compare_models()
2024-11-28 19:36:41,020:INFO:compare_models(self=<pycaret.classification.oop.ClassificationExperiment object at 0x7fda06e8fa30>, include=None, fold=None, round=4, cross_validation=True, sort=Accuracy, n_select=1, budget_time=None, turbo=True, errors=ignore, fit_kwargs=None, groups=None, experiment_custom_tags=None, probability_threshold=None, verbose=True, parallel=None, caller_params={'self': <pycaret.classification.oop.ClassificationExperiment object at 0x7fda06e8fa30>, 'include': None, 'exclude': None, 'fold': None, 'round': 4, 'cross_validation': True, 'sort': 'Accuracy', 'n_select': 1, 'budget_time': None, 'turbo': True, 'errors': 'ignore', 'fit_kwargs': None, 'groups': None, 'experiment_custom_tags': None, 'probability_threshold': None, 'engine': None, 'verbose': True, 'parallel': None, '__class__': <class 'pycaret.classification.oop.ClassificationExperiment'>}, exclude=None)
2024-11-28 19:36:41,020:INFO:Checking exceptions
2024-11-28 19:36:41,088:INFO:Preparing display monitor
2024-11-28 19:36:41,141:INFO:Initializing Logistic Regression
2024-11-28 19:36:41,142:INFO:Total runtime is 1.1217594146728515e-05 minutes
2024-11-28 19:36:41,154:INFO:SubProcess create_model() called ==================================
2024-11-28 19:36:41,154:INFO:Initializing create_model()
2024-11-28 19:36:41,155:INFO:create_model(self=<pycaret.classification.oop.ClassificationExperiment object at 0x7fda06e8fa30>, estimator=lr, fold=StratifiedKFold(n_splits=5, random_state=None, shuffle=False), round=4, cross_validation=True, predict=True, fit_kwargs={}, groups=None, refit=False, probability_threshold=None, experiment_custom_tags=None, verbose=False, system=False, add_to_model_list=True, metrics=None, display=<pycaret.internal.display.display.CommonDisplay object at 0x7fd9c175d030>, model_only=True, return_train_score=False, error_score=0.0, kwargs={})
2024-11-28 19:36:41,155:INFO:Checking exceptions
2024-11-28 19:36:41,155:INFO:Importing libraries
2024-11-28 19:36:41,155:INFO:Copying training dataset
2024-11-28 19:36:41,285:INFO:Defining folds
2024-11-28 19:36:41,285:INFO:Declaring metric variables
2024-11-28 19:36:41,290:INFO:Importing untrained model
2024-11-28 19:36:41,304:INFO:Logistic Regression Imported successfully
2024-11-28 19:36:41,324:INFO:Starting cross validation
2024-11-28 19:36:41,326:INFO:Cross validating with StratifiedKFold(n_splits=5, random_state=None, shuffle=False), n_jobs=-1
2024-11-28 19:36:53,385:WARNING:/home/damiatus/.local/lib/python3.10/site-packages/sklearn/linear_model/_logistic.py:469: ConvergenceWarning: lbfgs failed to converge (status=1):
STOP: TOTAL NO. of ITERATIONS REACHED LIMIT.

Increase the number of iterations (max_iter) or scale the data as shown in:
    https://scikit-learn.org/stable/modules/preprocessing.html
Please also refer to the documentation for alternative solver options:
    https://scikit-learn.org/stable/modules/linear_model.html#logistic-regression
  n_iter_i = _check_optimize_result(

2024-11-28 19:36:53,472:WARNING:/home/damiatus/.local/lib/python3.10/site-packages/sklearn/linear_model/_logistic.py:469: ConvergenceWarning: lbfgs failed to converge (status=1):
STOP: TOTAL NO. of ITERATIONS REACHED LIMIT.

Increase the number of iterations (max_iter) or scale the data as shown in:
    https://scikit-learn.org/stable/modules/preprocessing.html
Please also refer to the documentation for alternative solver options:
    https://scikit-learn.org/stable/modules/linear_model.html#logistic-regression
  n_iter_i = _check_optimize_result(

2024-11-28 19:36:53,555:WARNING:/home/damiatus/.local/lib/python3.10/site-packages/sklearn/linear_model/_logistic.py:469: ConvergenceWarning: lbfgs failed to converge (status=1):
STOP: TOTAL NO. of ITERATIONS REACHED LIMIT.

Increase the number of iterations (max_iter) or scale the data as shown in:
    https://scikit-learn.org/stable/modules/preprocessing.html
Please also refer to the documentation for alternative solver options:
    https://scikit-learn.org/stable/modules/linear_model.html#logistic-regression
  n_iter_i = _check_optimize_result(

2024-11-28 19:36:53,584:WARNING:/home/damiatus/.local/lib/python3.10/site-packages/sklearn/linear_model/_logistic.py:469: ConvergenceWarning: lbfgs failed to converge (status=1):
STOP: TOTAL NO. of ITERATIONS REACHED LIMIT.

Increase the number of iterations (max_iter) or scale the data as shown in:
    https://scikit-learn.org/stable/modules/preprocessing.html
Please also refer to the documentation for alternative solver options:
    https://scikit-learn.org/stable/modules/linear_model.html#logistic-regression
  n_iter_i = _check_optimize_result(

2024-11-28 19:36:58,521:WARNING:/home/damiatus/.local/lib/python3.10/site-packages/sklearn/linear_model/_logistic.py:469: ConvergenceWarning: lbfgs failed to converge (status=1):
STOP: TOTAL NO. of ITERATIONS REACHED LIMIT.

Increase the number of iterations (max_iter) or scale the data as shown in:
    https://scikit-learn.org/stable/modules/preprocessing.html
Please also refer to the documentation for alternative solver options:
    https://scikit-learn.org/stable/modules/linear_model.html#logistic-regression
  n_iter_i = _check_optimize_result(

2024-11-28 19:36:58,574:INFO:Calculating mean and std
2024-11-28 19:36:58,576:INFO:Creating metrics dataframe
2024-11-28 19:36:58,580:INFO:Uploading results into container
2024-11-28 19:36:58,581:INFO:Uploading model into container now
2024-11-28 19:36:58,582:INFO:_master_model_container: 1
2024-11-28 19:36:58,582:INFO:_display_container: 2
2024-11-28 19:36:58,583:INFO:LogisticRegression(C=1.0, class_weight=None, dual=False, fit_intercept=True,
                   intercept_scaling=1, l1_ratio=None, max_iter=1000,
                   multi_class='auto', n_jobs=None, penalty='l2',
                   random_state=444, solver='lbfgs', tol=0.0001, verbose=0,
                   warm_start=False)
2024-11-28 19:36:58,583:INFO:create_model() successfully completed......................................
2024-11-28 19:36:58,686:INFO:SubProcess create_model() end ==================================
2024-11-28 19:36:58,687:INFO:Creating metrics dataframe
2024-11-28 19:36:58,697:INFO:Initializing K Neighbors Classifier
2024-11-28 19:36:58,697:INFO:Total runtime is 0.2925950845082601 minutes
2024-11-28 19:36:58,703:INFO:SubProcess create_model() called ==================================
2024-11-28 19:36:58,704:INFO:Initializing create_model()
2024-11-28 19:36:58,704:INFO:create_model(self=<pycaret.classification.oop.ClassificationExperiment object at 0x7fda06e8fa30>, estimator=knn, fold=StratifiedKFold(n_splits=5, random_state=None, shuffle=False), round=4, cross_validation=True, predict=True, fit_kwargs={}, groups=None, refit=False, probability_threshold=None, experiment_custom_tags=None, verbose=False, system=False, add_to_model_list=True, metrics=None, display=<pycaret.internal.display.display.CommonDisplay object at 0x7fd9c175d030>, model_only=True, return_train_score=False, error_score=0.0, kwargs={})
2024-11-28 19:36:58,704:INFO:Checking exceptions
2024-11-28 19:36:58,705:INFO:Importing libraries
2024-11-28 19:36:58,705:INFO:Copying training dataset
2024-11-28 19:36:58,821:INFO:Defining folds
2024-11-28 19:36:58,822:INFO:Declaring metric variables
2024-11-28 19:36:58,833:INFO:Importing untrained model
2024-11-28 19:36:58,839:INFO:K Neighbors Classifier Imported successfully
2024-11-28 19:36:58,853:INFO:Starting cross validation
2024-11-28 19:36:58,855:INFO:Cross validating with StratifiedKFold(n_splits=5, random_state=None, shuffle=False), n_jobs=-1
2024-11-28 19:37:19,778:INFO:PyCaret ClassificationExperiment
2024-11-28 19:37:19,778:INFO:Logging name: clf-default-name
2024-11-28 19:37:19,778:INFO:ML Usecase: MLUsecase.CLASSIFICATION
2024-11-28 19:37:19,778:INFO:version 3.3.2
2024-11-28 19:37:19,778:INFO:Initializing setup()
2024-11-28 19:37:19,778:INFO:self.USI: 8a8b
2024-11-28 19:37:19,779:INFO:self._variable_keys: {'gpu_param', 'memory', 'y', 'n_jobs_param', 'fix_imbalance', 'target_param', 'X_test', 'idx', 'data', 'y_train', 'is_multiclass', '_available_plots', 'X_train', 'exp_id', 'log_plots_param', 'gpu_n_jobs_param', 'fold_groups_param', '_ml_usecase', 'y_test', 'fold_shuffle_param', 'exp_name_log', 'fold_generator', 'pipeline', 'USI', 'html_param', 'seed', 'X', 'logging_param'}
2024-11-28 19:37:19,779:INFO:Checking environment
2024-11-28 19:37:19,782:INFO:python_version: 3.10.12
2024-11-28 19:37:19,782:INFO:python_build: ('main', 'Nov  6 2024 20:22:13')
2024-11-28 19:37:19,782:INFO:machine: x86_64
2024-11-28 19:37:19,782:INFO:platform: Linux-5.15.167.4-microsoft-standard-WSL2-x86_64-with-glibc2.35
2024-11-28 19:37:19,783:INFO:Memory: svmem(total=8286756864, available=1618022400, percent=80.5, used=6371680256, free=886583296, active=484720640, inactive=6383771648, buffers=54583296, cached=973910016, shared=3289088, slab=210731008)
2024-11-28 19:37:19,783:INFO:Physical Core: 4
2024-11-28 19:37:19,783:INFO:Logical Core: 4
2024-11-28 19:37:19,783:INFO:Checking libraries
2024-11-28 19:37:19,783:INFO:System:
2024-11-28 19:37:19,783:INFO:    python: 3.10.12 (main, Nov  6 2024, 20:22:13) [GCC 11.4.0]
2024-11-28 19:37:19,783:INFO:executable: /bin/python3
2024-11-28 19:37:19,783:INFO:   machine: Linux-5.15.167.4-microsoft-standard-WSL2-x86_64-with-glibc2.35
2024-11-28 19:37:19,784:INFO:PyCaret required dependencies:
2024-11-28 19:37:19,784:INFO:                 pip: 22.0.2
2024-11-28 19:37:19,784:INFO:          setuptools: 59.6.0
2024-11-28 19:37:19,784:INFO:             pycaret: 3.3.2
2024-11-28 19:37:19,784:INFO:             IPython: 8.27.0
2024-11-28 19:37:19,784:INFO:          ipywidgets: 8.1.5
2024-11-28 19:37:19,784:INFO:                tqdm: 4.66.5
2024-11-28 19:37:19,784:INFO:               numpy: 1.26.4
2024-11-28 19:37:19,784:INFO:              pandas: 2.1.4
2024-11-28 19:37:19,784:INFO:              jinja2: 3.1.4
2024-11-28 19:37:19,784:INFO:               scipy: 1.11.4
2024-11-28 19:37:19,784:INFO:              joblib: 1.3.2
2024-11-28 19:37:19,784:INFO:             sklearn: 1.4.2
2024-11-28 19:37:19,784:INFO:                pyod: 2.0.2
2024-11-28 19:37:19,784:INFO:            imblearn: 0.12.4
2024-11-28 19:37:19,784:INFO:   category_encoders: 2.6.4
2024-11-28 19:37:19,784:INFO:            lightgbm: 4.5.0
2024-11-28 19:37:19,784:INFO:               numba: 0.60.0
2024-11-28 19:37:19,784:INFO:            requests: 2.32.3
2024-11-28 19:37:19,784:INFO:          matplotlib: 3.7.5
2024-11-28 19:37:19,784:INFO:          scikitplot: 0.3.7
2024-11-28 19:37:19,784:INFO:         yellowbrick: 1.5
2024-11-28 19:37:19,785:INFO:              plotly: 5.24.1
2024-11-28 19:37:19,785:INFO:    plotly-resampler: Not installed
2024-11-28 19:37:19,785:INFO:             kaleido: 0.2.1
2024-11-28 19:37:19,785:INFO:           schemdraw: 0.15
2024-11-28 19:37:19,785:INFO:         statsmodels: 0.14.3
2024-11-28 19:37:19,785:INFO:              sktime: 0.26.0
2024-11-28 19:37:19,785:INFO:               tbats: 1.1.3
2024-11-28 19:37:19,785:INFO:            pmdarima: 2.0.4
2024-11-28 19:37:19,785:INFO:              psutil: 6.0.0
2024-11-28 19:37:19,785:INFO:          markupsafe: 3.0.1
2024-11-28 19:37:19,785:INFO:             pickle5: Not installed
2024-11-28 19:37:19,785:INFO:         cloudpickle: 3.0.0
2024-11-28 19:37:19,785:INFO:         deprecation: 2.1.0
2024-11-28 19:37:19,785:INFO:              xxhash: 3.5.0
2024-11-28 19:37:19,785:INFO:           wurlitzer: 3.1.1
2024-11-28 19:37:19,785:INFO:PyCaret optional dependencies:
2024-11-28 19:37:19,785:INFO:                shap: 0.44.1
2024-11-28 19:37:19,785:INFO:           interpret: 0.6.7
2024-11-28 19:37:19,785:INFO:                umap: 0.5.7
2024-11-28 19:37:19,785:INFO:     ydata_profiling: 4.12.0
2024-11-28 19:37:19,785:INFO:  explainerdashboard: 0.4.7
2024-11-28 19:37:19,785:INFO:             autoviz: Not installed
2024-11-28 19:37:19,785:INFO:           fairlearn: 0.7.0
2024-11-28 19:37:19,785:INFO:          deepchecks: Not installed
2024-11-28 19:37:19,785:INFO:             xgboost: 2.1.1
2024-11-28 19:37:19,785:INFO:            catboost: 1.2.7
2024-11-28 19:37:19,786:INFO:              kmodes: Not installed
2024-11-28 19:37:19,786:INFO:             mlxtend: Not installed
2024-11-28 19:37:19,786:INFO:       statsforecast: Not installed
2024-11-28 19:37:19,786:INFO:        tune_sklearn: Not installed
2024-11-28 19:37:19,786:INFO:                 ray: Not installed
2024-11-28 19:37:19,786:INFO:            hyperopt: Not installed
2024-11-28 19:37:19,786:INFO:              optuna: Not installed
2024-11-28 19:37:19,786:INFO:               skopt: Not installed
2024-11-28 19:37:19,786:INFO:              mlflow: Not installed
2024-11-28 19:37:19,786:INFO:              gradio: Not installed
2024-11-28 19:37:19,786:INFO:             fastapi: Not installed
2024-11-28 19:37:19,786:INFO:             uvicorn: Not installed
2024-11-28 19:37:19,786:INFO:              m2cgen: Not installed
2024-11-28 19:37:19,786:INFO:           evidently: Not installed
2024-11-28 19:37:19,786:INFO:               fugue: Not installed
2024-11-28 19:37:19,786:INFO:           streamlit: Not installed
2024-11-28 19:37:19,786:INFO:             prophet: 1.1.6
2024-11-28 19:37:19,786:INFO:None
2024-11-28 19:37:19,786:INFO:Set up data.
2024-11-28 19:37:19,919:INFO:Set up folding strategy.
2024-11-28 19:37:19,919:INFO:Set up train/test split.
2024-11-28 19:37:20,047:INFO:Set up index.
2024-11-28 19:37:20,048:INFO:Assigning column types.
2024-11-28 19:37:20,135:INFO:Engine successfully changes for model 'lr' to 'sklearn'.
2024-11-28 19:37:20,208:INFO:Engine for model 'knn' has not been set explicitly, hence returning None.
2024-11-28 19:37:20,209:INFO:Engine for model 'rbfsvm' has not been set explicitly, hence returning None.
2024-11-28 19:37:20,256:INFO:Soft dependency imported: xgboost: 2.1.1
2024-11-28 19:37:20,260:INFO:Soft dependency imported: catboost: 1.2.7
2024-11-28 19:37:20,332:INFO:Engine for model 'knn' has not been set explicitly, hence returning None.
2024-11-28 19:37:20,333:INFO:Engine for model 'rbfsvm' has not been set explicitly, hence returning None.
2024-11-28 19:37:20,376:INFO:Soft dependency imported: xgboost: 2.1.1
2024-11-28 19:37:20,380:INFO:Soft dependency imported: catboost: 1.2.7
2024-11-28 19:37:20,381:INFO:Engine successfully changes for model 'knn' to 'sklearn'.
2024-11-28 19:37:20,450:INFO:Engine for model 'rbfsvm' has not been set explicitly, hence returning None.
2024-11-28 19:37:20,492:INFO:Soft dependency imported: xgboost: 2.1.1
2024-11-28 19:37:20,496:INFO:Soft dependency imported: catboost: 1.2.7
2024-11-28 19:37:20,567:INFO:Engine for model 'rbfsvm' has not been set explicitly, hence returning None.
2024-11-28 19:37:20,609:INFO:Soft dependency imported: xgboost: 2.1.1
2024-11-28 19:37:20,614:INFO:Soft dependency imported: catboost: 1.2.7
2024-11-28 19:37:20,615:INFO:Engine successfully changes for model 'rbfsvm' to 'sklearn'.
2024-11-28 19:37:20,734:INFO:Soft dependency imported: xgboost: 2.1.1
2024-11-28 19:37:20,740:INFO:Soft dependency imported: catboost: 1.2.7
2024-11-28 19:37:20,855:INFO:Soft dependency imported: xgboost: 2.1.1
2024-11-28 19:37:20,859:INFO:Soft dependency imported: catboost: 1.2.7
2024-11-28 19:37:20,860:INFO:Preparing preprocessing pipeline...
2024-11-28 19:37:20,870:INFO:Set up date feature engineering.
2024-11-28 19:37:20,871:INFO:Set up simple imputation.
2024-11-28 19:37:20,903:INFO:Set up encoding of ordinal features.
2024-11-28 19:37:20,921:INFO:Set up encoding of categorical features.
2024-11-28 19:37:21,646:INFO:Finished creating preprocessing pipeline.
2024-11-28 19:37:21,677:INFO:Pipeline: Pipeline(memory=FastMemory(location=/tmp/joblib),
         steps=[('date_feature_extractor',
                 TransformerWrapper(exclude=None,
                                    include=['borrow_timestamp',
                                             'first_tx_timestamp',
                                             'last_tx_timestamp'],
                                    transformer=ExtractDateTimeFeatures(features=['day',
                                                                                  'month',
                                                                                  'year']))),
                ('numerical_imputer',
                 TransformerWrapper(exclude=None,
                                    include=['wallet_age', 'incoming_tx_count',...
                ('ordinal_encoding',
                 TransformerWrapper(exclude=None,
                                    include=['market_ht_trendmode'],
                                    transformer=OrdinalEncoder(cols=['market_ht_trendmode'],
                                                               drop_invariant=False,
                                                               handle_missing='return_nan',
                                                               handle_unknown='value',
                                                               mapping=[{'col': 'market_ht_trendmode',
                                                                         'data_type': dtype('float64'),
                                                                         'mapping': 0.0    0
1.0    1
NaN   -1
dtype: int64}],
                                                               return_df=True,
                                                               verbose=0)))],
         verbose=False)
2024-11-28 19:37:21,678:INFO:Creating final display dataframe.
2024-11-28 19:37:22,056:INFO:Setup _display_container:                     Description             Value
0                    Session id               444
1                        Target            target
2                   Target type            Binary
3           Original data shape       (42081, 78)
4        Transformed data shape       (42081, 79)
5   Transformed train set shape       (29456, 79)
6    Transformed test set shape       (12625, 79)
7               Ignore features                 5
8              Numeric features                68
9                 Date features                 3
10         Categorical features                 1
11     Rows with missing values             99.1%
12                   Preprocess              True
13              Imputation type            simple
14           Numeric imputation              mean
15       Categorical imputation              mode
16     Maximum one-hot encoding                25
17              Encoding method              None
18               Fold Generator   StratifiedKFold
19                  Fold Number                 5
20                     CPU Jobs                -1
21                      Use GPU             False
22               Log Experiment             False
23              Experiment Name  clf-default-name
24                          USI              8a8b
2024-11-28 19:37:22,182:INFO:Soft dependency imported: xgboost: 2.1.1
2024-11-28 19:37:22,188:INFO:Soft dependency imported: catboost: 1.2.7
2024-11-28 19:37:22,297:INFO:Soft dependency imported: xgboost: 2.1.1
2024-11-28 19:37:22,301:INFO:Soft dependency imported: catboost: 1.2.7
2024-11-28 19:37:22,303:INFO:setup() successfully completed in 2.53s...............
2024-11-28 19:37:22,304:INFO:Initializing compare_models()
2024-11-28 19:37:22,304:INFO:compare_models(self=<pycaret.classification.oop.ClassificationExperiment object at 0x7fd9d3ce62c0>, include=None, fold=None, round=4, cross_validation=True, sort=Accuracy, n_select=1, budget_time=None, turbo=True, errors=ignore, fit_kwargs=None, groups=None, experiment_custom_tags=None, probability_threshold=None, verbose=True, parallel=None, caller_params={'self': <pycaret.classification.oop.ClassificationExperiment object at 0x7fd9d3ce62c0>, 'include': None, 'exclude': None, 'fold': None, 'round': 4, 'cross_validation': True, 'sort': 'Accuracy', 'n_select': 1, 'budget_time': None, 'turbo': True, 'errors': 'ignore', 'fit_kwargs': None, 'groups': None, 'experiment_custom_tags': None, 'probability_threshold': None, 'engine': None, 'verbose': True, 'parallel': None, '__class__': <class 'pycaret.classification.oop.ClassificationExperiment'>}, exclude=None)
2024-11-28 19:37:22,304:INFO:Checking exceptions
2024-11-28 19:37:22,360:INFO:Preparing display monitor
2024-11-28 19:37:22,411:INFO:Initializing Logistic Regression
2024-11-28 19:37:22,411:INFO:Total runtime is 1.0136763254801432e-05 minutes
2024-11-28 19:37:22,417:INFO:SubProcess create_model() called ==================================
2024-11-28 19:37:22,418:INFO:Initializing create_model()
2024-11-28 19:37:22,418:INFO:create_model(self=<pycaret.classification.oop.ClassificationExperiment object at 0x7fd9d3ce62c0>, estimator=lr, fold=StratifiedKFold(n_splits=5, random_state=None, shuffle=False), round=4, cross_validation=True, predict=True, fit_kwargs={}, groups=None, refit=False, probability_threshold=None, experiment_custom_tags=None, verbose=False, system=False, add_to_model_list=True, metrics=None, display=<pycaret.internal.display.display.CommonDisplay object at 0x7fd9d3b35930>, model_only=True, return_train_score=False, error_score=0.0, kwargs={})
2024-11-28 19:37:22,418:INFO:Checking exceptions
2024-11-28 19:37:22,418:INFO:Importing libraries
2024-11-28 19:37:22,418:INFO:Copying training dataset
2024-11-28 19:37:22,526:INFO:Defining folds
2024-11-28 19:37:22,527:INFO:Declaring metric variables
2024-11-28 19:37:22,532:INFO:Importing untrained model
2024-11-28 19:37:22,539:INFO:Logistic Regression Imported successfully
2024-11-28 19:37:22,559:INFO:Starting cross validation
2024-11-28 19:37:22,561:INFO:Cross validating with StratifiedKFold(n_splits=5, random_state=None, shuffle=False), n_jobs=-1
2024-11-28 19:37:56,716:WARNING:/home/damiatus/.local/lib/python3.10/site-packages/sklearn/linear_model/_logistic.py:469: ConvergenceWarning: lbfgs failed to converge (status=1):
STOP: TOTAL NO. of ITERATIONS REACHED LIMIT.

Increase the number of iterations (max_iter) or scale the data as shown in:
    https://scikit-learn.org/stable/modules/preprocessing.html
Please also refer to the documentation for alternative solver options:
    https://scikit-learn.org/stable/modules/linear_model.html#logistic-regression
  n_iter_i = _check_optimize_result(

2024-11-28 19:37:56,765:WARNING:/home/damiatus/.local/lib/python3.10/site-packages/sklearn/linear_model/_logistic.py:469: ConvergenceWarning: lbfgs failed to converge (status=1):
STOP: TOTAL NO. of ITERATIONS REACHED LIMIT.

Increase the number of iterations (max_iter) or scale the data as shown in:
    https://scikit-learn.org/stable/modules/preprocessing.html
Please also refer to the documentation for alternative solver options:
    https://scikit-learn.org/stable/modules/linear_model.html#logistic-regression
  n_iter_i = _check_optimize_result(

2024-11-28 19:37:56,876:WARNING:/home/damiatus/.local/lib/python3.10/site-packages/sklearn/linear_model/_logistic.py:469: ConvergenceWarning: lbfgs failed to converge (status=1):
STOP: TOTAL NO. of ITERATIONS REACHED LIMIT.

Increase the number of iterations (max_iter) or scale the data as shown in:
    https://scikit-learn.org/stable/modules/preprocessing.html
Please also refer to the documentation for alternative solver options:
    https://scikit-learn.org/stable/modules/linear_model.html#logistic-regression
  n_iter_i = _check_optimize_result(

2024-11-28 19:38:03,806:WARNING:/home/damiatus/.local/lib/python3.10/site-packages/sklearn/linear_model/_logistic.py:469: ConvergenceWarning: lbfgs failed to converge (status=1):
STOP: TOTAL NO. of ITERATIONS REACHED LIMIT.

Increase the number of iterations (max_iter) or scale the data as shown in:
    https://scikit-learn.org/stable/modules/preprocessing.html
Please also refer to the documentation for alternative solver options:
    https://scikit-learn.org/stable/modules/linear_model.html#logistic-regression
  n_iter_i = _check_optimize_result(

2024-11-28 19:38:10,727:INFO:Calculating mean and std
2024-11-28 19:38:10,730:INFO:Creating metrics dataframe
2024-11-28 19:38:10,744:INFO:Uploading results into container
2024-11-28 19:38:10,745:INFO:Uploading model into container now
2024-11-28 19:38:10,746:INFO:_master_model_container: 1
2024-11-28 19:38:10,746:INFO:_display_container: 2
2024-11-28 19:38:10,746:INFO:LogisticRegression(C=1.0, class_weight=None, dual=False, fit_intercept=True,
                   intercept_scaling=1, l1_ratio=None, max_iter=1000,
                   multi_class='auto', n_jobs=None, penalty='l2',
                   random_state=444, solver='lbfgs', tol=0.0001, verbose=0,
                   warm_start=False)
2024-11-28 19:38:10,747:INFO:create_model() successfully completed......................................
2024-11-28 19:38:10,897:INFO:SubProcess create_model() end ==================================
2024-11-28 19:38:10,897:INFO:Creating metrics dataframe
2024-11-28 19:38:10,908:INFO:Initializing K Neighbors Classifier
2024-11-28 19:38:10,908:INFO:Total runtime is 0.8082897504170735 minutes
2024-11-28 19:38:10,917:INFO:SubProcess create_model() called ==================================
2024-11-28 19:38:10,918:INFO:Initializing create_model()
2024-11-28 19:38:10,918:INFO:create_model(self=<pycaret.classification.oop.ClassificationExperiment object at 0x7fd9d3ce62c0>, estimator=knn, fold=StratifiedKFold(n_splits=5, random_state=None, shuffle=False), round=4, cross_validation=True, predict=True, fit_kwargs={}, groups=None, refit=False, probability_threshold=None, experiment_custom_tags=None, verbose=False, system=False, add_to_model_list=True, metrics=None, display=<pycaret.internal.display.display.CommonDisplay object at 0x7fd9d3b35930>, model_only=True, return_train_score=False, error_score=0.0, kwargs={})
2024-11-28 19:38:10,918:INFO:Checking exceptions
2024-11-28 19:38:10,918:INFO:Importing libraries
2024-11-28 19:38:10,918:INFO:Copying training dataset
2024-11-28 19:38:11,014:INFO:Defining folds
2024-11-28 19:38:11,014:INFO:Declaring metric variables
2024-11-28 19:38:11,021:INFO:Importing untrained model
2024-11-28 19:38:11,029:INFO:K Neighbors Classifier Imported successfully
2024-11-28 19:38:11,042:INFO:Starting cross validation
2024-11-28 19:38:11,044:INFO:Cross validating with StratifiedKFold(n_splits=5, random_state=None, shuffle=False), n_jobs=-1
2024-11-28 19:38:46,316:INFO:Calculating mean and std
2024-11-28 19:38:46,318:INFO:Creating metrics dataframe
2024-11-28 19:38:46,322:INFO:Uploading results into container
2024-11-28 19:38:46,323:INFO:Uploading model into container now
2024-11-28 19:38:46,324:INFO:_master_model_container: 2
2024-11-28 19:38:46,325:INFO:_display_container: 2
2024-11-28 19:38:46,325:INFO:KNeighborsClassifier(algorithm='auto', leaf_size=30, metric='minkowski',
                     metric_params=None, n_jobs=-1, n_neighbors=5, p=2,
                     weights='uniform')
2024-11-28 19:38:46,325:INFO:create_model() successfully completed......................................
2024-11-28 19:38:46,444:INFO:SubProcess create_model() end ==================================
2024-11-28 19:38:46,444:INFO:Creating metrics dataframe
2024-11-28 19:38:46,455:INFO:Initializing Naive Bayes
2024-11-28 19:38:46,455:INFO:Total runtime is 1.4007462938626607 minutes
2024-11-28 19:38:46,460:INFO:SubProcess create_model() called ==================================
2024-11-28 19:38:46,461:INFO:Initializing create_model()
2024-11-28 19:38:46,462:INFO:create_model(self=<pycaret.classification.oop.ClassificationExperiment object at 0x7fd9d3ce62c0>, estimator=nb, fold=StratifiedKFold(n_splits=5, random_state=None, shuffle=False), round=4, cross_validation=True, predict=True, fit_kwargs={}, groups=None, refit=False, probability_threshold=None, experiment_custom_tags=None, verbose=False, system=False, add_to_model_list=True, metrics=None, display=<pycaret.internal.display.display.CommonDisplay object at 0x7fd9d3b35930>, model_only=True, return_train_score=False, error_score=0.0, kwargs={})
2024-11-28 19:38:46,462:INFO:Checking exceptions
2024-11-28 19:38:46,462:INFO:Importing libraries
2024-11-28 19:38:46,462:INFO:Copying training dataset
2024-11-28 19:38:46,582:INFO:Defining folds
2024-11-28 19:38:46,583:INFO:Declaring metric variables
2024-11-28 19:38:46,590:INFO:Importing untrained model
2024-11-28 19:38:46,595:INFO:Naive Bayes Imported successfully
2024-11-28 19:38:46,616:INFO:Starting cross validation
2024-11-28 19:38:46,619:INFO:Cross validating with StratifiedKFold(n_splits=5, random_state=None, shuffle=False), n_jobs=-1
2024-11-28 19:38:48,139:INFO:Calculating mean and std
2024-11-28 19:38:48,140:INFO:Creating metrics dataframe
2024-11-28 19:38:48,144:INFO:Uploading results into container
2024-11-28 19:38:48,145:INFO:Uploading model into container now
2024-11-28 19:38:48,146:INFO:_master_model_container: 3
2024-11-28 19:38:48,146:INFO:_display_container: 2
2024-11-28 19:38:48,147:INFO:GaussianNB(priors=None, var_smoothing=1e-09)
2024-11-28 19:38:48,147:INFO:create_model() successfully completed......................................
2024-11-28 19:38:48,267:INFO:SubProcess create_model() end ==================================
2024-11-28 19:38:48,267:INFO:Creating metrics dataframe
2024-11-28 19:38:48,278:INFO:Initializing Decision Tree Classifier
2024-11-28 19:38:48,279:INFO:Total runtime is 1.4311338941256204 minutes
2024-11-28 19:38:48,284:INFO:SubProcess create_model() called ==================================
2024-11-28 19:38:48,285:INFO:Initializing create_model()
2024-11-28 19:38:48,285:INFO:create_model(self=<pycaret.classification.oop.ClassificationExperiment object at 0x7fd9d3ce62c0>, estimator=dt, fold=StratifiedKFold(n_splits=5, random_state=None, shuffle=False), round=4, cross_validation=True, predict=True, fit_kwargs={}, groups=None, refit=False, probability_threshold=None, experiment_custom_tags=None, verbose=False, system=False, add_to_model_list=True, metrics=None, display=<pycaret.internal.display.display.CommonDisplay object at 0x7fd9d3b35930>, model_only=True, return_train_score=False, error_score=0.0, kwargs={})
2024-11-28 19:38:48,285:INFO:Checking exceptions
2024-11-28 19:38:48,286:INFO:Importing libraries
2024-11-28 19:38:48,286:INFO:Copying training dataset
2024-11-28 19:38:48,410:INFO:Defining folds
2024-11-28 19:38:48,411:INFO:Declaring metric variables
2024-11-28 19:38:48,416:INFO:Importing untrained model
2024-11-28 19:38:48,425:INFO:Decision Tree Classifier Imported successfully
2024-11-28 19:38:48,440:INFO:Starting cross validation
2024-11-28 19:38:48,443:INFO:Cross validating with StratifiedKFold(n_splits=5, random_state=None, shuffle=False), n_jobs=-1
2024-11-28 19:38:54,193:INFO:Calculating mean and std
2024-11-28 19:38:54,194:INFO:Creating metrics dataframe
2024-11-28 19:38:54,198:INFO:Uploading results into container
2024-11-28 19:38:54,203:INFO:Uploading model into container now
2024-11-28 19:38:54,204:INFO:_master_model_container: 4
2024-11-28 19:38:54,204:INFO:_display_container: 2
2024-11-28 19:38:54,205:INFO:DecisionTreeClassifier(ccp_alpha=0.0, class_weight=None, criterion='gini',
                       max_depth=None, max_features=None, max_leaf_nodes=None,
                       min_impurity_decrease=0.0, min_samples_leaf=1,
                       min_samples_split=2, min_weight_fraction_leaf=0.0,
                       monotonic_cst=None, random_state=444, splitter='best')
2024-11-28 19:38:54,205:INFO:create_model() successfully completed......................................
2024-11-28 19:38:54,329:INFO:SubProcess create_model() end ==================================
2024-11-28 19:38:54,329:INFO:Creating metrics dataframe
2024-11-28 19:38:54,344:INFO:Initializing SVM - Linear Kernel
2024-11-28 19:38:54,344:INFO:Total runtime is 1.5322267055511474 minutes
2024-11-28 19:38:54,349:INFO:SubProcess create_model() called ==================================
2024-11-28 19:38:54,350:INFO:Initializing create_model()
2024-11-28 19:38:54,350:INFO:create_model(self=<pycaret.classification.oop.ClassificationExperiment object at 0x7fd9d3ce62c0>, estimator=svm, fold=StratifiedKFold(n_splits=5, random_state=None, shuffle=False), round=4, cross_validation=True, predict=True, fit_kwargs={}, groups=None, refit=False, probability_threshold=None, experiment_custom_tags=None, verbose=False, system=False, add_to_model_list=True, metrics=None, display=<pycaret.internal.display.display.CommonDisplay object at 0x7fd9d3b35930>, model_only=True, return_train_score=False, error_score=0.0, kwargs={})
2024-11-28 19:38:54,350:INFO:Checking exceptions
2024-11-28 19:38:54,356:INFO:Importing libraries
2024-11-28 19:38:54,357:INFO:Copying training dataset
2024-11-28 19:38:54,452:INFO:Defining folds
2024-11-28 19:38:54,452:INFO:Declaring metric variables
2024-11-28 19:38:54,461:INFO:Importing untrained model
2024-11-28 19:38:54,468:INFO:SVM - Linear Kernel Imported successfully
2024-11-28 19:38:54,482:INFO:Starting cross validation
2024-11-28 19:38:54,484:INFO:Cross validating with StratifiedKFold(n_splits=5, random_state=None, shuffle=False), n_jobs=-1
2024-11-28 19:38:57,115:WARNING:/home/damiatus/.local/lib/python3.10/site-packages/sklearn/metrics/_classification.py:1509: UndefinedMetricWarning: Precision is ill-defined and being set to 0.0 due to no predicted samples. Use `zero_division` parameter to control this behavior.
  _warn_prf(average, modifier, f"{metric.capitalize()} is", len(result))

2024-11-28 19:38:57,211:WARNING:/home/damiatus/.local/lib/python3.10/site-packages/sklearn/metrics/_classification.py:1509: UndefinedMetricWarning: Precision is ill-defined and being set to 0.0 due to no predicted samples. Use `zero_division` parameter to control this behavior.
  _warn_prf(average, modifier, f"{metric.capitalize()} is", len(result))

2024-11-28 19:38:59,110:WARNING:/home/damiatus/.local/lib/python3.10/site-packages/sklearn/metrics/_classification.py:1509: UndefinedMetricWarning: Precision is ill-defined and being set to 0.0 due to no predicted samples. Use `zero_division` parameter to control this behavior.
  _warn_prf(average, modifier, f"{metric.capitalize()} is", len(result))

2024-11-28 19:38:59,132:INFO:Calculating mean and std
2024-11-28 19:38:59,133:INFO:Creating metrics dataframe
2024-11-28 19:38:59,137:INFO:Uploading results into container
2024-11-28 19:38:59,138:INFO:Uploading model into container now
2024-11-28 19:38:59,139:INFO:_master_model_container: 5
2024-11-28 19:38:59,139:INFO:_display_container: 2
2024-11-28 19:38:59,140:INFO:SGDClassifier(alpha=0.0001, average=False, class_weight=None,
              early_stopping=False, epsilon=0.1, eta0=0.001, fit_intercept=True,
              l1_ratio=0.15, learning_rate='optimal', loss='hinge',
              max_iter=1000, n_iter_no_change=5, n_jobs=-1, penalty='l2',
              power_t=0.5, random_state=444, shuffle=True, tol=0.001,
              validation_fraction=0.1, verbose=0, warm_start=False)
2024-11-28 19:38:59,141:INFO:create_model() successfully completed......................................
2024-11-28 19:38:59,264:INFO:SubProcess create_model() end ==================================
2024-11-28 19:38:59,265:INFO:Creating metrics dataframe
2024-11-28 19:38:59,277:INFO:Initializing Ridge Classifier
2024-11-28 19:38:59,277:INFO:Total runtime is 1.6144373615582783 minutes
2024-11-28 19:38:59,283:INFO:SubProcess create_model() called ==================================
2024-11-28 19:38:59,283:INFO:Initializing create_model()
2024-11-28 19:38:59,284:INFO:create_model(self=<pycaret.classification.oop.ClassificationExperiment object at 0x7fd9d3ce62c0>, estimator=ridge, fold=StratifiedKFold(n_splits=5, random_state=None, shuffle=False), round=4, cross_validation=True, predict=True, fit_kwargs={}, groups=None, refit=False, probability_threshold=None, experiment_custom_tags=None, verbose=False, system=False, add_to_model_list=True, metrics=None, display=<pycaret.internal.display.display.CommonDisplay object at 0x7fd9d3b35930>, model_only=True, return_train_score=False, error_score=0.0, kwargs={})
2024-11-28 19:38:59,285:INFO:Checking exceptions
2024-11-28 19:38:59,286:INFO:Importing libraries
2024-11-28 19:38:59,286:INFO:Copying training dataset
2024-11-28 19:38:59,392:INFO:Defining folds
2024-11-28 19:38:59,393:INFO:Declaring metric variables
2024-11-28 19:38:59,400:INFO:Importing untrained model
2024-11-28 19:38:59,406:INFO:Ridge Classifier Imported successfully
2024-11-28 19:38:59,423:INFO:Starting cross validation
2024-11-28 19:38:59,425:INFO:Cross validating with StratifiedKFold(n_splits=5, random_state=None, shuffle=False), n_jobs=-1
2024-11-28 19:39:00,054:WARNING:/home/damiatus/.local/lib/python3.10/site-packages/sklearn/linear_model/_ridge.py:204: LinAlgWarning: Ill-conditioned matrix (rcond=4.00615e-19): result may not be accurate.
  return linalg.solve(A, Xy, assume_a="pos", overwrite_a=True).T

2024-11-28 19:39:00,065:WARNING:/home/damiatus/.local/lib/python3.10/site-packages/sklearn/linear_model/_ridge.py:204: LinAlgWarning: Ill-conditioned matrix (rcond=3.99308e-19): result may not be accurate.
  return linalg.solve(A, Xy, assume_a="pos", overwrite_a=True).T

2024-11-28 19:39:00,097:WARNING:/home/damiatus/.local/lib/python3.10/site-packages/sklearn/linear_model/_ridge.py:204: LinAlgWarning: Ill-conditioned matrix (rcond=4.01754e-19): result may not be accurate.
  return linalg.solve(A, Xy, assume_a="pos", overwrite_a=True).T

2024-11-28 19:39:00,139:WARNING:/home/damiatus/.local/lib/python3.10/site-packages/sklearn/linear_model/_ridge.py:204: LinAlgWarning: Ill-conditioned matrix (rcond=4.00214e-19): result may not be accurate.
  return linalg.solve(A, Xy, assume_a="pos", overwrite_a=True).T

2024-11-28 19:39:00,423:WARNING:/home/damiatus/.local/lib/python3.10/site-packages/sklearn/linear_model/_ridge.py:204: LinAlgWarning: Ill-conditioned matrix (rcond=3.96625e-19): result may not be accurate.
  return linalg.solve(A, Xy, assume_a="pos", overwrite_a=True).T

2024-11-28 19:39:00,521:INFO:Calculating mean and std
2024-11-28 19:39:00,523:INFO:Creating metrics dataframe
2024-11-28 19:39:00,526:INFO:Uploading results into container
2024-11-28 19:39:00,528:INFO:Uploading model into container now
2024-11-28 19:39:00,529:INFO:_master_model_container: 6
2024-11-28 19:39:00,529:INFO:_display_container: 2
2024-11-28 19:39:00,529:INFO:RidgeClassifier(alpha=1.0, class_weight=None, copy_X=True, fit_intercept=True,
                max_iter=None, positive=False, random_state=444, solver='auto',
                tol=0.0001)
2024-11-28 19:39:00,530:INFO:create_model() successfully completed......................................
2024-11-28 19:39:00,648:INFO:SubProcess create_model() end ==================================
2024-11-28 19:39:00,648:INFO:Creating metrics dataframe
2024-11-28 19:39:00,659:INFO:Initializing Random Forest Classifier
2024-11-28 19:39:00,660:INFO:Total runtime is 1.6374836802482604 minutes
2024-11-28 19:39:00,666:INFO:SubProcess create_model() called ==================================
2024-11-28 19:39:00,667:INFO:Initializing create_model()
2024-11-28 19:39:00,667:INFO:create_model(self=<pycaret.classification.oop.ClassificationExperiment object at 0x7fd9d3ce62c0>, estimator=rf, fold=StratifiedKFold(n_splits=5, random_state=None, shuffle=False), round=4, cross_validation=True, predict=True, fit_kwargs={}, groups=None, refit=False, probability_threshold=None, experiment_custom_tags=None, verbose=False, system=False, add_to_model_list=True, metrics=None, display=<pycaret.internal.display.display.CommonDisplay object at 0x7fd9d3b35930>, model_only=True, return_train_score=False, error_score=0.0, kwargs={})
2024-11-28 19:39:00,667:INFO:Checking exceptions
2024-11-28 19:39:00,667:INFO:Importing libraries
2024-11-28 19:39:00,667:INFO:Copying training dataset
2024-11-28 19:39:00,762:INFO:Defining folds
2024-11-28 19:39:00,762:INFO:Declaring metric variables
2024-11-28 19:39:00,767:INFO:Importing untrained model
2024-11-28 19:39:00,774:INFO:Random Forest Classifier Imported successfully
2024-11-28 19:39:00,791:INFO:Starting cross validation
2024-11-28 19:39:00,794:INFO:Cross validating with StratifiedKFold(n_splits=5, random_state=None, shuffle=False), n_jobs=-1
2024-11-28 19:39:30,464:INFO:Calculating mean and std
2024-11-28 19:39:30,465:INFO:Creating metrics dataframe
2024-11-28 19:39:30,469:INFO:Uploading results into container
2024-11-28 19:39:30,475:INFO:Uploading model into container now
2024-11-28 19:39:30,481:INFO:_master_model_container: 7
2024-11-28 19:39:30,481:INFO:_display_container: 2
2024-11-28 19:39:30,482:INFO:RandomForestClassifier(bootstrap=True, ccp_alpha=0.0, class_weight=None,
                       criterion='gini', max_depth=None, max_features='sqrt',
                       max_leaf_nodes=None, max_samples=None,
                       min_impurity_decrease=0.0, min_samples_leaf=1,
                       min_samples_split=2, min_weight_fraction_leaf=0.0,
                       monotonic_cst=None, n_estimators=100, n_jobs=-1,
                       oob_score=False, random_state=444, verbose=0,
                       warm_start=False)
2024-11-28 19:39:30,482:INFO:create_model() successfully completed......................................
2024-11-28 19:39:30,596:INFO:SubProcess create_model() end ==================================
2024-11-28 19:39:30,596:INFO:Creating metrics dataframe
2024-11-28 19:39:30,607:INFO:Initializing Quadratic Discriminant Analysis
2024-11-28 19:39:30,607:INFO:Total runtime is 2.136614942550659 minutes
2024-11-28 19:39:30,613:INFO:SubProcess create_model() called ==================================
2024-11-28 19:39:30,613:INFO:Initializing create_model()
2024-11-28 19:39:30,614:INFO:create_model(self=<pycaret.classification.oop.ClassificationExperiment object at 0x7fd9d3ce62c0>, estimator=qda, fold=StratifiedKFold(n_splits=5, random_state=None, shuffle=False), round=4, cross_validation=True, predict=True, fit_kwargs={}, groups=None, refit=False, probability_threshold=None, experiment_custom_tags=None, verbose=False, system=False, add_to_model_list=True, metrics=None, display=<pycaret.internal.display.display.CommonDisplay object at 0x7fd9d3b35930>, model_only=True, return_train_score=False, error_score=0.0, kwargs={})
2024-11-28 19:39:30,614:INFO:Checking exceptions
2024-11-28 19:39:30,614:INFO:Importing libraries
2024-11-28 19:39:30,614:INFO:Copying training dataset
2024-11-28 19:39:30,713:INFO:Defining folds
2024-11-28 19:39:30,714:INFO:Declaring metric variables
2024-11-28 19:39:30,720:INFO:Importing untrained model
2024-11-28 19:39:30,733:INFO:Quadratic Discriminant Analysis Imported successfully
2024-11-28 19:39:30,744:INFO:Starting cross validation
2024-11-28 19:39:30,746:INFO:Cross validating with StratifiedKFold(n_splits=5, random_state=None, shuffle=False), n_jobs=-1
2024-11-28 19:39:32,001:WARNING:/home/damiatus/.local/lib/python3.10/site-packages/sklearn/discriminant_analysis.py:935: UserWarning: Variables are collinear
  warnings.warn("Variables are collinear")

2024-11-28 19:39:32,001:WARNING:/home/damiatus/.local/lib/python3.10/site-packages/sklearn/discriminant_analysis.py:935: UserWarning: Variables are collinear
  warnings.warn("Variables are collinear")

2024-11-28 19:39:32,353:WARNING:/home/damiatus/.local/lib/python3.10/site-packages/sklearn/discriminant_analysis.py:935: UserWarning: Variables are collinear
  warnings.warn("Variables are collinear")

2024-11-28 19:39:32,950:WARNING:/home/damiatus/.local/lib/python3.10/site-packages/sklearn/discriminant_analysis.py:935: UserWarning: Variables are collinear
  warnings.warn("Variables are collinear")

2024-11-28 19:39:34,446:WARNING:/home/damiatus/.local/lib/python3.10/site-packages/sklearn/discriminant_analysis.py:935: UserWarning: Variables are collinear
  warnings.warn("Variables are collinear")

2024-11-28 19:39:34,700:INFO:Calculating mean and std
2024-11-28 19:39:34,701:INFO:Creating metrics dataframe
2024-11-28 19:39:34,705:INFO:Uploading results into container
2024-11-28 19:39:34,706:INFO:Uploading model into container now
2024-11-28 19:39:34,707:INFO:_master_model_container: 8
2024-11-28 19:39:34,708:INFO:_display_container: 2
2024-11-28 19:39:34,708:INFO:QuadraticDiscriminantAnalysis(priors=None, reg_param=0.0,
                              store_covariance=False, tol=0.0001)
2024-11-28 19:39:34,708:INFO:create_model() successfully completed......................................
2024-11-28 19:39:34,853:INFO:SubProcess create_model() end ==================================
2024-11-28 19:39:34,854:INFO:Creating metrics dataframe
2024-11-28 19:39:34,874:INFO:Initializing Ada Boost Classifier
2024-11-28 19:39:34,875:INFO:Total runtime is 2.2077395717302957 minutes
2024-11-28 19:39:34,884:INFO:SubProcess create_model() called ==================================
2024-11-28 19:39:34,884:INFO:Initializing create_model()
2024-11-28 19:39:34,885:INFO:create_model(self=<pycaret.classification.oop.ClassificationExperiment object at 0x7fd9d3ce62c0>, estimator=ada, fold=StratifiedKFold(n_splits=5, random_state=None, shuffle=False), round=4, cross_validation=True, predict=True, fit_kwargs={}, groups=None, refit=False, probability_threshold=None, experiment_custom_tags=None, verbose=False, system=False, add_to_model_list=True, metrics=None, display=<pycaret.internal.display.display.CommonDisplay object at 0x7fd9d3b35930>, model_only=True, return_train_score=False, error_score=0.0, kwargs={})
2024-11-28 19:39:34,885:INFO:Checking exceptions
2024-11-28 19:39:34,885:INFO:Importing libraries
2024-11-28 19:39:34,885:INFO:Copying training dataset
2024-11-28 19:39:34,987:INFO:Defining folds
2024-11-28 19:39:34,987:INFO:Declaring metric variables
2024-11-28 19:39:34,994:INFO:Importing untrained model
2024-11-28 19:39:35,006:INFO:Ada Boost Classifier Imported successfully
2024-11-28 19:39:35,022:INFO:Starting cross validation
2024-11-28 19:39:35,024:INFO:Cross validating with StratifiedKFold(n_splits=5, random_state=None, shuffle=False), n_jobs=-1
2024-11-28 19:39:35,380:WARNING:/home/damiatus/.local/lib/python3.10/site-packages/sklearn/ensemble/_weight_boosting.py:519: FutureWarning: The SAMME.R algorithm (the default) is deprecated and will be removed in 1.6. Use the SAMME algorithm to circumvent this warning.
  warnings.warn(

2024-11-28 19:39:35,413:WARNING:/home/damiatus/.local/lib/python3.10/site-packages/sklearn/ensemble/_weight_boosting.py:519: FutureWarning: The SAMME.R algorithm (the default) is deprecated and will be removed in 1.6. Use the SAMME algorithm to circumvent this warning.
  warnings.warn(

2024-11-28 19:39:35,494:WARNING:/home/damiatus/.local/lib/python3.10/site-packages/sklearn/ensemble/_weight_boosting.py:519: FutureWarning: The SAMME.R algorithm (the default) is deprecated and will be removed in 1.6. Use the SAMME algorithm to circumvent this warning.
  warnings.warn(

2024-11-28 19:39:35,519:WARNING:/home/damiatus/.local/lib/python3.10/site-packages/sklearn/ensemble/_weight_boosting.py:519: FutureWarning: The SAMME.R algorithm (the default) is deprecated and will be removed in 1.6. Use the SAMME algorithm to circumvent this warning.
  warnings.warn(

2024-11-28 19:39:45,943:WARNING:/home/damiatus/.local/lib/python3.10/site-packages/sklearn/ensemble/_weight_boosting.py:519: FutureWarning: The SAMME.R algorithm (the default) is deprecated and will be removed in 1.6. Use the SAMME algorithm to circumvent this warning.
  warnings.warn(

2024-11-28 19:39:54,001:INFO:Calculating mean and std
2024-11-28 19:39:54,002:INFO:Creating metrics dataframe
2024-11-28 19:39:54,005:INFO:Uploading results into container
2024-11-28 19:39:54,007:INFO:Uploading model into container now
2024-11-28 19:39:54,008:INFO:_master_model_container: 9
2024-11-28 19:39:54,008:INFO:_display_container: 2
2024-11-28 19:39:54,008:INFO:AdaBoostClassifier(algorithm='SAMME.R', estimator=None, learning_rate=1.0,
                   n_estimators=50, random_state=444)
2024-11-28 19:39:54,008:INFO:create_model() successfully completed......................................
2024-11-28 19:39:54,121:INFO:SubProcess create_model() end ==================================
2024-11-28 19:39:54,121:INFO:Creating metrics dataframe
2024-11-28 19:39:54,133:INFO:Initializing Gradient Boosting Classifier
2024-11-28 19:39:54,133:INFO:Total runtime is 2.5287138581275936 minutes
2024-11-28 19:39:54,138:INFO:SubProcess create_model() called ==================================
2024-11-28 19:39:54,139:INFO:Initializing create_model()
2024-11-28 19:39:54,139:INFO:create_model(self=<pycaret.classification.oop.ClassificationExperiment object at 0x7fd9d3ce62c0>, estimator=gbc, fold=StratifiedKFold(n_splits=5, random_state=None, shuffle=False), round=4, cross_validation=True, predict=True, fit_kwargs={}, groups=None, refit=False, probability_threshold=None, experiment_custom_tags=None, verbose=False, system=False, add_to_model_list=True, metrics=None, display=<pycaret.internal.display.display.CommonDisplay object at 0x7fd9d3b35930>, model_only=True, return_train_score=False, error_score=0.0, kwargs={})
2024-11-28 19:39:54,139:INFO:Checking exceptions
2024-11-28 19:39:54,140:INFO:Importing libraries
2024-11-28 19:39:54,140:INFO:Copying training dataset
2024-11-28 19:39:54,222:INFO:Defining folds
2024-11-28 19:39:54,222:INFO:Declaring metric variables
2024-11-28 19:39:54,232:INFO:Importing untrained model
2024-11-28 19:39:54,237:INFO:Gradient Boosting Classifier Imported successfully
2024-11-28 19:39:54,248:INFO:Starting cross validation
2024-11-28 19:39:54,250:INFO:Cross validating with StratifiedKFold(n_splits=5, random_state=None, shuffle=False), n_jobs=-1
2024-11-28 19:41:27,697:INFO:Calculating mean and std
2024-11-28 19:41:27,699:INFO:Creating metrics dataframe
2024-11-28 19:41:27,702:INFO:Uploading results into container
2024-11-28 19:41:27,703:INFO:Uploading model into container now
2024-11-28 19:41:27,704:INFO:_master_model_container: 10
2024-11-28 19:41:27,704:INFO:_display_container: 2
2024-11-28 19:41:27,705:INFO:GradientBoostingClassifier(ccp_alpha=0.0, criterion='friedman_mse', init=None,
                           learning_rate=0.1, loss='log_loss', max_depth=3,
                           max_features=None, max_leaf_nodes=None,
                           min_impurity_decrease=0.0, min_samples_leaf=1,
                           min_samples_split=2, min_weight_fraction_leaf=0.0,
                           n_estimators=100, n_iter_no_change=None,
                           random_state=444, subsample=1.0, tol=0.0001,
                           validation_fraction=0.1, verbose=0,
                           warm_start=False)
2024-11-28 19:41:27,705:INFO:create_model() successfully completed......................................
2024-11-28 19:41:27,841:INFO:SubProcess create_model() end ==================================
2024-11-28 19:41:27,842:INFO:Creating metrics dataframe
2024-11-28 19:41:27,857:INFO:Initializing Linear Discriminant Analysis
2024-11-28 19:41:27,857:INFO:Total runtime is 4.090779141585032 minutes
2024-11-28 19:41:27,863:INFO:SubProcess create_model() called ==================================
2024-11-28 19:41:27,864:INFO:Initializing create_model()
2024-11-28 19:41:27,864:INFO:create_model(self=<pycaret.classification.oop.ClassificationExperiment object at 0x7fd9d3ce62c0>, estimator=lda, fold=StratifiedKFold(n_splits=5, random_state=None, shuffle=False), round=4, cross_validation=True, predict=True, fit_kwargs={}, groups=None, refit=False, probability_threshold=None, experiment_custom_tags=None, verbose=False, system=False, add_to_model_list=True, metrics=None, display=<pycaret.internal.display.display.CommonDisplay object at 0x7fd9d3b35930>, model_only=True, return_train_score=False, error_score=0.0, kwargs={})
2024-11-28 19:41:27,864:INFO:Checking exceptions
2024-11-28 19:41:27,864:INFO:Importing libraries
2024-11-28 19:41:27,864:INFO:Copying training dataset
2024-11-28 19:41:27,965:INFO:Defining folds
2024-11-28 19:41:27,965:INFO:Declaring metric variables
2024-11-28 19:41:27,971:INFO:Importing untrained model
2024-11-28 19:41:27,985:INFO:Linear Discriminant Analysis Imported successfully
2024-11-28 19:41:27,996:INFO:Starting cross validation
2024-11-28 19:41:28,000:INFO:Cross validating with StratifiedKFold(n_splits=5, random_state=None, shuffle=False), n_jobs=-1
2024-11-28 19:41:29,812:INFO:Calculating mean and std
2024-11-28 19:41:29,814:INFO:Creating metrics dataframe
2024-11-28 19:41:29,817:INFO:Uploading results into container
2024-11-28 19:41:29,817:INFO:Uploading model into container now
2024-11-28 19:41:29,819:INFO:_master_model_container: 11
2024-11-28 19:41:29,819:INFO:_display_container: 2
2024-11-28 19:41:29,819:INFO:LinearDiscriminantAnalysis(covariance_estimator=None, n_components=None,
                           priors=None, shrinkage=None, solver='svd',
                           store_covariance=False, tol=0.0001)
2024-11-28 19:41:29,820:INFO:create_model() successfully completed......................................
2024-11-28 19:41:29,937:INFO:SubProcess create_model() end ==================================
2024-11-28 19:41:29,938:INFO:Creating metrics dataframe
2024-11-28 19:41:29,951:INFO:Initializing Extra Trees Classifier
2024-11-28 19:41:29,951:INFO:Total runtime is 4.125678737958272 minutes
2024-11-28 19:41:29,960:INFO:SubProcess create_model() called ==================================
2024-11-28 19:41:29,961:INFO:Initializing create_model()
2024-11-28 19:41:29,961:INFO:create_model(self=<pycaret.classification.oop.ClassificationExperiment object at 0x7fd9d3ce62c0>, estimator=et, fold=StratifiedKFold(n_splits=5, random_state=None, shuffle=False), round=4, cross_validation=True, predict=True, fit_kwargs={}, groups=None, refit=False, probability_threshold=None, experiment_custom_tags=None, verbose=False, system=False, add_to_model_list=True, metrics=None, display=<pycaret.internal.display.display.CommonDisplay object at 0x7fd9d3b35930>, model_only=True, return_train_score=False, error_score=0.0, kwargs={})
2024-11-28 19:41:29,961:INFO:Checking exceptions
2024-11-28 19:41:29,961:INFO:Importing libraries
2024-11-28 19:41:29,961:INFO:Copying training dataset
2024-11-28 19:41:30,053:INFO:Defining folds
2024-11-28 19:41:30,053:INFO:Declaring metric variables
2024-11-28 19:41:30,060:INFO:Importing untrained model
2024-11-28 19:41:30,066:INFO:Extra Trees Classifier Imported successfully
2024-11-28 19:41:30,083:INFO:Starting cross validation
2024-11-28 19:41:30,085:INFO:Cross validating with StratifiedKFold(n_splits=5, random_state=None, shuffle=False), n_jobs=-1
2024-11-28 19:41:41,262:INFO:Calculating mean and std
2024-11-28 19:41:41,264:INFO:Creating metrics dataframe
2024-11-28 19:41:41,267:INFO:Uploading results into container
2024-11-28 19:41:41,268:INFO:Uploading model into container now
2024-11-28 19:41:41,269:INFO:_master_model_container: 12
2024-11-28 19:41:41,269:INFO:_display_container: 2
2024-11-28 19:41:41,271:INFO:ExtraTreesClassifier(bootstrap=False, ccp_alpha=0.0, class_weight=None,
                     criterion='gini', max_depth=None, max_features='sqrt',
                     max_leaf_nodes=None, max_samples=None,
                     min_impurity_decrease=0.0, min_samples_leaf=1,
                     min_samples_split=2, min_weight_fraction_leaf=0.0,
                     monotonic_cst=None, n_estimators=100, n_jobs=-1,
                     oob_score=False, random_state=444, verbose=0,
                     warm_start=False)
2024-11-28 19:41:41,271:INFO:create_model() successfully completed......................................
2024-11-28 19:41:41,390:INFO:SubProcess create_model() end ==================================
2024-11-28 19:41:41,390:INFO:Creating metrics dataframe
2024-11-28 19:41:41,403:INFO:Initializing Extreme Gradient Boosting
2024-11-28 19:41:41,403:INFO:Total runtime is 4.3165476004282635 minutes
2024-11-28 19:41:41,412:INFO:SubProcess create_model() called ==================================
2024-11-28 19:41:41,412:INFO:Initializing create_model()
2024-11-28 19:41:41,413:INFO:create_model(self=<pycaret.classification.oop.ClassificationExperiment object at 0x7fd9d3ce62c0>, estimator=xgboost, fold=StratifiedKFold(n_splits=5, random_state=None, shuffle=False), round=4, cross_validation=True, predict=True, fit_kwargs={}, groups=None, refit=False, probability_threshold=None, experiment_custom_tags=None, verbose=False, system=False, add_to_model_list=True, metrics=None, display=<pycaret.internal.display.display.CommonDisplay object at 0x7fd9d3b35930>, model_only=True, return_train_score=False, error_score=0.0, kwargs={})
2024-11-28 19:41:41,413:INFO:Checking exceptions
2024-11-28 19:41:41,413:INFO:Importing libraries
2024-11-28 19:41:41,413:INFO:Copying training dataset
2024-11-28 19:41:41,510:INFO:Defining folds
2024-11-28 19:41:41,511:INFO:Declaring metric variables
2024-11-28 19:41:41,518:INFO:Importing untrained model
2024-11-28 19:41:41,525:INFO:Extreme Gradient Boosting Imported successfully
2024-11-28 19:41:41,543:INFO:Starting cross validation
2024-11-28 19:41:41,545:INFO:Cross validating with StratifiedKFold(n_splits=5, random_state=None, shuffle=False), n_jobs=-1
2024-11-28 19:42:14,352:INFO:Calculating mean and std
2024-11-28 19:42:14,353:INFO:Creating metrics dataframe
2024-11-28 19:42:14,357:INFO:Uploading results into container
2024-11-28 19:42:14,358:INFO:Uploading model into container now
2024-11-28 19:42:14,359:INFO:_master_model_container: 13
2024-11-28 19:42:14,360:INFO:_display_container: 2
2024-11-28 19:42:14,369:INFO:XGBClassifier(base_score=None, booster='gbtree', callbacks=None,
              colsample_bylevel=None, colsample_bynode=None,
              colsample_bytree=None, device='cpu', early_stopping_rounds=None,
              enable_categorical=False, eval_metric=None, feature_types=None,
              gamma=None, grow_policy=None, importance_type=None,
              interaction_constraints=None, learning_rate=None, max_bin=None,
              max_cat_threshold=None, max_cat_to_onehot=None,
              max_delta_step=None, max_depth=None, max_leaves=None,
              min_child_weight=None, missing=nan, monotone_constraints=None,
              multi_strategy=None, n_estimators=None, n_jobs=-1,
              num_parallel_tree=None, objective='binary:logistic', ...)
2024-11-28 19:42:14,369:INFO:create_model() successfully completed......................................
2024-11-28 19:42:14,490:INFO:SubProcess create_model() end ==================================
2024-11-28 19:42:14,490:INFO:Creating metrics dataframe
2024-11-28 19:42:14,508:INFO:Initializing Light Gradient Boosting Machine
2024-11-28 19:42:14,508:INFO:Total runtime is 4.868292836348216 minutes
2024-11-28 19:42:14,514:INFO:SubProcess create_model() called ==================================
2024-11-28 19:42:14,514:INFO:Initializing create_model()
2024-11-28 19:42:14,514:INFO:create_model(self=<pycaret.classification.oop.ClassificationExperiment object at 0x7fd9d3ce62c0>, estimator=lightgbm, fold=StratifiedKFold(n_splits=5, random_state=None, shuffle=False), round=4, cross_validation=True, predict=True, fit_kwargs={}, groups=None, refit=False, probability_threshold=None, experiment_custom_tags=None, verbose=False, system=False, add_to_model_list=True, metrics=None, display=<pycaret.internal.display.display.CommonDisplay object at 0x7fd9d3b35930>, model_only=True, return_train_score=False, error_score=0.0, kwargs={})
2024-11-28 19:42:14,514:INFO:Checking exceptions
2024-11-28 19:42:14,515:INFO:Importing libraries
2024-11-28 19:42:14,515:INFO:Copying training dataset
2024-11-28 19:42:14,635:INFO:Defining folds
2024-11-28 19:42:14,637:INFO:Declaring metric variables
2024-11-28 19:42:14,645:INFO:Importing untrained model
2024-11-28 19:42:14,657:INFO:Light Gradient Boosting Machine Imported successfully
2024-11-28 19:42:14,669:INFO:Starting cross validation
2024-11-28 19:42:14,671:INFO:Cross validating with StratifiedKFold(n_splits=5, random_state=None, shuffle=False), n_jobs=-1
2024-11-28 19:50:12,309:INFO:Calculating mean and std
2024-11-28 19:50:12,311:INFO:Creating metrics dataframe
2024-11-28 19:50:12,315:INFO:Uploading results into container
2024-11-28 19:50:12,316:INFO:Uploading model into container now
2024-11-28 19:50:12,318:INFO:_master_model_container: 14
2024-11-28 19:50:12,318:INFO:_display_container: 2
2024-11-28 19:50:12,319:INFO:LGBMClassifier(boosting_type='gbdt', class_weight=None, colsample_bytree=1.0,
               importance_type='split', learning_rate=0.1, max_depth=-1,
               min_child_samples=20, min_child_weight=0.001, min_split_gain=0.0,
               n_estimators=100, n_jobs=-1, num_leaves=31, objective=None,
               random_state=444, reg_alpha=0.0, reg_lambda=0.0, subsample=1.0,
               subsample_for_bin=200000, subsample_freq=0)
2024-11-28 19:50:12,319:INFO:create_model() successfully completed......................................
2024-11-28 19:50:12,460:INFO:SubProcess create_model() end ==================================
2024-11-28 19:50:12,460:INFO:Creating metrics dataframe
2024-11-28 19:50:12,476:INFO:Initializing CatBoost Classifier
2024-11-28 19:50:12,476:INFO:Total runtime is 12.834431187311807 minutes
2024-11-28 19:50:12,482:INFO:SubProcess create_model() called ==================================
2024-11-28 19:50:12,483:INFO:Initializing create_model()
2024-11-28 19:50:12,483:INFO:create_model(self=<pycaret.classification.oop.ClassificationExperiment object at 0x7fd9d3ce62c0>, estimator=catboost, fold=StratifiedKFold(n_splits=5, random_state=None, shuffle=False), round=4, cross_validation=True, predict=True, fit_kwargs={}, groups=None, refit=False, probability_threshold=None, experiment_custom_tags=None, verbose=False, system=False, add_to_model_list=True, metrics=None, display=<pycaret.internal.display.display.CommonDisplay object at 0x7fd9d3b35930>, model_only=True, return_train_score=False, error_score=0.0, kwargs={})
2024-11-28 19:50:12,483:INFO:Checking exceptions
2024-11-28 19:50:12,484:INFO:Importing libraries
2024-11-28 19:50:12,484:INFO:Copying training dataset
2024-11-28 19:50:12,580:INFO:Defining folds
2024-11-28 19:50:12,580:INFO:Declaring metric variables
2024-11-28 19:50:12,588:INFO:Importing untrained model
2024-11-28 19:50:12,600:INFO:CatBoost Classifier Imported successfully
2024-11-28 19:50:12,617:INFO:Starting cross validation
2024-11-28 19:50:12,619:INFO:Cross validating with StratifiedKFold(n_splits=5, random_state=None, shuffle=False), n_jobs=-1
2024-11-28 19:52:08,851:INFO:Calculating mean and std
2024-11-28 19:52:08,853:INFO:Creating metrics dataframe
2024-11-28 19:52:08,856:INFO:Uploading results into container
2024-11-28 19:52:08,857:INFO:Uploading model into container now
2024-11-28 19:52:08,858:INFO:_master_model_container: 15
2024-11-28 19:52:08,858:INFO:_display_container: 2
2024-11-28 19:52:08,858:INFO:<catboost.core.CatBoostClassifier object at 0x7fd9d3b36050>
2024-11-28 19:52:08,858:INFO:create_model() successfully completed......................................
2024-11-28 19:52:09,060:INFO:SubProcess create_model() end ==================================
2024-11-28 19:52:09,061:INFO:Creating metrics dataframe
2024-11-28 19:52:09,092:INFO:Initializing Dummy Classifier
2024-11-28 19:52:09,093:INFO:Total runtime is 14.77803163131078 minutes
2024-11-28 19:52:09,134:INFO:SubProcess create_model() called ==================================
2024-11-28 19:52:09,135:INFO:Initializing create_model()
2024-11-28 19:52:09,135:INFO:create_model(self=<pycaret.classification.oop.ClassificationExperiment object at 0x7fd9d3ce62c0>, estimator=dummy, fold=StratifiedKFold(n_splits=5, random_state=None, shuffle=False), round=4, cross_validation=True, predict=True, fit_kwargs={}, groups=None, refit=False, probability_threshold=None, experiment_custom_tags=None, verbose=False, system=False, add_to_model_list=True, metrics=None, display=<pycaret.internal.display.display.CommonDisplay object at 0x7fd9d3b35930>, model_only=True, return_train_score=False, error_score=0.0, kwargs={})
2024-11-28 19:52:09,135:INFO:Checking exceptions
2024-11-28 19:52:09,135:INFO:Importing libraries
2024-11-28 19:52:09,135:INFO:Copying training dataset
2024-11-28 19:52:09,266:INFO:Defining folds
2024-11-28 19:52:09,267:INFO:Declaring metric variables
2024-11-28 19:52:09,283:INFO:Importing untrained model
2024-11-28 19:52:09,296:INFO:Dummy Classifier Imported successfully
2024-11-28 19:52:09,312:INFO:Starting cross validation
2024-11-28 19:52:09,318:INFO:Cross validating with StratifiedKFold(n_splits=5, random_state=None, shuffle=False), n_jobs=-1
2024-11-28 19:52:15,503:INFO:Calculating mean and std
2024-11-28 19:52:15,520:INFO:Creating metrics dataframe
2024-11-28 19:52:15,525:INFO:Uploading results into container
2024-11-28 19:52:15,526:INFO:Uploading model into container now
2024-11-28 19:52:15,527:INFO:_master_model_container: 16
2024-11-28 19:52:15,527:INFO:_display_container: 2
2024-11-28 19:52:15,527:INFO:DummyClassifier(constant=None, random_state=444, strategy='prior')
2024-11-28 19:52:15,527:INFO:create_model() successfully completed......................................
2024-11-28 19:52:15,695:INFO:SubProcess create_model() end ==================================
2024-11-28 19:52:15,695:INFO:Creating metrics dataframe
2024-11-28 19:52:15,713:WARNING:/home/damiatus/.local/lib/python3.10/site-packages/pycaret/internal/pycaret_experiment/supervised_experiment.py:323: FutureWarning: Styler.applymap has been deprecated. Use Styler.map instead.
  master_display_.apply(

2024-11-28 19:52:15,735:INFO:Initializing create_model()
2024-11-28 19:52:15,735:INFO:create_model(self=<pycaret.classification.oop.ClassificationExperiment object at 0x7fd9d3ce62c0>, estimator=RandomForestClassifier(bootstrap=True, ccp_alpha=0.0, class_weight=None,
                       criterion='gini', max_depth=None, max_features='sqrt',
                       max_leaf_nodes=None, max_samples=None,
                       min_impurity_decrease=0.0, min_samples_leaf=1,
                       min_samples_split=2, min_weight_fraction_leaf=0.0,
                       monotonic_cst=None, n_estimators=100, n_jobs=-1,
                       oob_score=False, random_state=444, verbose=0,
                       warm_start=False), fold=StratifiedKFold(n_splits=5, random_state=None, shuffle=False), round=4, cross_validation=False, predict=False, fit_kwargs={}, groups=None, refit=True, probability_threshold=None, experiment_custom_tags=None, verbose=False, system=False, add_to_model_list=True, metrics=None, display=None, model_only=True, return_train_score=False, error_score=0.0, kwargs={})
2024-11-28 19:52:15,735:INFO:Checking exceptions
2024-11-28 19:52:15,738:INFO:Importing libraries
2024-11-28 19:52:15,739:INFO:Copying training dataset
2024-11-28 19:52:15,844:INFO:Defining folds
2024-11-28 19:52:15,844:INFO:Declaring metric variables
2024-11-28 19:52:15,846:INFO:Importing untrained model
2024-11-28 19:52:15,846:INFO:Declaring custom model
2024-11-28 19:52:15,848:INFO:Random Forest Classifier Imported successfully
2024-11-28 19:52:15,850:INFO:Cross validation set to False
2024-11-28 19:52:15,850:INFO:Fitting Model
2024-11-28 19:52:22,960:INFO:RandomForestClassifier(bootstrap=True, ccp_alpha=0.0, class_weight=None,
                       criterion='gini', max_depth=None, max_features='sqrt',
                       max_leaf_nodes=None, max_samples=None,
                       min_impurity_decrease=0.0, min_samples_leaf=1,
                       min_samples_split=2, min_weight_fraction_leaf=0.0,
                       monotonic_cst=None, n_estimators=100, n_jobs=-1,
                       oob_score=False, random_state=444, verbose=0,
                       warm_start=False)
2024-11-28 19:52:22,960:INFO:create_model() successfully completed......................................
2024-11-28 19:52:23,142:INFO:_master_model_container: 16
2024-11-28 19:52:23,143:INFO:_display_container: 2
2024-11-28 19:52:23,143:INFO:RandomForestClassifier(bootstrap=True, ccp_alpha=0.0, class_weight=None,
                       criterion='gini', max_depth=None, max_features='sqrt',
                       max_leaf_nodes=None, max_samples=None,
                       min_impurity_decrease=0.0, min_samples_leaf=1,
                       min_samples_split=2, min_weight_fraction_leaf=0.0,
                       monotonic_cst=None, n_estimators=100, n_jobs=-1,
                       oob_score=False, random_state=444, verbose=0,
                       warm_start=False)
2024-11-28 19:52:23,144:INFO:compare_models() successfully completed......................................
2024-11-28 19:52:57,032:INFO:Initializing create_model()
2024-11-28 19:52:57,032:INFO:create_model(self=<pycaret.classification.oop.ClassificationExperiment object at 0x7fd9d3ce62c0>, estimator=rf, fold=10, round=4, cross_validation=True, predict=True, fit_kwargs=None, groups=None, refit=True, probability_threshold=None, experiment_custom_tags=None, verbose=True, system=True, add_to_model_list=True, metrics=None, display=None, model_only=True, return_train_score=False, error_score=0.0, kwargs={})
2024-11-28 19:52:57,033:INFO:Checking exceptions
2024-11-28 19:52:57,065:INFO:Importing libraries
2024-11-28 19:52:57,066:INFO:Copying training dataset
2024-11-28 19:52:57,253:INFO:Defining folds
2024-11-28 19:52:57,253:INFO:Declaring metric variables
2024-11-28 19:52:57,268:INFO:Importing untrained model
2024-11-28 19:52:57,284:INFO:Random Forest Classifier Imported successfully
2024-11-28 19:52:57,305:INFO:Starting cross validation
2024-11-28 19:52:57,307:INFO:Cross validating with StratifiedKFold(n_splits=10, random_state=None, shuffle=False), n_jobs=-1
2024-11-28 19:53:21,384:WARNING:/home/damiatus/.local/lib/python3.10/site-packages/joblib/externals/loky/process_executor.py:752: UserWarning: A worker stopped while some jobs were given to the executor. This can be caused by a too short worker timeout or by a memory leak.
  warnings.warn(

2024-11-28 19:54:00,178:INFO:Calculating mean and std
2024-11-28 19:54:00,181:INFO:Creating metrics dataframe
2024-11-28 19:54:00,201:INFO:Finalizing model
2024-11-28 19:54:06,401:INFO:Uploading results into container
2024-11-28 19:54:06,403:INFO:Uploading model into container now
2024-11-28 19:54:06,421:INFO:_master_model_container: 17
2024-11-28 19:54:06,421:INFO:_display_container: 3
2024-11-28 19:54:06,422:INFO:RandomForestClassifier(bootstrap=True, ccp_alpha=0.0, class_weight=None,
                       criterion='gini', max_depth=None, max_features='sqrt',
                       max_leaf_nodes=None, max_samples=None,
                       min_impurity_decrease=0.0, min_samples_leaf=1,
                       min_samples_split=2, min_weight_fraction_leaf=0.0,
                       monotonic_cst=None, n_estimators=100, n_jobs=-1,
                       oob_score=False, random_state=444, verbose=0,
                       warm_start=False)
2024-11-28 19:54:06,423:INFO:create_model() successfully completed......................................
2024-11-28 19:54:15,113:INFO:Initializing plot_model()
2024-11-28 19:54:15,113:INFO:plot_model(plot=auc, fold=None, verbose=True, display=None, display_format=None, estimator=RandomForestClassifier(bootstrap=True, ccp_alpha=0.0, class_weight=None,
                       criterion='gini', max_depth=None, max_features='sqrt',
                       max_leaf_nodes=None, max_samples=None,
                       min_impurity_decrease=0.0, min_samples_leaf=1,
                       min_samples_split=2, min_weight_fraction_leaf=0.0,
                       monotonic_cst=None, n_estimators=100, n_jobs=-1,
                       oob_score=False, random_state=444, verbose=0,
                       warm_start=False), feature_name=None, fit_kwargs=None, groups=None, label=False, plot_kwargs=None, save=False, scale=1, self=<pycaret.classification.oop.ClassificationExperiment object at 0x7fd9d3ce62c0>, system=True)
2024-11-28 19:54:15,114:INFO:Checking exceptions
2024-11-28 19:54:15,210:INFO:Preloading libraries
2024-11-28 19:54:15,292:INFO:Copying training dataset
2024-11-28 19:54:15,293:INFO:Plot type: auc
2024-11-28 19:54:15,743:INFO:Fitting Model
2024-11-28 19:54:15,746:WARNING:/home/damiatus/.local/lib/python3.10/site-packages/sklearn/base.py:493: UserWarning: X does not have valid feature names, but RandomForestClassifier was fitted with feature names
  warnings.warn(

2024-11-28 19:54:15,747:INFO:Scoring test/hold-out set
2024-11-28 19:54:17,012:INFO:Visual Rendered Successfully
2024-11-28 19:54:17,136:INFO:plot_model() successfully completed......................................
2024-11-28 19:54:57,504:INFO:Initializing plot_model()
2024-11-28 19:54:57,505:INFO:plot_model(plot=feature, fold=None, verbose=True, display=None, display_format=None, estimator=RandomForestClassifier(bootstrap=True, ccp_alpha=0.0, class_weight=None,
                       criterion='gini', max_depth=None, max_features='sqrt',
                       max_leaf_nodes=None, max_samples=None,
                       min_impurity_decrease=0.0, min_samples_leaf=1,
                       min_samples_split=2, min_weight_fraction_leaf=0.0,
                       monotonic_cst=None, n_estimators=100, n_jobs=-1,
                       oob_score=False, random_state=444, verbose=0,
                       warm_start=False), feature_name=None, fit_kwargs=None, groups=None, label=False, plot_kwargs=None, save=False, scale=1, self=<pycaret.classification.oop.ClassificationExperiment object at 0x7fd9d3ce62c0>, system=True)
2024-11-28 19:54:57,505:INFO:Checking exceptions
2024-11-28 19:54:57,614:INFO:Preloading libraries
2024-11-28 19:54:57,685:INFO:Copying training dataset
2024-11-28 19:54:57,685:INFO:Plot type: feature
2024-11-28 19:54:57,689:WARNING:No coef_ found. Trying feature_importances_
2024-11-28 19:54:58,686:INFO:Visual Rendered Successfully
2024-11-28 19:54:58,930:INFO:plot_model() successfully completed......................................
2024-11-28 19:55:19,500:INFO:Initializing plot_model()
2024-11-28 19:55:19,501:INFO:plot_model(plot=auc, fold=None, verbose=True, display=None, display_format=None, estimator=RandomForestClassifier(bootstrap=True, ccp_alpha=0.0, class_weight=None,
                       criterion='gini', max_depth=None, max_features='sqrt',
                       max_leaf_nodes=None, max_samples=None,
                       min_impurity_decrease=0.0, min_samples_leaf=1,
                       min_samples_split=2, min_weight_fraction_leaf=0.0,
                       monotonic_cst=None, n_estimators=100, n_jobs=-1,
                       oob_score=False, random_state=444, verbose=0,
                       warm_start=False), feature_name=None, fit_kwargs=None, groups=None, label=False, plot_kwargs=None, save=False, scale=1, self=<pycaret.classification.oop.ClassificationExperiment object at 0x7fd9d3ce62c0>, system=True)
2024-11-28 19:55:19,501:INFO:Checking exceptions
2024-11-28 19:55:19,590:INFO:Preloading libraries
2024-11-28 19:55:19,638:INFO:Copying training dataset
2024-11-28 19:55:19,638:INFO:Plot type: auc
2024-11-28 19:55:20,019:INFO:Fitting Model
2024-11-28 19:55:20,020:WARNING:/home/damiatus/.local/lib/python3.10/site-packages/sklearn/base.py:493: UserWarning: X does not have valid feature names, but RandomForestClassifier was fitted with feature names
  warnings.warn(

2024-11-28 19:55:20,021:INFO:Scoring test/hold-out set
2024-11-28 19:55:20,729:INFO:Visual Rendered Successfully
2024-11-28 19:55:20,850:INFO:plot_model() successfully completed......................................
2024-11-28 19:55:23,922:INFO:Initializing plot_model()
2024-11-28 19:55:23,923:INFO:plot_model(plot=feature, fold=None, verbose=True, display=None, display_format=None, estimator=RandomForestClassifier(bootstrap=True, ccp_alpha=0.0, class_weight=None,
                       criterion='gini', max_depth=None, max_features='sqrt',
                       max_leaf_nodes=None, max_samples=None,
                       min_impurity_decrease=0.0, min_samples_leaf=1,
                       min_samples_split=2, min_weight_fraction_leaf=0.0,
                       monotonic_cst=None, n_estimators=100, n_jobs=-1,
                       oob_score=False, random_state=444, verbose=0,
                       warm_start=False), feature_name=None, fit_kwargs=None, groups=None, label=False, plot_kwargs=None, save=False, scale=1, self=<pycaret.classification.oop.ClassificationExperiment object at 0x7fd9d3ce62c0>, system=True)
2024-11-28 19:55:23,923:INFO:Checking exceptions
2024-11-28 19:55:24,018:INFO:Preloading libraries
2024-11-28 19:55:24,068:INFO:Copying training dataset
2024-11-28 19:55:24,068:INFO:Plot type: feature
2024-11-28 19:55:24,069:WARNING:No coef_ found. Trying feature_importances_
2024-11-28 19:55:24,622:INFO:Visual Rendered Successfully
2024-11-28 19:55:24,751:INFO:plot_model() successfully completed......................................
2024-11-28 19:55:27,131:INFO:Initializing predict_model()
2024-11-28 19:55:27,132:INFO:predict_model(self=<pycaret.classification.oop.ClassificationExperiment object at 0x7fd9d3ce62c0>, estimator=RandomForestClassifier(bootstrap=True, ccp_alpha=0.0, class_weight=None,
                       criterion='gini', max_depth=None, max_features='sqrt',
                       max_leaf_nodes=None, max_samples=None,
                       min_impurity_decrease=0.0, min_samples_leaf=1,
                       min_samples_split=2, min_weight_fraction_leaf=0.0,
                       monotonic_cst=None, n_estimators=100, n_jobs=-1,
                       oob_score=False, random_state=444, verbose=0,
                       warm_start=False), probability_threshold=None, encoded_labels=False, raw_score=False, round=4, verbose=True, ml_usecase=None, preprocess=True, encode_labels=<function _SupervisedExperiment.predict_model.<locals>.encode_labels at 0x7fd9d3b585e0>)
2024-11-28 19:55:27,132:INFO:Checking exceptions
2024-11-28 19:55:27,132:INFO:Preloading libraries
2024-11-28 19:55:27,140:INFO:Set up data.
2024-11-28 19:55:27,190:INFO:Set up index.
2024-11-28 19:56:10,882:INFO:PyCaret ClassificationExperiment
2024-11-28 19:56:10,882:INFO:Logging name: clf-default-name
2024-11-28 19:56:10,882:INFO:ML Usecase: MLUsecase.CLASSIFICATION
2024-11-28 19:56:10,882:INFO:version 3.3.2
2024-11-28 19:56:10,882:INFO:Initializing setup()
2024-11-28 19:56:10,882:INFO:self.USI: 1bf8
2024-11-28 19:56:10,882:INFO:self._variable_keys: {'gpu_param', 'memory', 'y', 'n_jobs_param', 'fix_imbalance', 'target_param', 'X_test', 'idx', 'data', 'y_train', 'is_multiclass', '_available_plots', 'X_train', 'exp_id', 'log_plots_param', 'gpu_n_jobs_param', 'fold_groups_param', '_ml_usecase', 'y_test', 'fold_shuffle_param', 'exp_name_log', 'fold_generator', 'pipeline', 'USI', 'html_param', 'seed', 'X', 'logging_param'}
2024-11-28 19:56:10,882:INFO:Checking environment
2024-11-28 19:56:10,883:INFO:python_version: 3.10.12
2024-11-28 19:56:10,883:INFO:python_build: ('main', 'Nov  6 2024 20:22:13')
2024-11-28 19:56:10,883:INFO:machine: x86_64
2024-11-28 19:56:10,883:INFO:platform: Linux-5.15.167.4-microsoft-standard-WSL2-x86_64-with-glibc2.35
2024-11-28 19:56:10,883:INFO:Memory: svmem(total=8286756864, available=897708032, percent=89.2, used=7098896384, free=669356032, active=1099087872, inactive=5993177088, buffers=29876224, cached=488628224, shared=2953216, slab=198447104)
2024-11-28 19:56:10,883:INFO:Physical Core: 4
2024-11-28 19:56:10,883:INFO:Logical Core: 4
2024-11-28 19:56:10,884:INFO:Checking libraries
2024-11-28 19:56:10,884:INFO:System:
2024-11-28 19:56:10,884:INFO:    python: 3.10.12 (main, Nov  6 2024, 20:22:13) [GCC 11.4.0]
2024-11-28 19:56:10,884:INFO:executable: /bin/python3
2024-11-28 19:56:10,884:INFO:   machine: Linux-5.15.167.4-microsoft-standard-WSL2-x86_64-with-glibc2.35
2024-11-28 19:56:10,884:INFO:PyCaret required dependencies:
2024-11-28 19:56:10,884:INFO:                 pip: 22.0.2
2024-11-28 19:56:10,884:INFO:          setuptools: 59.6.0
2024-11-28 19:56:10,884:INFO:             pycaret: 3.3.2
2024-11-28 19:56:10,884:INFO:             IPython: 8.27.0
2024-11-28 19:56:10,884:INFO:          ipywidgets: 8.1.5
2024-11-28 19:56:10,884:INFO:                tqdm: 4.66.5
2024-11-28 19:56:10,884:INFO:               numpy: 1.26.4
2024-11-28 19:56:10,885:INFO:              pandas: 2.1.4
2024-11-28 19:56:10,885:INFO:              jinja2: 3.1.4
2024-11-28 19:56:10,885:INFO:               scipy: 1.11.4
2024-11-28 19:56:10,885:INFO:              joblib: 1.3.2
2024-11-28 19:56:10,885:INFO:             sklearn: 1.4.2
2024-11-28 19:56:10,885:INFO:                pyod: 2.0.2
2024-11-28 19:56:10,885:INFO:            imblearn: 0.12.4
2024-11-28 19:56:10,885:INFO:   category_encoders: 2.6.4
2024-11-28 19:56:10,885:INFO:            lightgbm: 4.5.0
2024-11-28 19:56:10,885:INFO:               numba: 0.60.0
2024-11-28 19:56:10,885:INFO:            requests: 2.32.3
2024-11-28 19:56:10,885:INFO:          matplotlib: 3.7.5
2024-11-28 19:56:10,885:INFO:          scikitplot: 0.3.7
2024-11-28 19:56:10,885:INFO:         yellowbrick: 1.5
2024-11-28 19:56:10,885:INFO:              plotly: 5.24.1
2024-11-28 19:56:10,885:INFO:    plotly-resampler: Not installed
2024-11-28 19:56:10,885:INFO:             kaleido: 0.2.1
2024-11-28 19:56:10,885:INFO:           schemdraw: 0.15
2024-11-28 19:56:10,886:INFO:         statsmodels: 0.14.3
2024-11-28 19:56:10,886:INFO:              sktime: 0.26.0
2024-11-28 19:56:10,886:INFO:               tbats: 1.1.3
2024-11-28 19:56:10,886:INFO:            pmdarima: 2.0.4
2024-11-28 19:56:10,886:INFO:              psutil: 6.0.0
2024-11-28 19:56:10,886:INFO:          markupsafe: 3.0.1
2024-11-28 19:56:10,886:INFO:             pickle5: Not installed
2024-11-28 19:56:10,886:INFO:         cloudpickle: 3.0.0
2024-11-28 19:56:10,886:INFO:         deprecation: 2.1.0
2024-11-28 19:56:10,886:INFO:              xxhash: 3.5.0
2024-11-28 19:56:10,886:INFO:           wurlitzer: 3.1.1
2024-11-28 19:56:10,886:INFO:PyCaret optional dependencies:
2024-11-28 19:56:10,886:INFO:                shap: 0.44.1
2024-11-28 19:56:10,886:INFO:           interpret: 0.6.7
2024-11-28 19:56:10,886:INFO:                umap: 0.5.7
2024-11-28 19:56:10,886:INFO:     ydata_profiling: 4.12.0
2024-11-28 19:56:10,886:INFO:  explainerdashboard: 0.4.7
2024-11-28 19:56:10,886:INFO:             autoviz: Not installed
2024-11-28 19:56:10,886:INFO:           fairlearn: 0.7.0
2024-11-28 19:56:10,886:INFO:          deepchecks: Not installed
2024-11-28 19:56:10,886:INFO:             xgboost: 2.1.1
2024-11-28 19:56:10,886:INFO:            catboost: 1.2.7
2024-11-28 19:56:10,886:INFO:              kmodes: Not installed
2024-11-28 19:56:10,886:INFO:             mlxtend: Not installed
2024-11-28 19:56:10,886:INFO:       statsforecast: Not installed
2024-11-28 19:56:10,886:INFO:        tune_sklearn: Not installed
2024-11-28 19:56:10,886:INFO:                 ray: Not installed
2024-11-28 19:56:10,886:INFO:            hyperopt: Not installed
2024-11-28 19:56:10,887:INFO:              optuna: Not installed
2024-11-28 19:56:10,887:INFO:               skopt: Not installed
2024-11-28 19:56:10,887:INFO:              mlflow: Not installed
2024-11-28 19:56:10,887:INFO:              gradio: Not installed
2024-11-28 19:56:10,887:INFO:             fastapi: Not installed
2024-11-28 19:56:10,887:INFO:             uvicorn: Not installed
2024-11-28 19:56:10,887:INFO:              m2cgen: Not installed
2024-11-28 19:56:10,887:INFO:           evidently: Not installed
2024-11-28 19:56:10,887:INFO:               fugue: Not installed
2024-11-28 19:56:10,887:INFO:           streamlit: Not installed
2024-11-28 19:56:10,887:INFO:             prophet: 1.1.6
2024-11-28 19:56:10,887:INFO:None
2024-11-28 19:56:10,887:INFO:Set up data.
2024-11-28 19:56:10,983:INFO:Set up folding strategy.
2024-11-28 19:56:10,984:INFO:Set up train/test split.
2024-11-28 19:56:11,064:INFO:Set up index.
2024-11-28 19:56:11,067:INFO:Assigning column types.
2024-11-28 19:56:11,140:INFO:Engine successfully changes for model 'lr' to 'sklearn'.
2024-11-28 19:56:11,231:INFO:Engine for model 'knn' has not been set explicitly, hence returning None.
2024-11-28 19:56:11,237:INFO:Engine for model 'rbfsvm' has not been set explicitly, hence returning None.
2024-11-28 19:56:11,284:INFO:Soft dependency imported: xgboost: 2.1.1
2024-11-28 19:56:11,292:INFO:Soft dependency imported: catboost: 1.2.7
2024-11-28 19:56:11,370:INFO:Engine for model 'knn' has not been set explicitly, hence returning None.
2024-11-28 19:56:11,371:INFO:Engine for model 'rbfsvm' has not been set explicitly, hence returning None.
2024-11-28 19:56:11,415:INFO:Soft dependency imported: xgboost: 2.1.1
2024-11-28 19:56:11,420:INFO:Soft dependency imported: catboost: 1.2.7
2024-11-28 19:56:11,421:INFO:Engine successfully changes for model 'knn' to 'sklearn'.
2024-11-28 19:56:11,504:INFO:Engine for model 'rbfsvm' has not been set explicitly, hence returning None.
2024-11-28 19:56:11,549:INFO:Soft dependency imported: xgboost: 2.1.1
2024-11-28 19:56:11,552:INFO:Soft dependency imported: catboost: 1.2.7
2024-11-28 19:56:11,629:INFO:Engine for model 'rbfsvm' has not been set explicitly, hence returning None.
2024-11-28 19:56:11,674:INFO:Soft dependency imported: xgboost: 2.1.1
2024-11-28 19:56:11,678:INFO:Soft dependency imported: catboost: 1.2.7
2024-11-28 19:56:11,679:INFO:Engine successfully changes for model 'rbfsvm' to 'sklearn'.
2024-11-28 19:56:11,798:INFO:Soft dependency imported: xgboost: 2.1.1
2024-11-28 19:56:11,802:INFO:Soft dependency imported: catboost: 1.2.7
2024-11-28 19:56:11,930:INFO:Soft dependency imported: xgboost: 2.1.1
2024-11-28 19:56:11,934:INFO:Soft dependency imported: catboost: 1.2.7
2024-11-28 19:56:11,936:INFO:Preparing preprocessing pipeline...
2024-11-28 19:56:11,947:INFO:Set up date feature engineering.
2024-11-28 19:56:11,948:INFO:Set up simple imputation.
2024-11-28 19:56:12,063:INFO:Set up encoding of ordinal features.
2024-11-28 19:56:12,088:INFO:Set up encoding of categorical features.
2024-11-28 19:56:12,486:INFO:Finished creating preprocessing pipeline.
2024-11-28 19:56:12,523:INFO:Pipeline: Pipeline(memory=FastMemory(location=/tmp/joblib),
         steps=[('date_feature_extractor',
                 TransformerWrapper(exclude=None,
                                    include=['borrow_timestamp',
                                             'first_tx_timestamp',
                                             'last_tx_timestamp',
                                             'risky_first_tx_timestamp',
                                             'risky_last_tx_timestamp'],
                                    transformer=ExtractDateTimeFeatures(features=['day',
                                                                                  'month',
                                                                                  'year']))),
                ('numerical_imputer',
                 TransformerWrapper(ex...
                                                                         'mapping': 0.0    0
1.0    1
NaN   -1
dtype: int64}],
                                                               return_df=True,
                                                               verbose=0))),
                ('rest_encoding',
                 TransformerWrapper(exclude=None,
                                    include=['time_since_last_liquidated'],
                                    transformer=TargetEncoder(cols=[],
                                                              drop_invariant=False,
                                                              handle_missing='return_nan',
                                                              handle_unknown='value',
                                                              hierarchy=None,
                                                              min_samples_leaf=20,
                                                              return_df=True,
                                                              smoothing=10,
                                                              verbose=0)))],
         verbose=False)
2024-11-28 19:56:12,523:INFO:Creating final display dataframe.
2024-11-28 19:56:13,556:INFO:Setup _display_container:                     Description             Value
0                    Session id               444
1                        Target            target
2                   Target type            Binary
3           Original data shape       (42081, 78)
4        Transformed data shape       (42081, 80)
5   Transformed train set shape       (29456, 80)
6    Transformed test set shape       (12625, 80)
7               Ignore features                 2
8              Numeric features                68
9                 Date features                 5
10         Categorical features                 2
11     Rows with missing values             99.1%
12                   Preprocess              True
13              Imputation type            simple
14           Numeric imputation              mean
15       Categorical imputation              mode
16     Maximum one-hot encoding                25
17              Encoding method              None
18               Fold Generator   StratifiedKFold
19                  Fold Number                 5
20                     CPU Jobs                -1
21                      Use GPU             False
22               Log Experiment             False
23              Experiment Name  clf-default-name
24                          USI              1bf8
2024-11-28 19:56:13,693:INFO:Soft dependency imported: xgboost: 2.1.1
2024-11-28 19:56:13,697:INFO:Soft dependency imported: catboost: 1.2.7
2024-11-28 19:56:13,812:INFO:Soft dependency imported: xgboost: 2.1.1
2024-11-28 19:56:13,816:INFO:Soft dependency imported: catboost: 1.2.7
2024-11-28 19:56:13,818:INFO:setup() successfully completed in 3.0s...............
2024-11-28 19:56:31,675:INFO:PyCaret ClassificationExperiment
2024-11-28 19:56:31,675:INFO:Logging name: clf-default-name
2024-11-28 19:56:31,675:INFO:ML Usecase: MLUsecase.CLASSIFICATION
2024-11-28 19:56:31,675:INFO:version 3.3.2
2024-11-28 19:56:31,675:INFO:Initializing setup()
2024-11-28 19:56:31,675:INFO:self.USI: 5035
2024-11-28 19:56:31,675:INFO:self._variable_keys: {'gpu_param', 'memory', 'y', 'n_jobs_param', 'fix_imbalance', 'target_param', 'X_test', 'idx', 'data', 'y_train', 'is_multiclass', '_available_plots', 'X_train', 'exp_id', 'log_plots_param', 'gpu_n_jobs_param', 'fold_groups_param', '_ml_usecase', 'y_test', 'fold_shuffle_param', 'exp_name_log', 'fold_generator', 'pipeline', 'USI', 'html_param', 'seed', 'X', 'logging_param'}
2024-11-28 19:56:31,675:INFO:Checking environment
2024-11-28 19:56:31,675:INFO:python_version: 3.10.12
2024-11-28 19:56:31,676:INFO:python_build: ('main', 'Nov  6 2024 20:22:13')
2024-11-28 19:56:31,676:INFO:machine: x86_64
2024-11-28 19:56:31,676:INFO:platform: Linux-5.15.167.4-microsoft-standard-WSL2-x86_64-with-glibc2.35
2024-11-28 19:56:31,676:INFO:Memory: svmem(total=8286756864, available=897265664, percent=89.2, used=7099297792, free=642789376, active=1099292672, inactive=6031228928, buffers=29925376, cached=514744320, shared=2953216, slab=198557696)
2024-11-28 19:56:31,676:INFO:Physical Core: 4
2024-11-28 19:56:31,676:INFO:Logical Core: 4
2024-11-28 19:56:31,676:INFO:Checking libraries
2024-11-28 19:56:31,676:INFO:System:
2024-11-28 19:56:31,676:INFO:    python: 3.10.12 (main, Nov  6 2024, 20:22:13) [GCC 11.4.0]
2024-11-28 19:56:31,676:INFO:executable: /bin/python3
2024-11-28 19:56:31,676:INFO:   machine: Linux-5.15.167.4-microsoft-standard-WSL2-x86_64-with-glibc2.35
2024-11-28 19:56:31,676:INFO:PyCaret required dependencies:
2024-11-28 19:56:31,677:INFO:                 pip: 22.0.2
2024-11-28 19:56:31,677:INFO:          setuptools: 59.6.0
2024-11-28 19:56:31,677:INFO:             pycaret: 3.3.2
2024-11-28 19:56:31,677:INFO:             IPython: 8.27.0
2024-11-28 19:56:31,677:INFO:          ipywidgets: 8.1.5
2024-11-28 19:56:31,677:INFO:                tqdm: 4.66.5
2024-11-28 19:56:31,677:INFO:               numpy: 1.26.4
2024-11-28 19:56:31,677:INFO:              pandas: 2.1.4
2024-11-28 19:56:31,677:INFO:              jinja2: 3.1.4
2024-11-28 19:56:31,677:INFO:               scipy: 1.11.4
2024-11-28 19:56:31,677:INFO:              joblib: 1.3.2
2024-11-28 19:56:31,677:INFO:             sklearn: 1.4.2
2024-11-28 19:56:31,677:INFO:                pyod: 2.0.2
2024-11-28 19:56:31,677:INFO:            imblearn: 0.12.4
2024-11-28 19:56:31,677:INFO:   category_encoders: 2.6.4
2024-11-28 19:56:31,677:INFO:            lightgbm: 4.5.0
2024-11-28 19:56:31,677:INFO:               numba: 0.60.0
2024-11-28 19:56:31,677:INFO:            requests: 2.32.3
2024-11-28 19:56:31,677:INFO:          matplotlib: 3.7.5
2024-11-28 19:56:31,677:INFO:          scikitplot: 0.3.7
2024-11-28 19:56:31,677:INFO:         yellowbrick: 1.5
2024-11-28 19:56:31,677:INFO:              plotly: 5.24.1
2024-11-28 19:56:31,677:INFO:    plotly-resampler: Not installed
2024-11-28 19:56:31,677:INFO:             kaleido: 0.2.1
2024-11-28 19:56:31,677:INFO:           schemdraw: 0.15
2024-11-28 19:56:31,677:INFO:         statsmodels: 0.14.3
2024-11-28 19:56:31,677:INFO:              sktime: 0.26.0
2024-11-28 19:56:31,678:INFO:               tbats: 1.1.3
2024-11-28 19:56:31,678:INFO:            pmdarima: 2.0.4
2024-11-28 19:56:31,678:INFO:              psutil: 6.0.0
2024-11-28 19:56:31,678:INFO:          markupsafe: 3.0.1
2024-11-28 19:56:31,678:INFO:             pickle5: Not installed
2024-11-28 19:56:31,678:INFO:         cloudpickle: 3.0.0
2024-11-28 19:56:31,678:INFO:         deprecation: 2.1.0
2024-11-28 19:56:31,678:INFO:              xxhash: 3.5.0
2024-11-28 19:56:31,678:INFO:           wurlitzer: 3.1.1
2024-11-28 19:56:31,678:INFO:PyCaret optional dependencies:
2024-11-28 19:56:31,678:INFO:                shap: 0.44.1
2024-11-28 19:56:31,678:INFO:           interpret: 0.6.7
2024-11-28 19:56:31,678:INFO:                umap: 0.5.7
2024-11-28 19:56:31,678:INFO:     ydata_profiling: 4.12.0
2024-11-28 19:56:31,678:INFO:  explainerdashboard: 0.4.7
2024-11-28 19:56:31,678:INFO:             autoviz: Not installed
2024-11-28 19:56:31,678:INFO:           fairlearn: 0.7.0
2024-11-28 19:56:31,678:INFO:          deepchecks: Not installed
2024-11-28 19:56:31,678:INFO:             xgboost: 2.1.1
2024-11-28 19:56:31,678:INFO:            catboost: 1.2.7
2024-11-28 19:56:31,678:INFO:              kmodes: Not installed
2024-11-28 19:56:31,678:INFO:             mlxtend: Not installed
2024-11-28 19:56:31,678:INFO:       statsforecast: Not installed
2024-11-28 19:56:31,678:INFO:        tune_sklearn: Not installed
2024-11-28 19:56:31,678:INFO:                 ray: Not installed
2024-11-28 19:56:31,678:INFO:            hyperopt: Not installed
2024-11-28 19:56:31,678:INFO:              optuna: Not installed
2024-11-28 19:56:31,678:INFO:               skopt: Not installed
2024-11-28 19:56:31,678:INFO:              mlflow: Not installed
2024-11-28 19:56:31,678:INFO:              gradio: Not installed
2024-11-28 19:56:31,678:INFO:             fastapi: Not installed
2024-11-28 19:56:31,678:INFO:             uvicorn: Not installed
2024-11-28 19:56:31,679:INFO:              m2cgen: Not installed
2024-11-28 19:56:31,679:INFO:           evidently: Not installed
2024-11-28 19:56:31,679:INFO:               fugue: Not installed
2024-11-28 19:56:31,679:INFO:           streamlit: Not installed
2024-11-28 19:56:31,679:INFO:             prophet: 1.1.6
2024-11-28 19:56:31,679:INFO:None
2024-11-28 19:56:31,679:INFO:Set up data.
2024-11-28 19:56:31,899:INFO:Set up folding strategy.
2024-11-28 19:56:31,900:INFO:Set up train/test split.
2024-11-28 19:56:31,974:INFO:Set up index.
2024-11-28 19:56:31,976:INFO:Assigning column types.
2024-11-28 19:56:32,044:INFO:Engine successfully changes for model 'lr' to 'sklearn'.
2024-11-28 19:56:32,139:INFO:Engine for model 'knn' has not been set explicitly, hence returning None.
2024-11-28 19:56:32,141:INFO:Engine for model 'rbfsvm' has not been set explicitly, hence returning None.
2024-11-28 19:56:32,193:INFO:Soft dependency imported: xgboost: 2.1.1
2024-11-28 19:56:32,199:INFO:Soft dependency imported: catboost: 1.2.7
2024-11-28 19:56:32,282:INFO:Engine for model 'knn' has not been set explicitly, hence returning None.
2024-11-28 19:56:32,283:INFO:Engine for model 'rbfsvm' has not been set explicitly, hence returning None.
2024-11-28 19:56:32,337:INFO:Soft dependency imported: xgboost: 2.1.1
2024-11-28 19:56:32,342:INFO:Soft dependency imported: catboost: 1.2.7
2024-11-28 19:56:32,343:INFO:Engine successfully changes for model 'knn' to 'sklearn'.
2024-11-28 19:56:32,428:INFO:Engine for model 'rbfsvm' has not been set explicitly, hence returning None.
2024-11-28 19:56:32,471:INFO:Soft dependency imported: xgboost: 2.1.1
2024-11-28 19:56:32,477:INFO:Soft dependency imported: catboost: 1.2.7
2024-11-28 19:56:32,552:INFO:Engine for model 'rbfsvm' has not been set explicitly, hence returning None.
2024-11-28 19:56:32,594:INFO:Soft dependency imported: xgboost: 2.1.1
2024-11-28 19:56:32,598:INFO:Soft dependency imported: catboost: 1.2.7
2024-11-28 19:56:32,599:INFO:Engine successfully changes for model 'rbfsvm' to 'sklearn'.
2024-11-28 19:56:32,711:INFO:Soft dependency imported: xgboost: 2.1.1
2024-11-28 19:56:32,715:INFO:Soft dependency imported: catboost: 1.2.7
2024-11-28 19:56:32,836:INFO:Soft dependency imported: xgboost: 2.1.1
2024-11-28 19:56:32,840:INFO:Soft dependency imported: catboost: 1.2.7
2024-11-28 19:56:32,842:INFO:Preparing preprocessing pipeline...
2024-11-28 19:56:32,855:INFO:Set up date feature engineering.
2024-11-28 19:56:32,856:INFO:Set up simple imputation.
2024-11-28 19:56:32,897:INFO:Set up encoding of ordinal features.
2024-11-28 19:56:32,919:INFO:Set up encoding of categorical features.
2024-11-28 19:56:33,313:INFO:Finished creating preprocessing pipeline.
2024-11-28 19:56:33,361:INFO:Pipeline: Pipeline(memory=FastMemory(location=/tmp/joblib),
         steps=[('date_feature_extractor',
                 TransformerWrapper(exclude=None,
                                    include=['borrow_timestamp',
                                             'first_tx_timestamp',
                                             'last_tx_timestamp',
                                             'risky_first_tx_timestamp',
                                             'risky_last_tx_timestamp'],
                                    transformer=ExtractDateTimeFeatures(features=['day',
                                                                                  'month',
                                                                                  'year']))),
                ('numerical_imputer',
                 TransformerWrapper(ex...
                                                                         'mapping': 0.0    0
1.0    1
NaN   -1
dtype: int64}],
                                                               return_df=True,
                                                               verbose=0))),
                ('rest_encoding',
                 TransformerWrapper(exclude=None,
                                    include=['time_since_last_liquidated'],
                                    transformer=TargetEncoder(cols=[],
                                                              drop_invariant=False,
                                                              handle_missing='return_nan',
                                                              handle_unknown='value',
                                                              hierarchy=None,
                                                              min_samples_leaf=20,
                                                              return_df=True,
                                                              smoothing=10,
                                                              verbose=0)))],
         verbose=False)
2024-11-28 19:56:33,361:INFO:Creating final display dataframe.
2024-11-28 19:56:33,839:INFO:Setup _display_container:                     Description             Value
0                    Session id               444
1                        Target            target
2                   Target type            Binary
3           Original data shape       (42081, 78)
4        Transformed data shape       (42081, 80)
5   Transformed train set shape       (29456, 80)
6    Transformed test set shape       (12625, 80)
7               Ignore features                 2
8              Numeric features                68
9                 Date features                 5
10         Categorical features                 2
11     Rows with missing values             99.1%
12                   Preprocess              True
13              Imputation type            simple
14           Numeric imputation              mean
15       Categorical imputation              mode
16     Maximum one-hot encoding                25
17              Encoding method              None
18               Fold Generator   StratifiedKFold
19                  Fold Number                 5
20                     CPU Jobs                -1
21                      Use GPU             False
22               Log Experiment             False
23              Experiment Name  clf-default-name
24                          USI              5035
2024-11-28 19:56:34,027:INFO:Soft dependency imported: xgboost: 2.1.1
2024-11-28 19:56:34,031:INFO:Soft dependency imported: catboost: 1.2.7
2024-11-28 19:56:34,146:INFO:Soft dependency imported: xgboost: 2.1.1
2024-11-28 19:56:34,150:INFO:Soft dependency imported: catboost: 1.2.7
2024-11-28 19:56:34,152:INFO:setup() successfully completed in 2.48s...............
2024-11-28 19:56:48,813:INFO:Initializing create_model()
2024-11-28 19:56:48,814:INFO:create_model(self=<pycaret.classification.oop.ClassificationExperiment object at 0x7fd9d3b19b10>, estimator=rf, fold=10, round=4, cross_validation=True, predict=True, fit_kwargs=None, groups=None, refit=True, probability_threshold=None, experiment_custom_tags=None, verbose=True, system=True, add_to_model_list=True, metrics=None, display=None, model_only=True, return_train_score=False, error_score=0.0, kwargs={})
2024-11-28 19:56:48,814:INFO:Checking exceptions
2024-11-28 19:56:48,852:INFO:Importing libraries
2024-11-28 19:56:48,853:INFO:Copying training dataset
2024-11-28 19:56:48,985:INFO:Defining folds
2024-11-28 19:56:48,985:INFO:Declaring metric variables
2024-11-28 19:56:48,991:INFO:Importing untrained model
2024-11-28 19:56:49,007:INFO:Random Forest Classifier Imported successfully
2024-11-28 19:56:49,029:INFO:Starting cross validation
2024-11-28 19:56:49,036:INFO:Cross validating with StratifiedKFold(n_splits=10, random_state=None, shuffle=False), n_jobs=-1
2024-11-28 19:57:55,616:INFO:Calculating mean and std
2024-11-28 19:57:55,618:INFO:Creating metrics dataframe
2024-11-28 19:57:55,626:INFO:Finalizing model
2024-11-28 19:57:55,827:INFO:Warning: No categorical columns found. Calling 'transform' will only return input data.
2024-11-28 19:58:02,363:INFO:Uploading results into container
2024-11-28 19:58:02,365:INFO:Uploading model into container now
2024-11-28 19:58:02,384:INFO:_master_model_container: 1
2024-11-28 19:58:02,390:INFO:_display_container: 2
2024-11-28 19:58:02,391:INFO:RandomForestClassifier(bootstrap=True, ccp_alpha=0.0, class_weight=None,
                       criterion='gini', max_depth=None, max_features='sqrt',
                       max_leaf_nodes=None, max_samples=None,
                       min_impurity_decrease=0.0, min_samples_leaf=1,
                       min_samples_split=2, min_weight_fraction_leaf=0.0,
                       monotonic_cst=None, n_estimators=100, n_jobs=-1,
                       oob_score=False, random_state=444, verbose=0,
                       warm_start=False)
2024-11-28 19:58:02,391:INFO:create_model() successfully completed......................................
2024-11-28 20:03:11,786:INFO:Initializing predict_model()
2024-11-28 20:03:11,786:INFO:predict_model(self=<pycaret.classification.oop.ClassificationExperiment object at 0x7fd9d3b19b10>, estimator=RandomForestClassifier(bootstrap=True, ccp_alpha=0.0, class_weight=None,
                       criterion='gini', max_depth=None, max_features='sqrt',
                       max_leaf_nodes=None, max_samples=None,
                       min_impurity_decrease=0.0, min_samples_leaf=1,
                       min_samples_split=2, min_weight_fraction_leaf=0.0,
                       monotonic_cst=None, n_estimators=100, n_jobs=-1,
                       oob_score=False, random_state=444, verbose=0,
                       warm_start=False), probability_threshold=None, encoded_labels=False, raw_score=False, round=4, verbose=True, ml_usecase=None, preprocess=True, encode_labels=<function _SupervisedExperiment.predict_model.<locals>.encode_labels at 0x7fd9d41f3370>)
2024-11-28 20:03:11,787:INFO:Checking exceptions
2024-11-28 20:03:11,787:INFO:Preloading libraries
2024-11-28 20:04:26,984:INFO:Initializing predict_model()
2024-11-28 20:04:26,985:INFO:predict_model(self=<pycaret.classification.oop.ClassificationExperiment object at 0x7fd9d3b19b10>, estimator=RandomForestClassifier(bootstrap=True, ccp_alpha=0.0, class_weight=None,
                       criterion='gini', max_depth=None, max_features='sqrt',
                       max_leaf_nodes=None, max_samples=None,
                       min_impurity_decrease=0.0, min_samples_leaf=1,
                       min_samples_split=2, min_weight_fraction_leaf=0.0,
                       monotonic_cst=None, n_estimators=100, n_jobs=-1,
                       oob_score=False, random_state=444, verbose=0,
                       warm_start=False), probability_threshold=None, encoded_labels=False, raw_score=False, round=4, verbose=True, ml_usecase=None, preprocess=True, encode_labels=<function _SupervisedExperiment.predict_model.<locals>.encode_labels at 0x7fd9c1a9b490>)
2024-11-28 20:04:26,985:INFO:Checking exceptions
2024-11-28 20:04:26,985:INFO:Preloading libraries
2024-11-28 20:05:30,663:INFO:Initializing predict_model()
2024-11-28 20:05:30,663:INFO:predict_model(self=<pycaret.classification.oop.ClassificationExperiment object at 0x7fd9d3b19b10>, estimator=RandomForestClassifier(bootstrap=True, ccp_alpha=0.0, class_weight=None,
                       criterion='gini', max_depth=None, max_features='sqrt',
                       max_leaf_nodes=None, max_samples=None,
                       min_impurity_decrease=0.0, min_samples_leaf=1,
                       min_samples_split=2, min_weight_fraction_leaf=0.0,
                       monotonic_cst=None, n_estimators=100, n_jobs=-1,
                       oob_score=False, random_state=444, verbose=0,
                       warm_start=False), probability_threshold=None, encoded_labels=False, raw_score=False, round=4, verbose=True, ml_usecase=None, preprocess=True, encode_labels=<function _SupervisedExperiment.predict_model.<locals>.encode_labels at 0x7fd9d37d9d80>)
2024-11-28 20:05:30,663:INFO:Checking exceptions
2024-11-28 20:05:30,664:INFO:Preloading libraries
2024-11-28 20:07:40,257:INFO:Initializing predict_model()
2024-11-28 20:07:40,257:INFO:predict_model(self=<pycaret.classification.oop.ClassificationExperiment object at 0x7fd9d3b19b10>, estimator=RandomForestClassifier(bootstrap=True, ccp_alpha=0.0, class_weight=None,
                       criterion='gini', max_depth=None, max_features='sqrt',
                       max_leaf_nodes=None, max_samples=None,
                       min_impurity_decrease=0.0, min_samples_leaf=1,
                       min_samples_split=2, min_weight_fraction_leaf=0.0,
                       monotonic_cst=None, n_estimators=100, n_jobs=-1,
                       oob_score=False, random_state=444, verbose=0,
                       warm_start=False), probability_threshold=None, encoded_labels=False, raw_score=False, round=4, verbose=True, ml_usecase=None, preprocess=True, encode_labels=<function _SupervisedExperiment.predict_model.<locals>.encode_labels at 0x7fd9d41f3370>)
2024-11-28 20:07:40,257:INFO:Checking exceptions
2024-11-28 20:07:40,257:INFO:Preloading libraries
2024-11-28 20:07:51,758:INFO:Initializing predict_model()
2024-11-28 20:07:51,758:INFO:predict_model(self=<pycaret.classification.oop.ClassificationExperiment object at 0x7fd9d3b19b10>, estimator=RandomForestClassifier(bootstrap=True, ccp_alpha=0.0, class_weight=None,
                       criterion='gini', max_depth=None, max_features='sqrt',
                       max_leaf_nodes=None, max_samples=None,
                       min_impurity_decrease=0.0, min_samples_leaf=1,
                       min_samples_split=2, min_weight_fraction_leaf=0.0,
                       monotonic_cst=None, n_estimators=100, n_jobs=-1,
                       oob_score=False, random_state=444, verbose=0,
                       warm_start=False), probability_threshold=None, encoded_labels=False, raw_score=False, round=4, verbose=True, ml_usecase=None, preprocess=True, encode_labels=<function _SupervisedExperiment.predict_model.<locals>.encode_labels at 0x7fd9d3d02b90>)
2024-11-28 20:07:51,758:INFO:Checking exceptions
2024-11-28 20:07:51,758:INFO:Preloading libraries
2024-11-28 20:13:26,240:INFO:Initializing predict_model()
2024-11-28 20:13:26,240:INFO:predict_model(self=<pycaret.classification.oop.ClassificationExperiment object at 0x7fd9d3b19b10>, estimator=RandomForestClassifier(bootstrap=True, ccp_alpha=0.0, class_weight=None,
                       criterion='gini', max_depth=None, max_features='sqrt',
                       max_leaf_nodes=None, max_samples=None,
                       min_impurity_decrease=0.0, min_samples_leaf=1,
                       min_samples_split=2, min_weight_fraction_leaf=0.0,
                       monotonic_cst=None, n_estimators=100, n_jobs=-1,
                       oob_score=False, random_state=444, verbose=0,
                       warm_start=False), probability_threshold=None, encoded_labels=False, raw_score=False, round=4, verbose=True, ml_usecase=None, preprocess=True, encode_labels=<function _SupervisedExperiment.predict_model.<locals>.encode_labels at 0x7fd97f9cf6d0>)
2024-11-28 20:13:26,240:INFO:Checking exceptions
2024-11-28 20:13:26,240:INFO:Preloading libraries
2024-11-28 20:13:26,244:INFO:Set up data.
2024-11-28 20:13:26,293:INFO:Set up index.
2024-11-28 20:14:31,289:INFO:Initializing predict_model()
2024-11-28 20:14:31,290:INFO:predict_model(self=<pycaret.classification.oop.ClassificationExperiment object at 0x7fd9d3b19b10>, estimator=RandomForestClassifier(bootstrap=True, ccp_alpha=0.0, class_weight=None,
                       criterion='gini', max_depth=None, max_features='sqrt',
                       max_leaf_nodes=None, max_samples=None,
                       min_impurity_decrease=0.0, min_samples_leaf=1,
                       min_samples_split=2, min_weight_fraction_leaf=0.0,
                       monotonic_cst=None, n_estimators=100, n_jobs=-1,
                       oob_score=False, random_state=444, verbose=0,
                       warm_start=False), probability_threshold=None, encoded_labels=False, raw_score=False, round=4, verbose=True, ml_usecase=None, preprocess=True, encode_labels=<function _SupervisedExperiment.predict_model.<locals>.encode_labels at 0x7fd97f70c0d0>)
2024-11-28 20:14:31,290:INFO:Checking exceptions
2024-11-28 20:14:31,290:INFO:Preloading libraries
2024-11-28 20:14:31,295:INFO:Set up data.
2024-11-28 20:14:31,345:INFO:Set up index.
2024-11-28 20:14:41,706:INFO:Initializing predict_model()
2024-11-28 20:14:41,706:INFO:predict_model(self=<pycaret.classification.oop.ClassificationExperiment object at 0x7fd9d3b19b10>, estimator=RandomForestClassifier(bootstrap=True, ccp_alpha=0.0, class_weight=None,
                       criterion='gini', max_depth=None, max_features='sqrt',
                       max_leaf_nodes=None, max_samples=None,
                       min_impurity_decrease=0.0, min_samples_leaf=1,
                       min_samples_split=2, min_weight_fraction_leaf=0.0,
                       monotonic_cst=None, n_estimators=100, n_jobs=-1,
                       oob_score=False, random_state=444, verbose=0,
                       warm_start=False), probability_threshold=None, encoded_labels=False, raw_score=False, round=4, verbose=True, ml_usecase=None, preprocess=True, encode_labels=<function _SupervisedExperiment.predict_model.<locals>.encode_labels at 0x7fd9c1a98790>)
2024-11-28 20:14:41,706:INFO:Checking exceptions
2024-11-28 20:14:41,706:INFO:Preloading libraries
2024-11-28 20:14:41,717:INFO:Set up data.
2024-11-28 20:14:41,783:INFO:Set up index.
2024-11-28 20:24:49,511:INFO:PyCaret ClassificationExperiment
2024-11-28 20:24:49,512:INFO:Logging name: clf-default-name
2024-11-28 20:24:49,512:INFO:ML Usecase: MLUsecase.CLASSIFICATION
2024-11-28 20:24:49,512:INFO:version 3.3.2
2024-11-28 20:24:49,512:INFO:Initializing setup()
2024-11-28 20:24:49,512:INFO:self.USI: aeb3
2024-11-28 20:24:49,512:INFO:self._variable_keys: {'gpu_param', 'memory', 'y', 'n_jobs_param', 'fix_imbalance', 'target_param', 'X_test', 'idx', 'data', 'y_train', 'is_multiclass', '_available_plots', 'X_train', 'exp_id', 'log_plots_param', 'gpu_n_jobs_param', 'fold_groups_param', '_ml_usecase', 'y_test', 'fold_shuffle_param', 'exp_name_log', 'fold_generator', 'pipeline', 'USI', 'html_param', 'seed', 'X', 'logging_param'}
2024-11-28 20:24:49,512:INFO:Checking environment
2024-11-28 20:24:49,512:INFO:python_version: 3.10.12
2024-11-28 20:24:49,512:INFO:python_build: ('main', 'Nov  6 2024 20:22:13')
2024-11-28 20:24:49,512:INFO:machine: x86_64
2024-11-28 20:24:49,512:INFO:platform: Linux-5.15.167.4-microsoft-standard-WSL2-x86_64-with-glibc2.35
2024-11-28 20:24:49,512:INFO:Memory: svmem(total=8286756864, available=1614839808, percent=80.5, used=6381670400, free=1351843840, active=1179881472, inactive=5235183616, buffers=33366016, cached=519876608, shared=2940928, slab=197935104)
2024-11-28 20:24:49,514:INFO:Physical Core: 4
2024-11-28 20:24:49,514:INFO:Logical Core: 4
2024-11-28 20:24:49,514:INFO:Checking libraries
2024-11-28 20:24:49,514:INFO:System:
2024-11-28 20:24:49,514:INFO:    python: 3.10.12 (main, Nov  6 2024, 20:22:13) [GCC 11.4.0]
2024-11-28 20:24:49,514:INFO:executable: /bin/python3
2024-11-28 20:24:49,514:INFO:   machine: Linux-5.15.167.4-microsoft-standard-WSL2-x86_64-with-glibc2.35
2024-11-28 20:24:49,514:INFO:PyCaret required dependencies:
2024-11-28 20:24:49,515:INFO:                 pip: 22.0.2
2024-11-28 20:24:49,515:INFO:          setuptools: 59.6.0
2024-11-28 20:24:49,515:INFO:             pycaret: 3.3.2
2024-11-28 20:24:49,515:INFO:             IPython: 8.27.0
2024-11-28 20:24:49,515:INFO:          ipywidgets: 8.1.5
2024-11-28 20:24:49,515:INFO:                tqdm: 4.66.5
2024-11-28 20:24:49,515:INFO:               numpy: 1.26.4
2024-11-28 20:24:49,515:INFO:              pandas: 2.1.4
2024-11-28 20:24:49,515:INFO:              jinja2: 3.1.4
2024-11-28 20:24:49,515:INFO:               scipy: 1.11.4
2024-11-28 20:24:49,515:INFO:              joblib: 1.3.2
2024-11-28 20:24:49,515:INFO:             sklearn: 1.4.2
2024-11-28 20:24:49,515:INFO:                pyod: 2.0.2
2024-11-28 20:24:49,515:INFO:            imblearn: 0.12.4
2024-11-28 20:24:49,515:INFO:   category_encoders: 2.6.4
2024-11-28 20:24:49,515:INFO:            lightgbm: 4.5.0
2024-11-28 20:24:49,515:INFO:               numba: 0.60.0
2024-11-28 20:24:49,515:INFO:            requests: 2.32.3
2024-11-28 20:24:49,515:INFO:          matplotlib: 3.7.5
2024-11-28 20:24:49,515:INFO:          scikitplot: 0.3.7
2024-11-28 20:24:49,515:INFO:         yellowbrick: 1.5
2024-11-28 20:24:49,515:INFO:              plotly: 5.24.1
2024-11-28 20:24:49,515:INFO:    plotly-resampler: Not installed
2024-11-28 20:24:49,515:INFO:             kaleido: 0.2.1
2024-11-28 20:24:49,515:INFO:           schemdraw: 0.15
2024-11-28 20:24:49,515:INFO:         statsmodels: 0.14.3
2024-11-28 20:24:49,515:INFO:              sktime: 0.26.0
2024-11-28 20:24:49,515:INFO:               tbats: 1.1.3
2024-11-28 20:24:49,515:INFO:            pmdarima: 2.0.4
2024-11-28 20:24:49,515:INFO:              psutil: 6.0.0
2024-11-28 20:24:49,515:INFO:          markupsafe: 3.0.1
2024-11-28 20:24:49,515:INFO:             pickle5: Not installed
2024-11-28 20:24:49,515:INFO:         cloudpickle: 3.0.0
2024-11-28 20:24:49,516:INFO:         deprecation: 2.1.0
2024-11-28 20:24:49,516:INFO:              xxhash: 3.5.0
2024-11-28 20:24:49,516:INFO:           wurlitzer: 3.1.1
2024-11-28 20:24:49,516:INFO:PyCaret optional dependencies:
2024-11-28 20:24:49,516:INFO:                shap: 0.44.1
2024-11-28 20:24:49,516:INFO:           interpret: 0.6.7
2024-11-28 20:24:49,516:INFO:                umap: 0.5.7
2024-11-28 20:24:49,516:INFO:     ydata_profiling: 4.12.0
2024-11-28 20:24:49,516:INFO:  explainerdashboard: 0.4.7
2024-11-28 20:24:49,516:INFO:             autoviz: Not installed
2024-11-28 20:24:49,516:INFO:           fairlearn: 0.7.0
2024-11-28 20:24:49,516:INFO:          deepchecks: Not installed
2024-11-28 20:24:49,516:INFO:             xgboost: 2.1.1
2024-11-28 20:24:49,516:INFO:            catboost: 1.2.7
2024-11-28 20:24:49,516:INFO:              kmodes: Not installed
2024-11-28 20:24:49,516:INFO:             mlxtend: Not installed
2024-11-28 20:24:49,516:INFO:       statsforecast: Not installed
2024-11-28 20:24:49,516:INFO:        tune_sklearn: Not installed
2024-11-28 20:24:49,516:INFO:                 ray: Not installed
2024-11-28 20:24:49,516:INFO:            hyperopt: Not installed
2024-11-28 20:24:49,516:INFO:              optuna: Not installed
2024-11-28 20:24:49,516:INFO:               skopt: Not installed
2024-11-28 20:24:49,516:INFO:              mlflow: Not installed
2024-11-28 20:24:49,516:INFO:              gradio: Not installed
2024-11-28 20:24:49,516:INFO:             fastapi: Not installed
2024-11-28 20:24:49,516:INFO:             uvicorn: Not installed
2024-11-28 20:24:49,516:INFO:              m2cgen: Not installed
2024-11-28 20:24:49,516:INFO:           evidently: Not installed
2024-11-28 20:24:49,517:INFO:               fugue: Not installed
2024-11-28 20:24:49,517:INFO:           streamlit: Not installed
2024-11-28 20:24:49,517:INFO:             prophet: 1.1.6
2024-11-28 20:24:49,517:INFO:None
2024-11-28 20:24:49,517:INFO:Set up data.
2024-11-28 20:24:49,608:INFO:Set up folding strategy.
2024-11-28 20:24:49,608:INFO:Set up train/test split.
2024-11-28 20:24:49,684:INFO:Set up index.
2024-11-28 20:24:49,686:INFO:Assigning column types.
2024-11-28 20:24:49,750:INFO:Engine successfully changes for model 'lr' to 'sklearn'.
2024-11-28 20:24:49,819:INFO:Engine for model 'knn' has not been set explicitly, hence returning None.
2024-11-28 20:24:49,821:INFO:Engine for model 'rbfsvm' has not been set explicitly, hence returning None.
2024-11-28 20:24:49,866:INFO:Soft dependency imported: xgboost: 2.1.1
2024-11-28 20:24:49,870:INFO:Soft dependency imported: catboost: 1.2.7
2024-11-28 20:24:49,955:INFO:Engine for model 'knn' has not been set explicitly, hence returning None.
2024-11-28 20:24:49,956:INFO:Engine for model 'rbfsvm' has not been set explicitly, hence returning None.
2024-11-28 20:24:50,005:INFO:Soft dependency imported: xgboost: 2.1.1
2024-11-28 20:24:50,010:INFO:Soft dependency imported: catboost: 1.2.7
2024-11-28 20:24:50,013:INFO:Engine successfully changes for model 'knn' to 'sklearn'.
2024-11-28 20:24:50,101:INFO:Engine for model 'rbfsvm' has not been set explicitly, hence returning None.
2024-11-28 20:24:50,157:INFO:Soft dependency imported: xgboost: 2.1.1
2024-11-28 20:24:50,161:INFO:Soft dependency imported: catboost: 1.2.7
2024-11-28 20:24:50,248:INFO:Engine for model 'rbfsvm' has not been set explicitly, hence returning None.
2024-11-28 20:24:50,294:INFO:Soft dependency imported: xgboost: 2.1.1
2024-11-28 20:24:50,298:INFO:Soft dependency imported: catboost: 1.2.7
2024-11-28 20:24:50,298:INFO:Engine successfully changes for model 'rbfsvm' to 'sklearn'.
2024-11-28 20:24:50,413:INFO:Soft dependency imported: xgboost: 2.1.1
2024-11-28 20:24:50,418:INFO:Soft dependency imported: catboost: 1.2.7
2024-11-28 20:24:50,536:INFO:Soft dependency imported: xgboost: 2.1.1
2024-11-28 20:24:50,540:INFO:Soft dependency imported: catboost: 1.2.7
2024-11-28 20:24:50,542:INFO:Preparing preprocessing pipeline...
2024-11-28 20:24:50,552:INFO:Set up date feature engineering.
2024-11-28 20:24:50,553:INFO:Set up simple imputation.
2024-11-28 20:24:50,587:INFO:Set up encoding of ordinal features.
2024-11-28 20:24:50,607:INFO:Set up encoding of categorical features.
2024-11-28 20:24:50,607:INFO:Set up feature selection.
2024-11-28 20:24:50,728:INFO:Soft dependency imported: xgboost: 2.1.1
2024-11-28 20:24:50,732:INFO:Soft dependency imported: catboost: 1.2.7
2024-11-28 20:24:52,937:INFO:Finished creating preprocessing pipeline.
2024-11-28 20:24:52,979:INFO:Pipeline: Pipeline(memory=FastMemory(location=/tmp/joblib),
         steps=[('date_feature_extractor',
                 TransformerWrapper(exclude=None,
                                    include=['borrow_timestamp',
                                             'first_tx_timestamp',
                                             'last_tx_timestamp',
                                             'risky_first_tx_timestamp',
                                             'risky_last_tx_timestamp'],
                                    transformer=ExtractDateTimeFeatures(features=['day',
                                                                                  'month',
                                                                                  'year']))),
                ('numerical_imputer',
                 TransformerWrapper(ex...
                                                                                         learning_rate=0.1,
                                                                                         max_depth=-1,
                                                                                         min_child_samples=20,
                                                                                         min_child_weight=0.001,
                                                                                         min_split_gain=0.0,
                                                                                         n_estimators=100,
                                                                                         n_jobs=None,
                                                                                         num_leaves=31,
                                                                                         objective=None,
                                                                                         random_state=None,
                                                                                         reg_alpha=0.0,
                                                                                         reg_lambda=0.0,
                                                                                         subsample=1.0,
                                                                                         subsample_for_bin=200000,
                                                                                         subsample_freq=0),
                                                                importance_getter='auto',
                                                                max_features=15,
                                                                norm_order=1,
                                                                prefit=False,
                                                                threshold=-inf)))],
         verbose=False)
2024-11-28 20:24:52,979:INFO:Creating final display dataframe.
2024-11-28 20:24:53,955:INFO:Setup _display_container:                     Description             Value
0                    Session id               444
1                        Target            target
2                   Target type            Binary
3           Original data shape       (42081, 78)
4        Transformed data shape       (42081, 16)
5   Transformed train set shape       (29456, 16)
6    Transformed test set shape       (12625, 16)
7               Ignore features                 2
8              Numeric features                68
9                 Date features                 5
10         Categorical features                 2
11     Rows with missing values             99.1%
12                   Preprocess              True
13              Imputation type            simple
14           Numeric imputation              mean
15       Categorical imputation              mode
16     Maximum one-hot encoding                25
17              Encoding method              None
18            Feature selection              True
19     Feature selection method           classic
20  Feature selection estimator          lightgbm
21  Number of features selected               0.2
22               Fold Generator   StratifiedKFold
23                  Fold Number                 5
24                     CPU Jobs                -1
25                      Use GPU             False
26               Log Experiment             False
27              Experiment Name  clf-default-name
28                          USI              aeb3
2024-11-28 20:24:54,106:INFO:Soft dependency imported: xgboost: 2.1.1
2024-11-28 20:24:54,109:INFO:Soft dependency imported: catboost: 1.2.7
2024-11-28 20:24:54,223:INFO:Soft dependency imported: xgboost: 2.1.1
2024-11-28 20:24:54,227:INFO:Soft dependency imported: catboost: 1.2.7
2024-11-28 20:24:54,229:INFO:setup() successfully completed in 4.73s...............
2024-11-28 20:24:54,229:INFO:Initializing create_model()
2024-11-28 20:24:54,229:INFO:create_model(self=<pycaret.classification.oop.ClassificationExperiment object at 0x7fd97fd8b9d0>, estimator=rf, fold=10, round=4, cross_validation=True, predict=True, fit_kwargs=None, groups=None, refit=True, probability_threshold=None, experiment_custom_tags=None, verbose=True, system=True, add_to_model_list=True, metrics=None, display=None, model_only=True, return_train_score=False, error_score=0.0, kwargs={})
2024-11-28 20:24:54,229:INFO:Checking exceptions
2024-11-28 20:24:54,256:INFO:Importing libraries
2024-11-28 20:24:54,256:INFO:Copying training dataset
2024-11-28 20:24:54,367:INFO:Defining folds
2024-11-28 20:24:54,367:INFO:Declaring metric variables
2024-11-28 20:24:54,386:INFO:Importing untrained model
2024-11-28 20:24:54,394:INFO:Random Forest Classifier Imported successfully
2024-11-28 20:24:54,407:INFO:Starting cross validation
2024-11-28 20:24:54,468:INFO:Cross validating with StratifiedKFold(n_splits=10, random_state=None, shuffle=False), n_jobs=-1
2024-11-28 20:24:58,727:INFO:[LightGBM] [Info] Number of positive: 13558, number of negative: 12952
2024-11-28 20:24:58,804:INFO:[LightGBM] [Info] Number of positive: 13558, number of negative: 12952
2024-11-28 20:24:58,815:INFO:[LightGBM] [Info] Number of positive: 13558, number of negative: 12952
2024-11-28 20:24:58,827:INFO:[LightGBM] [Info] Number of positive: 13559, number of negative: 12951
2024-11-28 20:24:59,148:INFO:[LightGBM] [Info] Auto-choosing row-wise multi-threading, the overhead of testing was 0.362040 seconds.
2024-11-28 20:24:59,148:INFO:You can set `force_row_wise=true` to remove the overhead.
2024-11-28 20:24:59,148:INFO:And if memory is not enough, you can set `force_col_wise=true`.
2024-11-28 20:24:59,149:INFO:[LightGBM] [Info] Total Bins 15882
2024-11-28 20:24:59,187:INFO:[LightGBM] [Info] Number of data points in the train set: 26510, number of used features: 79
2024-11-28 20:24:59,207:INFO:[LightGBM] [Info] [binary:BoostFromScore]: pavg=0.511430 -> initscore=0.045727
2024-11-28 20:24:59,237:INFO:[LightGBM] [Info] Start training from score 0.045727
2024-11-28 20:25:00,117:INFO:[LightGBM] [Info] Auto-choosing row-wise multi-threading, the overhead of testing was 0.798381 seconds.
2024-11-28 20:25:00,118:INFO:You can set `force_row_wise=true` to remove the overhead.
2024-11-28 20:25:00,118:INFO:And if memory is not enough, you can set `force_col_wise=true`.
2024-11-28 20:25:00,118:INFO:[LightGBM] [Info] Total Bins 15877
2024-11-28 20:25:00,163:INFO:[LightGBM] [Info] Number of data points in the train set: 26510, number of used features: 79
2024-11-28 20:25:00,167:INFO:[LightGBM] [Info] Auto-choosing row-wise multi-threading, the overhead of testing was 0.859393 seconds.
2024-11-28 20:25:00,167:INFO:You can set `force_row_wise=true` to remove the overhead.
2024-11-28 20:25:00,168:INFO:And if memory is not enough, you can set `force_col_wise=true`.
2024-11-28 20:25:00,169:INFO:[LightGBM] [Info] Total Bins 15875
2024-11-28 20:25:00,215:INFO:[LightGBM] [Info] [binary:BoostFromScore]: pavg=0.511430 -> initscore=0.045727
2024-11-28 20:25:00,247:INFO:[LightGBM] [Info] Number of data points in the train set: 26510, number of used features: 79
2024-11-28 20:25:00,254:INFO:[LightGBM] [Info] Start training from score 0.045727
2024-11-28 20:25:00,286:INFO:[LightGBM] [Info] [binary:BoostFromScore]: pavg=0.511430 -> initscore=0.045727
2024-11-28 20:25:00,337:INFO:[LightGBM] [Info] Start training from score 0.045727
2024-11-28 20:25:00,376:INFO:[LightGBM] [Info] Auto-choosing row-wise multi-threading, the overhead of testing was 0.945637 seconds.
2024-11-28 20:25:00,376:INFO:You can set `force_row_wise=true` to remove the overhead.
2024-11-28 20:25:00,377:INFO:And if memory is not enough, you can set `force_col_wise=true`.
2024-11-28 20:25:00,378:INFO:[LightGBM] [Info] Total Bins 15881
2024-11-28 20:25:00,419:INFO:[LightGBM] [Info] Number of data points in the train set: 26510, number of used features: 79
2024-11-28 20:25:00,487:INFO:[LightGBM] [Info] [binary:BoostFromScore]: pavg=0.511467 -> initscore=0.045878
2024-11-28 20:25:00,518:INFO:[LightGBM] [Info] Start training from score 0.045878
2024-11-28 20:32:42,117:INFO:[LightGBM] [Info] Number of positive: 13558, number of negative: 12952
2024-11-28 20:32:43,287:INFO:[LightGBM] [Info] Auto-choosing row-wise multi-threading, the overhead of testing was 0.728135 seconds.
2024-11-28 20:32:43,287:INFO:You can set `force_row_wise=true` to remove the overhead.
2024-11-28 20:32:43,287:INFO:And if memory is not enough, you can set `force_col_wise=true`.
2024-11-28 20:32:43,288:INFO:[LightGBM] [Info] Total Bins 15865
2024-11-28 20:32:43,337:INFO:[LightGBM] [Info] Number of data points in the train set: 26510, number of used features: 79
2024-11-28 20:32:43,376:INFO:[LightGBM] [Info] [binary:BoostFromScore]: pavg=0.511430 -> initscore=0.045727
2024-11-28 20:32:43,416:INFO:[LightGBM] [Info] Start training from score 0.045727
2024-11-28 20:32:55,648:INFO:[LightGBM] [Info] Number of positive: 13558, number of negative: 12952
2024-11-28 20:32:57,055:INFO:[LightGBM] [Info] Auto-choosing row-wise multi-threading, the overhead of testing was 0.866214 seconds.
2024-11-28 20:32:57,055:INFO:You can set `force_row_wise=true` to remove the overhead.
2024-11-28 20:32:57,057:INFO:And if memory is not enough, you can set `force_col_wise=true`.
2024-11-28 20:32:57,059:INFO:[LightGBM] [Info] Total Bins 15880
2024-11-28 20:32:57,117:INFO:[LightGBM] [Info] Number of data points in the train set: 26510, number of used features: 79
2024-11-28 20:32:57,168:INFO:[LightGBM] [Info] [binary:BoostFromScore]: pavg=0.511430 -> initscore=0.045727
2024-11-28 20:32:57,206:INFO:[LightGBM] [Info] Start training from score 0.045727
2024-11-28 20:33:29,771:INFO:[LightGBM] [Info] Number of positive: 13559, number of negative: 12952
2024-11-28 20:33:31,125:INFO:[LightGBM] [Info] Auto-choosing row-wise multi-threading, the overhead of testing was 0.789622 seconds.
2024-11-28 20:33:31,125:INFO:You can set `force_row_wise=true` to remove the overhead.
2024-11-28 20:33:31,126:INFO:And if memory is not enough, you can set `force_col_wise=true`.
2024-11-28 20:33:31,136:INFO:[LightGBM] [Info] Total Bins 15877
2024-11-28 20:33:31,177:INFO:[LightGBM] [Info] Number of data points in the train set: 26511, number of used features: 79
2024-11-28 20:33:31,227:INFO:[LightGBM] [Info] [binary:BoostFromScore]: pavg=0.511448 -> initscore=0.045800
2024-11-28 20:33:31,265:INFO:[LightGBM] [Info] Start training from score 0.045800
2024-11-28 20:35:19,103:INFO:[LightGBM] [Info] Number of positive: 13559, number of negative: 12952
2024-11-28 20:35:20,386:INFO:[LightGBM] [Info] Auto-choosing row-wise multi-threading, the overhead of testing was 0.766752 seconds.
2024-11-28 20:35:20,386:INFO:You can set `force_row_wise=true` to remove the overhead.
2024-11-28 20:35:20,387:INFO:And if memory is not enough, you can set `force_col_wise=true`.
2024-11-28 20:35:20,388:INFO:[LightGBM] [Info] Total Bins 15890
2024-11-28 20:35:20,454:INFO:[LightGBM] [Info] Number of data points in the train set: 26511, number of used features: 79
2024-11-28 20:35:20,479:INFO:[LightGBM] [Info] [binary:BoostFromScore]: pavg=0.511448 -> initscore=0.045800
2024-11-28 20:35:20,530:INFO:[LightGBM] [Info] Start training from score 0.045800
2024-11-28 20:39:42,026:INFO:[LightGBM] [Info] Number of positive: 13559, number of negative: 12952
2024-11-28 20:39:43,056:INFO:[LightGBM] [Info] Auto-choosing row-wise multi-threading, the overhead of testing was 0.654169 seconds.
2024-11-28 20:39:43,057:INFO:You can set `force_row_wise=true` to remove the overhead.
2024-11-28 20:39:43,057:INFO:And if memory is not enough, you can set `force_col_wise=true`.
2024-11-28 20:39:43,057:INFO:[LightGBM] [Info] Total Bins 15865
2024-11-28 20:39:43,137:INFO:[LightGBM] [Info] Number of data points in the train set: 26511, number of used features: 79
2024-11-28 20:39:43,180:INFO:[LightGBM] [Info] [binary:BoostFromScore]: pavg=0.511448 -> initscore=0.045800
2024-11-28 20:39:43,209:INFO:[LightGBM] [Info] Start training from score 0.045800
2024-11-28 20:39:43,637:INFO:[LightGBM] [Info] Number of positive: 13559, number of negative: 12952
2024-11-28 20:39:45,116:INFO:[LightGBM] [Info] Auto-choosing row-wise multi-threading, the overhead of testing was 0.898071 seconds.
2024-11-28 20:39:45,116:INFO:You can set `force_row_wise=true` to remove the overhead.
2024-11-28 20:39:45,116:INFO:And if memory is not enough, you can set `force_col_wise=true`.
2024-11-28 20:39:45,117:INFO:[LightGBM] [Info] Total Bins 15863
2024-11-28 20:39:45,154:INFO:[LightGBM] [Info] Number of data points in the train set: 26511, number of used features: 79
2024-11-28 20:39:45,194:INFO:[LightGBM] [Info] [binary:BoostFromScore]: pavg=0.511448 -> initscore=0.045800
2024-11-28 20:39:45,245:INFO:[LightGBM] [Info] Start training from score 0.045800
2024-11-28 20:42:28,317:INFO:Calculating mean and std
2024-11-28 20:42:28,320:INFO:Creating metrics dataframe
2024-11-28 20:42:28,336:INFO:Finalizing model
2024-11-28 20:42:28,557:INFO:Warning: No categorical columns found. Calling 'transform' will only return input data.
2024-11-28 20:42:28,783:INFO:[LightGBM] [Info] Number of positive: 15065, number of negative: 14391
2024-11-28 20:42:28,796:INFO:[LightGBM] [Info] Auto-choosing col-wise multi-threading, the overhead of testing was 0.011824 seconds.
2024-11-28 20:42:28,797:INFO:You can set `force_col_wise=true` to remove the overhead.
2024-11-28 20:42:28,798:INFO:[LightGBM] [Info] Total Bins 15882
2024-11-28 20:42:28,818:INFO:[LightGBM] [Info] Number of data points in the train set: 29456, number of used features: 79
2024-11-28 20:42:28,820:INFO:[LightGBM] [Info] [binary:BoostFromScore]: pavg=0.511441 -> initscore=0.045771
2024-11-28 20:42:28,821:INFO:[LightGBM] [Info] Start training from score 0.045771
2024-11-28 20:42:33,707:INFO:Uploading results into container
2024-11-28 20:42:33,708:INFO:Uploading model into container now
2024-11-28 20:42:33,735:INFO:_master_model_container: 1
2024-11-28 20:42:33,736:INFO:_display_container: 2
2024-11-28 20:42:33,737:INFO:RandomForestClassifier(bootstrap=True, ccp_alpha=0.0, class_weight=None,
                       criterion='gini', max_depth=None, max_features='sqrt',
                       max_leaf_nodes=None, max_samples=None,
                       min_impurity_decrease=0.0, min_samples_leaf=1,
                       min_samples_split=2, min_weight_fraction_leaf=0.0,
                       monotonic_cst=None, n_estimators=100, n_jobs=-1,
                       oob_score=False, random_state=444, verbose=0,
                       warm_start=False)
2024-11-28 20:42:33,737:INFO:create_model() successfully completed......................................
2024-11-28 20:43:22,693:INFO:Initializing predict_model()
2024-11-28 20:43:22,693:INFO:predict_model(self=<pycaret.classification.oop.ClassificationExperiment object at 0x7fd97fd8b9d0>, estimator=RandomForestClassifier(bootstrap=True, ccp_alpha=0.0, class_weight=None,
                       criterion='gini', max_depth=None, max_features='sqrt',
                       max_leaf_nodes=None, max_samples=None,
                       min_impurity_decrease=0.0, min_samples_leaf=1,
                       min_samples_split=2, min_weight_fraction_leaf=0.0,
                       monotonic_cst=None, n_estimators=100, n_jobs=-1,
                       oob_score=False, random_state=444, verbose=0,
                       warm_start=False), probability_threshold=None, encoded_labels=False, raw_score=False, round=4, verbose=True, ml_usecase=None, preprocess=True, encode_labels=<function _SupervisedExperiment.predict_model.<locals>.encode_labels at 0x7fd9c17fbb50>)
2024-11-28 20:43:22,693:INFO:Checking exceptions
2024-11-28 20:43:22,693:INFO:Preloading libraries
2024-11-28 20:43:22,696:INFO:Set up data.
2024-11-28 20:43:22,739:INFO:Set up index.
2024-11-28 20:43:53,756:INFO:PyCaret ClassificationExperiment
2024-11-28 20:43:53,757:INFO:Logging name: clf-default-name
2024-11-28 20:43:53,757:INFO:ML Usecase: MLUsecase.CLASSIFICATION
2024-11-28 20:43:53,757:INFO:version 3.3.2
2024-11-28 20:43:53,757:INFO:Initializing setup()
2024-11-28 20:43:53,757:INFO:self.USI: affe
2024-11-28 20:43:53,757:INFO:self._variable_keys: {'gpu_param', 'memory', 'y', 'n_jobs_param', 'fix_imbalance', 'target_param', 'X_test', 'idx', 'data', 'y_train', 'is_multiclass', '_available_plots', 'X_train', 'exp_id', 'log_plots_param', 'gpu_n_jobs_param', 'fold_groups_param', '_ml_usecase', 'y_test', 'fold_shuffle_param', 'exp_name_log', 'fold_generator', 'pipeline', 'USI', 'html_param', 'seed', 'X', 'logging_param'}
2024-11-28 20:43:53,757:INFO:Checking environment
2024-11-28 20:43:53,757:INFO:python_version: 3.10.12
2024-11-28 20:43:53,757:INFO:python_build: ('main', 'Nov  6 2024 20:22:13')
2024-11-28 20:43:53,757:INFO:machine: x86_64
2024-11-28 20:43:53,757:INFO:platform: Linux-5.15.167.4-microsoft-standard-WSL2-x86_64-with-glibc2.35
2024-11-28 20:43:53,758:INFO:Memory: svmem(total=8286756864, available=476139520, percent=94.3, used=7518572544, free=137650176, active=1331073024, inactive=6309289984, buffers=40030208, cached=590503936, shared=2777088, slab=203321344)
2024-11-28 20:43:53,758:INFO:Physical Core: 4
2024-11-28 20:43:53,758:INFO:Logical Core: 4
2024-11-28 20:43:53,758:INFO:Checking libraries
2024-11-28 20:43:53,758:INFO:System:
2024-11-28 20:43:53,758:INFO:    python: 3.10.12 (main, Nov  6 2024, 20:22:13) [GCC 11.4.0]
2024-11-28 20:43:53,758:INFO:executable: /bin/python3
2024-11-28 20:43:53,758:INFO:   machine: Linux-5.15.167.4-microsoft-standard-WSL2-x86_64-with-glibc2.35
2024-11-28 20:43:53,758:INFO:PyCaret required dependencies:
2024-11-28 20:43:53,759:INFO:                 pip: 22.0.2
2024-11-28 20:43:53,759:INFO:          setuptools: 59.6.0
2024-11-28 20:43:53,759:INFO:             pycaret: 3.3.2
2024-11-28 20:43:53,759:INFO:             IPython: 8.27.0
2024-11-28 20:43:53,759:INFO:          ipywidgets: 8.1.5
2024-11-28 20:43:53,759:INFO:                tqdm: 4.66.5
2024-11-28 20:43:53,759:INFO:               numpy: 1.26.4
2024-11-28 20:43:53,759:INFO:              pandas: 2.1.4
2024-11-28 20:43:53,759:INFO:              jinja2: 3.1.4
2024-11-28 20:43:53,759:INFO:               scipy: 1.11.4
2024-11-28 20:43:53,759:INFO:              joblib: 1.3.2
2024-11-28 20:43:53,759:INFO:             sklearn: 1.4.2
2024-11-28 20:43:53,759:INFO:                pyod: 2.0.2
2024-11-28 20:43:53,759:INFO:            imblearn: 0.12.4
2024-11-28 20:43:53,759:INFO:   category_encoders: 2.6.4
2024-11-28 20:43:53,759:INFO:            lightgbm: 4.5.0
2024-11-28 20:43:53,759:INFO:               numba: 0.60.0
2024-11-28 20:43:53,759:INFO:            requests: 2.32.3
2024-11-28 20:43:53,759:INFO:          matplotlib: 3.7.5
2024-11-28 20:43:53,759:INFO:          scikitplot: 0.3.7
2024-11-28 20:43:53,759:INFO:         yellowbrick: 1.5
2024-11-28 20:43:53,759:INFO:              plotly: 5.24.1
2024-11-28 20:43:53,759:INFO:    plotly-resampler: Not installed
2024-11-28 20:43:53,759:INFO:             kaleido: 0.2.1
2024-11-28 20:43:53,759:INFO:           schemdraw: 0.15
2024-11-28 20:43:53,759:INFO:         statsmodels: 0.14.3
2024-11-28 20:43:53,759:INFO:              sktime: 0.26.0
2024-11-28 20:43:53,759:INFO:               tbats: 1.1.3
2024-11-28 20:43:53,759:INFO:            pmdarima: 2.0.4
2024-11-28 20:43:53,759:INFO:              psutil: 6.0.0
2024-11-28 20:43:53,759:INFO:          markupsafe: 3.0.1
2024-11-28 20:43:53,760:INFO:             pickle5: Not installed
2024-11-28 20:43:53,760:INFO:         cloudpickle: 3.0.0
2024-11-28 20:43:53,760:INFO:         deprecation: 2.1.0
2024-11-28 20:43:53,760:INFO:              xxhash: 3.5.0
2024-11-28 20:43:53,760:INFO:           wurlitzer: 3.1.1
2024-11-28 20:43:53,760:INFO:PyCaret optional dependencies:
2024-11-28 20:43:53,760:INFO:                shap: 0.44.1
2024-11-28 20:43:53,760:INFO:           interpret: 0.6.7
2024-11-28 20:43:53,760:INFO:                umap: 0.5.7
2024-11-28 20:43:53,760:INFO:     ydata_profiling: 4.12.0
2024-11-28 20:43:53,760:INFO:  explainerdashboard: 0.4.7
2024-11-28 20:43:53,760:INFO:             autoviz: Not installed
2024-11-28 20:43:53,760:INFO:           fairlearn: 0.7.0
2024-11-28 20:43:53,760:INFO:          deepchecks: Not installed
2024-11-28 20:43:53,760:INFO:             xgboost: 2.1.1
2024-11-28 20:43:53,760:INFO:            catboost: 1.2.7
2024-11-28 20:43:53,760:INFO:              kmodes: Not installed
2024-11-28 20:43:53,760:INFO:             mlxtend: Not installed
2024-11-28 20:43:53,760:INFO:       statsforecast: Not installed
2024-11-28 20:43:53,760:INFO:        tune_sklearn: Not installed
2024-11-28 20:43:53,760:INFO:                 ray: Not installed
2024-11-28 20:43:53,760:INFO:            hyperopt: Not installed
2024-11-28 20:43:53,760:INFO:              optuna: Not installed
2024-11-28 20:43:53,760:INFO:               skopt: Not installed
2024-11-28 20:43:53,760:INFO:              mlflow: Not installed
2024-11-28 20:43:53,760:INFO:              gradio: Not installed
2024-11-28 20:43:53,760:INFO:             fastapi: Not installed
2024-11-28 20:43:53,761:INFO:             uvicorn: Not installed
2024-11-28 20:43:53,761:INFO:              m2cgen: Not installed
2024-11-28 20:43:53,761:INFO:           evidently: Not installed
2024-11-28 20:43:53,761:INFO:               fugue: Not installed
2024-11-28 20:43:53,761:INFO:           streamlit: Not installed
2024-11-28 20:43:53,761:INFO:             prophet: 1.1.6
2024-11-28 20:43:53,761:INFO:None
2024-11-28 20:43:53,761:INFO:Set up data.
2024-11-28 20:43:53,841:INFO:Set up folding strategy.
2024-11-28 20:43:53,841:INFO:Set up train/test split.
2024-11-28 20:43:53,928:INFO:Set up index.
2024-11-28 20:43:53,930:INFO:Assigning column types.
2024-11-28 20:43:54,007:INFO:Engine successfully changes for model 'lr' to 'sklearn'.
2024-11-28 20:43:54,082:INFO:Engine for model 'knn' has not been set explicitly, hence returning None.
2024-11-28 20:43:54,083:INFO:Engine for model 'rbfsvm' has not been set explicitly, hence returning None.
2024-11-28 20:43:54,132:INFO:Soft dependency imported: xgboost: 2.1.1
2024-11-28 20:43:54,139:INFO:Soft dependency imported: catboost: 1.2.7
2024-11-28 20:43:54,275:INFO:Engine for model 'knn' has not been set explicitly, hence returning None.
2024-11-28 20:43:54,277:INFO:Engine for model 'rbfsvm' has not been set explicitly, hence returning None.
2024-11-28 20:43:54,364:INFO:Soft dependency imported: xgboost: 2.1.1
2024-11-28 20:43:54,378:INFO:Soft dependency imported: catboost: 1.2.7
2024-11-28 20:43:54,379:INFO:Engine successfully changes for model 'knn' to 'sklearn'.
2024-11-28 20:43:54,489:INFO:Engine for model 'rbfsvm' has not been set explicitly, hence returning None.
2024-11-28 20:43:54,542:INFO:Soft dependency imported: xgboost: 2.1.1
2024-11-28 20:43:54,545:INFO:Soft dependency imported: catboost: 1.2.7
2024-11-28 20:43:54,619:INFO:Engine for model 'rbfsvm' has not been set explicitly, hence returning None.
2024-11-28 20:43:54,660:INFO:Soft dependency imported: xgboost: 2.1.1
2024-11-28 20:43:54,664:INFO:Soft dependency imported: catboost: 1.2.7
2024-11-28 20:43:54,665:INFO:Engine successfully changes for model 'rbfsvm' to 'sklearn'.
2024-11-28 20:43:54,777:INFO:Soft dependency imported: xgboost: 2.1.1
2024-11-28 20:43:54,781:INFO:Soft dependency imported: catboost: 1.2.7
2024-11-28 20:43:54,898:INFO:Soft dependency imported: xgboost: 2.1.1
2024-11-28 20:43:54,903:INFO:Soft dependency imported: catboost: 1.2.7
2024-11-28 20:43:54,906:INFO:Preparing preprocessing pipeline...
2024-11-28 20:43:54,917:INFO:Set up date feature engineering.
2024-11-28 20:43:54,917:INFO:Set up simple imputation.
2024-11-28 20:43:54,953:INFO:Set up encoding of ordinal features.
2024-11-28 20:43:54,972:INFO:Set up encoding of categorical features.
2024-11-28 20:43:54,972:INFO:Set up removing multicollinearity.
2024-11-28 20:43:54,972:INFO:Set up feature selection.
2024-11-28 20:43:55,086:INFO:Soft dependency imported: xgboost: 2.1.1
2024-11-28 20:43:55,090:INFO:Soft dependency imported: catboost: 1.2.7
2024-11-28 20:43:57,602:INFO:Finished creating preprocessing pipeline.
2024-11-28 20:43:57,645:INFO:Pipeline: Pipeline(memory=FastMemory(location=/tmp/joblib),
         steps=[('date_feature_extractor',
                 TransformerWrapper(exclude=None,
                                    include=['borrow_timestamp',
                                             'first_tx_timestamp',
                                             'last_tx_timestamp',
                                             'risky_first_tx_timestamp',
                                             'risky_last_tx_timestamp'],
                                    transformer=ExtractDateTimeFeatures(features=['day',
                                                                                  'month',
                                                                                  'year']))),
                ('numerical_imputer',
                 TransformerWrapper(ex...
                                                                                         learning_rate=0.1,
                                                                                         max_depth=-1,
                                                                                         min_child_samples=20,
                                                                                         min_child_weight=0.001,
                                                                                         min_split_gain=0.0,
                                                                                         n_estimators=100,
                                                                                         n_jobs=None,
                                                                                         num_leaves=31,
                                                                                         objective=None,
                                                                                         random_state=None,
                                                                                         reg_alpha=0.0,
                                                                                         reg_lambda=0.0,
                                                                                         subsample=1.0,
                                                                                         subsample_for_bin=200000,
                                                                                         subsample_freq=0),
                                                                importance_getter='auto',
                                                                max_features=15,
                                                                norm_order=1,
                                                                prefit=False,
                                                                threshold=-inf)))],
         verbose=False)
2024-11-28 20:43:57,645:INFO:Creating final display dataframe.
2024-11-28 20:43:58,672:INFO:Setup _display_container:                     Description             Value
0                    Session id               444
1                        Target            target
2                   Target type            Binary
3           Original data shape       (42081, 78)
4        Transformed data shape       (42081, 16)
5   Transformed train set shape       (29456, 16)
6    Transformed test set shape       (12625, 16)
7               Ignore features                 2
8              Numeric features                68
9                 Date features                 5
10         Categorical features                 2
11     Rows with missing values             99.1%
12                   Preprocess              True
13              Imputation type            simple
14           Numeric imputation              mean
15       Categorical imputation              mode
16     Maximum one-hot encoding                25
17              Encoding method              None
18     Remove multicollinearity              True
19  Multicollinearity threshold               0.9
20            Feature selection              True
21     Feature selection method           classic
22  Feature selection estimator          lightgbm
23  Number of features selected               0.2
24               Fold Generator   StratifiedKFold
25                  Fold Number                 5
26                     CPU Jobs                -1
27                      Use GPU             False
28               Log Experiment             False
29              Experiment Name  clf-default-name
30                          USI              affe
2024-11-28 20:43:58,834:INFO:Soft dependency imported: xgboost: 2.1.1
2024-11-28 20:43:58,838:INFO:Soft dependency imported: catboost: 1.2.7
2024-11-28 20:43:59,019:INFO:Soft dependency imported: xgboost: 2.1.1
2024-11-28 20:43:59,022:INFO:Soft dependency imported: catboost: 1.2.7
2024-11-28 20:43:59,024:INFO:setup() successfully completed in 5.36s...............
2024-11-28 20:43:59,030:INFO:Initializing create_model()
2024-11-28 20:43:59,030:INFO:create_model(self=<pycaret.classification.oop.ClassificationExperiment object at 0x7fd97f8984c0>, estimator=rf, fold=10, round=4, cross_validation=True, predict=True, fit_kwargs=None, groups=None, refit=True, probability_threshold=None, experiment_custom_tags=None, verbose=True, system=True, add_to_model_list=True, metrics=None, display=None, model_only=True, return_train_score=False, error_score=0.0, kwargs={})
2024-11-28 20:43:59,031:INFO:Checking exceptions
2024-11-28 20:43:59,061:INFO:Importing libraries
2024-11-28 20:43:59,062:INFO:Copying training dataset
2024-11-28 20:43:59,245:INFO:Defining folds
2024-11-28 20:43:59,245:INFO:Declaring metric variables
2024-11-28 20:43:59,259:INFO:Importing untrained model
2024-11-28 20:43:59,274:INFO:Random Forest Classifier Imported successfully
2024-11-28 20:43:59,296:INFO:Starting cross validation
2024-11-28 20:43:59,356:INFO:Cross validating with StratifiedKFold(n_splits=10, random_state=None, shuffle=False), n_jobs=-1
2024-11-28 21:00:44,889:INFO:Calculating mean and std
2024-11-28 21:00:44,891:INFO:Creating metrics dataframe
2024-11-28 21:00:44,902:INFO:Finalizing model
2024-11-28 21:00:45,081:INFO:Warning: No categorical columns found. Calling 'transform' will only return input data.
2024-11-28 21:00:45,716:INFO:[LightGBM] [Info] Number of positive: 15065, number of negative: 14391
2024-11-28 21:00:45,726:INFO:[LightGBM] [Info] Auto-choosing col-wise multi-threading, the overhead of testing was 0.006212 seconds.
2024-11-28 21:00:45,726:INFO:You can set `force_col_wise=true` to remove the overhead.
2024-11-28 21:00:45,726:INFO:[LightGBM] [Info] Total Bins 9820
2024-11-28 21:00:45,727:INFO:[LightGBM] [Info] Number of data points in the train set: 29456, number of used features: 52
2024-11-28 21:00:45,727:INFO:[LightGBM] [Info] [binary:BoostFromScore]: pavg=0.511441 -> initscore=0.045771
2024-11-28 21:00:45,728:INFO:[LightGBM] [Info] Start training from score 0.045771
2024-11-28 21:00:50,035:INFO:Uploading results into container
2024-11-28 21:00:50,036:INFO:Uploading model into container now
2024-11-28 21:00:50,059:INFO:_master_model_container: 1
2024-11-28 21:00:50,060:INFO:_display_container: 2
2024-11-28 21:00:50,061:INFO:RandomForestClassifier(bootstrap=True, ccp_alpha=0.0, class_weight=None,
                       criterion='gini', max_depth=None, max_features='sqrt',
                       max_leaf_nodes=None, max_samples=None,
                       min_impurity_decrease=0.0, min_samples_leaf=1,
                       min_samples_split=2, min_weight_fraction_leaf=0.0,
                       monotonic_cst=None, n_estimators=100, n_jobs=-1,
                       oob_score=False, random_state=444, verbose=0,
                       warm_start=False)
2024-11-28 21:00:50,062:INFO:create_model() successfully completed......................................
2024-11-28 21:00:50,241:INFO:Initializing predict_model()
2024-11-28 21:00:50,241:INFO:predict_model(self=<pycaret.classification.oop.ClassificationExperiment object at 0x7fd97f8984c0>, estimator=RandomForestClassifier(bootstrap=True, ccp_alpha=0.0, class_weight=None,
                       criterion='gini', max_depth=None, max_features='sqrt',
                       max_leaf_nodes=None, max_samples=None,
                       min_impurity_decrease=0.0, min_samples_leaf=1,
                       min_samples_split=2, min_weight_fraction_leaf=0.0,
                       monotonic_cst=None, n_estimators=100, n_jobs=-1,
                       oob_score=False, random_state=444, verbose=0,
                       warm_start=False), probability_threshold=None, encoded_labels=False, raw_score=False, round=4, verbose=True, ml_usecase=None, preprocess=True, encode_labels=<function _SupervisedExperiment.predict_model.<locals>.encode_labels at 0x7fd9c17fbb50>)
2024-11-28 21:00:50,241:INFO:Checking exceptions
2024-11-28 21:00:50,241:INFO:Preloading libraries
2024-11-28 21:00:50,244:INFO:Set up data.
2024-11-28 21:00:50,274:INFO:Set up index.
2024-11-28 21:20:02,724:INFO:Initializing create_model()
2024-11-28 21:20:02,727:INFO:create_model(self=<pycaret.classification.oop.ClassificationExperiment object at 0x7fd97f8984c0>, estimator=xgboost, fold=10, round=4, cross_validation=True, predict=True, fit_kwargs=None, groups=None, refit=True, probability_threshold=None, experiment_custom_tags=None, verbose=True, system=True, add_to_model_list=True, metrics=None, display=None, model_only=True, return_train_score=False, error_score=0.0, kwargs={})
2024-11-28 21:20:02,727:INFO:Checking exceptions
2024-11-28 21:20:02,757:INFO:Importing libraries
2024-11-28 21:20:02,757:INFO:Copying training dataset
2024-11-28 21:20:02,957:INFO:Defining folds
2024-11-28 21:20:02,957:INFO:Declaring metric variables
2024-11-28 21:20:02,963:INFO:Importing untrained model
2024-11-28 21:20:02,971:INFO:Extreme Gradient Boosting Imported successfully
2024-11-28 21:20:02,990:INFO:Starting cross validation
2024-11-28 21:20:03,028:INFO:Cross validating with StratifiedKFold(n_splits=10, random_state=None, shuffle=False), n_jobs=-1
2024-11-28 21:21:35,350:INFO:Initializing predict_model()
2024-11-28 21:21:35,351:INFO:predict_model(self=<pycaret.classification.oop.ClassificationExperiment object at 0x7fd97f8984c0>, estimator=RandomForestClassifier(bootstrap=True, ccp_alpha=0.0, class_weight=None,
                       criterion='gini', max_depth=None, max_features='sqrt',
                       max_leaf_nodes=None, max_samples=None,
                       min_impurity_decrease=0.0, min_samples_leaf=1,
                       min_samples_split=2, min_weight_fraction_leaf=0.0,
                       monotonic_cst=None, n_estimators=100, n_jobs=-1,
                       oob_score=False, random_state=444, verbose=0,
                       warm_start=False), probability_threshold=None, encoded_labels=False, raw_score=False, round=4, verbose=True, ml_usecase=None, preprocess=True, encode_labels=<function _SupervisedExperiment.predict_model.<locals>.encode_labels at 0x7fd97f752ef0>)
2024-11-28 21:21:35,351:INFO:Checking exceptions
2024-11-28 21:21:35,351:INFO:Preloading libraries
2024-11-28 21:21:35,355:INFO:Set up data.
2024-11-28 21:21:35,399:INFO:Set up index.
2024-11-28 21:21:42,775:INFO:Initializing create_model()
2024-11-28 21:21:42,776:INFO:create_model(self=<pycaret.classification.oop.ClassificationExperiment object at 0x7fd97f8984c0>, estimator=xgboost, fold=10, round=4, cross_validation=True, predict=True, fit_kwargs=None, groups=None, refit=True, probability_threshold=None, experiment_custom_tags=None, verbose=True, system=True, add_to_model_list=True, metrics=None, display=None, model_only=True, return_train_score=False, error_score=0.0, kwargs={})
2024-11-28 21:21:42,777:INFO:Checking exceptions
2024-11-28 21:21:42,822:INFO:Importing libraries
2024-11-28 21:21:42,822:INFO:Copying training dataset
2024-11-28 21:21:42,955:INFO:Defining folds
2024-11-28 21:21:42,955:INFO:Declaring metric variables
2024-11-28 21:21:42,961:INFO:Importing untrained model
2024-11-28 21:21:42,971:INFO:Extreme Gradient Boosting Imported successfully
2024-11-28 21:21:42,984:INFO:Starting cross validation
2024-11-28 21:21:43,000:INFO:Cross validating with StratifiedKFold(n_splits=10, random_state=None, shuffle=False), n_jobs=-1
2024-11-28 21:21:52,395:INFO:[LightGBM] [Info] Number of positive: 13558, number of negative: 12952
2024-11-28 21:21:52,518:INFO:[LightGBM] [Info] Number of positive: 13559, number of negative: 12951
2024-11-28 21:21:52,590:INFO:[LightGBM] [Info] Number of positive: 13558, number of negative: 12952[LightGBM] [Info] Number of positive: 13558, number of negative: 12952
2024-11-28 21:21:52,591:INFO:
2024-11-28 21:21:53,501:INFO:[LightGBM] [Info] Auto-choosing row-wise multi-threading, the overhead of testing was 0.614851 seconds.
2024-11-28 21:21:53,501:INFO:You can set `force_row_wise=true` to remove the overhead.
2024-11-28 21:21:53,501:INFO:And if memory is not enough, you can set `force_col_wise=true`.
2024-11-28 21:21:53,501:INFO:[LightGBM] [Info] Total Bins 9814
2024-11-28 21:21:53,548:INFO:[LightGBM] [Info] Number of data points in the train set: 26510, number of used features: 52
2024-11-28 21:21:53,551:INFO:[LightGBM] [Info] [binary:BoostFromScore]: pavg=0.511430 -> initscore=0.045727
2024-11-28 21:21:53,581:INFO:[LightGBM] [Info] Start training from score 0.045727
2024-11-28 21:21:53,894:INFO:[LightGBM] [Info] Auto-choosing row-wise multi-threading, the overhead of testing was 0.746798 seconds.
2024-11-28 21:21:53,894:INFO:You can set `force_row_wise=true` to remove the overhead.
2024-11-28 21:21:53,894:INFO:And if memory is not enough, you can set `force_col_wise=true`.
2024-11-28 21:21:53,895:INFO:[LightGBM] [Info] Total Bins 9817
2024-11-28 21:21:54,008:INFO:[LightGBM] [Info] Number of data points in the train set: 26510, number of used features: 52
2024-11-28 21:21:54,039:INFO:[LightGBM] [Info] [binary:BoostFromScore]: pavg=0.511430 -> initscore=0.045727
2024-11-28 21:21:54,057:INFO:[LightGBM] [Info] Auto-choosing row-wise multi-threading, the overhead of testing was 0.942284 seconds.
2024-11-28 21:21:54,058:INFO:You can set `force_row_wise=true` to remove the overhead.
2024-11-28 21:21:54,058:INFO:And if memory is not enough, you can set `force_col_wise=true`.
2024-11-28 21:21:54,059:INFO:[LightGBM] [Info] Total Bins 9816
2024-11-28 21:21:54,079:INFO:[LightGBM] [Info] Start training from score 0.045727
2024-11-28 21:21:54,098:INFO:[LightGBM] [Info] Number of data points in the train set: 26510, number of used features: 52
2024-11-28 21:21:54,178:INFO:[LightGBM] [Info] Auto-choosing row-wise multi-threading, the overhead of testing was 1.070023 seconds.
2024-11-28 21:21:54,178:INFO:You can set `force_row_wise=true` to remove the overhead.
2024-11-28 21:21:54,178:INFO:And if memory is not enough, you can set `force_col_wise=true`.
2024-11-28 21:21:54,178:INFO:[LightGBM] [Info] Total Bins 9818
2024-11-28 21:21:54,179:INFO:[LightGBM] [Info] [binary:BoostFromScore]: pavg=0.511467 -> initscore=0.045878
2024-11-28 21:21:54,208:INFO:[LightGBM] [Info] Start training from score 0.045878
2024-11-28 21:21:54,236:INFO:[LightGBM] [Info] Number of data points in the train set: 26510, number of used features: 52
2024-11-28 21:21:54,285:INFO:[LightGBM] [Info] [binary:BoostFromScore]: pavg=0.511430 -> initscore=0.045727
2024-11-28 21:21:54,341:INFO:[LightGBM] [Info] Start training from score 0.045727
2024-11-28 21:29:30,828:INFO:[LightGBM] [Info] Number of positive: 13558, number of negative: 12952
2024-11-28 21:29:31,237:INFO:[LightGBM] [Info] Auto-choosing row-wise multi-threading, the overhead of testing was 0.362876 seconds.
2024-11-28 21:29:31,238:INFO:You can set `force_row_wise=true` to remove the overhead.
2024-11-28 21:29:31,238:INFO:And if memory is not enough, you can set `force_col_wise=true`.
2024-11-28 21:29:31,239:INFO:[LightGBM] [Info] Total Bins 9808
2024-11-28 21:29:31,278:INFO:[LightGBM] [Info] Number of data points in the train set: 26510, number of used features: 52
2024-11-28 21:29:31,318:INFO:[LightGBM] [Info] [binary:BoostFromScore]: pavg=0.511430 -> initscore=0.045727
2024-11-28 21:29:31,389:INFO:[LightGBM] [Info] Start training from score 0.045727
2024-11-28 21:29:38,066:INFO:[LightGBM] [Info] Number of positive: 13558, number of negative: 12952
2024-11-28 21:29:39,129:INFO:[LightGBM] [Info] Auto-choosing col-wise multi-threading, the overhead of testing was 0.640634 seconds.
2024-11-28 21:29:39,129:INFO:You can set `force_col_wise=true` to remove the overhead.
2024-11-28 21:29:39,130:INFO:[LightGBM] [Info] Total Bins 9812
2024-11-28 21:29:39,210:INFO:[LightGBM] [Info] Number of data points in the train set: 26510, number of used features: 52
2024-11-28 21:29:39,263:INFO:[LightGBM] [Info] [binary:BoostFromScore]: pavg=0.511430 -> initscore=0.045727
2024-11-28 21:29:39,288:INFO:[LightGBM] [Info] Start training from score 0.045727
2024-11-28 21:29:42,207:INFO:[LightGBM] [Info] Number of positive: 13559, number of negative: 12952
2024-11-28 21:29:43,447:INFO:[LightGBM] [Info] Auto-choosing row-wise multi-threading, the overhead of testing was 0.716559 seconds.
2024-11-28 21:29:43,447:INFO:You can set `force_row_wise=true` to remove the overhead.
2024-11-28 21:29:43,448:INFO:And if memory is not enough, you can set `force_col_wise=true`.
2024-11-28 21:29:43,449:INFO:[LightGBM] [Info] Total Bins 10069
2024-11-28 21:29:43,486:INFO:[LightGBM] [Info] Number of data points in the train set: 26511, number of used features: 53
2024-11-28 21:29:43,523:INFO:[LightGBM] [Info] [binary:BoostFromScore]: pavg=0.511448 -> initscore=0.045800
2024-11-28 21:29:43,563:INFO:[LightGBM] [Info] Start training from score 0.045800
2024-11-28 21:30:02,549:INFO:[LightGBM] [Info] Number of positive: 13559, number of negative: 12952
2024-11-28 21:30:03,946:INFO:[LightGBM] [Info] Auto-choosing row-wise multi-threading, the overhead of testing was 0.899216 seconds.
2024-11-28 21:30:03,946:INFO:You can set `force_row_wise=true` to remove the overhead.
2024-11-28 21:30:03,946:INFO:And if memory is not enough, you can set `force_col_wise=true`.
2024-11-28 21:30:04,023:INFO:[LightGBM] [Info] Total Bins 9820
2024-11-28 21:30:04,028:INFO:[LightGBM] [Info] Number of data points in the train set: 26511, number of used features: 52
2024-11-28 21:30:04,095:INFO:[LightGBM] [Info] [binary:BoostFromScore]: pavg=0.511448 -> initscore=0.045800
2024-11-28 21:30:04,121:INFO:[LightGBM] [Info] Start training from score 0.045800
2024-11-28 21:39:02,445:INFO:[LightGBM] [Info] Number of positive: 13559, number of negative: 12952
2024-11-28 21:39:04,545:INFO:[LightGBM] [Info] Auto-choosing row-wise multi-threading, the overhead of testing was 1.514966 seconds.
2024-11-28 21:39:04,545:INFO:You can set `force_row_wise=true` to remove the overhead.
2024-11-28 21:39:04,545:INFO:And if memory is not enough, you can set `force_col_wise=true`.
2024-11-28 21:39:04,546:INFO:[LightGBM] [Info] Total Bins 9809
2024-11-28 21:39:04,708:INFO:[LightGBM] [Info] Number of data points in the train set: 26511, number of used features: 52
2024-11-28 21:39:04,722:INFO:[LightGBM] [Info] [binary:BoostFromScore]: pavg=0.511448 -> initscore=0.045800
2024-11-28 21:39:04,800:INFO:[LightGBM] [Info] Start training from score 0.045800
2024-11-28 21:39:09,767:INFO:[LightGBM] [Info] Number of positive: 13559, number of negative: 12952
2024-11-28 21:39:10,985:INFO:[LightGBM] [Info] Auto-choosing row-wise multi-threading, the overhead of testing was 0.741786 seconds.
2024-11-28 21:39:10,985:INFO:You can set `force_row_wise=true` to remove the overhead.
2024-11-28 21:39:10,985:INFO:And if memory is not enough, you can set `force_col_wise=true`.
2024-11-28 21:39:10,993:INFO:[LightGBM] [Info] Total Bins 9815
2024-11-28 21:39:11,016:INFO:[LightGBM] [Info] Number of data points in the train set: 26511, number of used features: 52
2024-11-28 21:39:11,062:INFO:[LightGBM] [Info] [binary:BoostFromScore]: pavg=0.511448 -> initscore=0.045800
2024-11-28 21:39:11,123:INFO:[LightGBM] [Info] Start training from score 0.045800
2024-11-28 21:42:10,217:INFO:Calculating mean and std
2024-11-28 21:42:10,226:INFO:Creating metrics dataframe
2024-11-28 21:42:10,266:INFO:Finalizing model
2024-11-28 21:42:11,689:INFO:Warning: No categorical columns found. Calling 'transform' will only return input data.
2024-11-28 21:42:12,488:INFO:[LightGBM] [Info] Number of positive: 15065, number of negative: 14391
2024-11-28 21:42:12,516:INFO:[LightGBM] [Info] Auto-choosing col-wise multi-threading, the overhead of testing was 0.021890 seconds.
2024-11-28 21:42:12,529:INFO:You can set `force_col_wise=true` to remove the overhead.
2024-11-28 21:42:12,529:INFO:[LightGBM] [Info] Total Bins 9820
2024-11-28 21:42:12,549:INFO:[LightGBM] [Info] Number of data points in the train set: 29456, number of used features: 52
2024-11-28 21:42:12,549:INFO:[LightGBM] [Info] [binary:BoostFromScore]: pavg=0.511441 -> initscore=0.045771
2024-11-28 21:42:12,550:INFO:[LightGBM] [Info] Start training from score 0.045771
2024-11-28 21:42:17,351:INFO:Uploading results into container
2024-11-28 21:42:17,352:INFO:Uploading model into container now
2024-11-28 21:42:17,504:INFO:_master_model_container: 2
2024-11-28 21:42:17,504:INFO:_display_container: 3
2024-11-28 21:42:17,509:INFO:XGBClassifier(base_score=None, booster='gbtree', callbacks=None,
              colsample_bylevel=None, colsample_bynode=None,
              colsample_bytree=None, device='cpu', early_stopping_rounds=None,
              enable_categorical=False, eval_metric=None, feature_types=None,
              gamma=None, grow_policy=None, importance_type=None,
              interaction_constraints=None, learning_rate=None, max_bin=None,
              max_cat_threshold=None, max_cat_to_onehot=None,
              max_delta_step=None, max_depth=None, max_leaves=None,
              min_child_weight=None, missing=nan, monotone_constraints=None,
              multi_strategy=None, n_estimators=None, n_jobs=-1,
              num_parallel_tree=None, objective='binary:logistic', ...)
2024-11-28 21:42:17,509:INFO:create_model() successfully completed......................................
2024-11-28 21:42:17,891:INFO:Initializing predict_model()
2024-11-28 21:42:17,891:INFO:predict_model(self=<pycaret.classification.oop.ClassificationExperiment object at 0x7fd97f8984c0>, estimator=XGBClassifier(base_score=None, booster='gbtree', callbacks=None,
              colsample_bylevel=None, colsample_bynode=None,
              colsample_bytree=None, device='cpu', early_stopping_rounds=None,
              enable_categorical=False, eval_metric=None, feature_types=None,
              gamma=None, grow_policy=None, importance_type=None,
              interaction_constraints=None, learning_rate=None, max_bin=None,
              max_cat_threshold=None, max_cat_to_onehot=None,
              max_delta_step=None, max_depth=None, max_leaves=None,
              min_child_weight=None, missing=nan, monotone_constraints=None,
              multi_strategy=None, n_estimators=None, n_jobs=-1,
              num_parallel_tree=None, objective='binary:logistic', ...), probability_threshold=None, encoded_labels=False, raw_score=False, round=4, verbose=True, ml_usecase=None, preprocess=True, encode_labels=<function _SupervisedExperiment.predict_model.<locals>.encode_labels at 0x7fd97fbf7c70>)
2024-11-28 21:42:17,891:INFO:Checking exceptions
2024-11-28 21:42:17,891:INFO:Preloading libraries
2024-11-28 21:42:17,896:INFO:Set up data.
2024-11-28 21:42:17,951:INFO:Set up index.
2024-11-28 21:45:32,185:INFO:Initializing create_model()
2024-11-28 21:45:32,187:INFO:create_model(self=<pycaret.classification.oop.ClassificationExperiment object at 0x7fd97f8984c0>, estimator=et, fold=3, round=4, cross_validation=True, predict=True, fit_kwargs=None, groups=None, refit=True, probability_threshold=None, experiment_custom_tags=None, verbose=True, system=True, add_to_model_list=True, metrics=None, display=None, model_only=True, return_train_score=False, error_score=0.0, kwargs={})
2024-11-28 21:45:32,187:INFO:Checking exceptions
2024-11-28 21:45:32,223:INFO:Importing libraries
2024-11-28 21:45:32,224:INFO:Copying training dataset
2024-11-28 21:45:32,776:INFO:Defining folds
2024-11-28 21:45:32,776:INFO:Declaring metric variables
2024-11-28 21:45:32,782:INFO:Importing untrained model
2024-11-28 21:45:32,792:INFO:Extra Trees Classifier Imported successfully
2024-11-28 21:45:32,804:INFO:Starting cross validation
2024-11-28 21:45:32,841:INFO:Cross validating with StratifiedKFold(n_splits=3, random_state=None, shuffle=False), n_jobs=-1
2024-11-28 21:45:42,417:INFO:[LightGBM] [Info] Number of positive: 10044, number of negative: 9594
2024-11-28 21:45:43,397:INFO:[LightGBM] [Info] Auto-choosing row-wise multi-threading, the overhead of testing was 0.540307 seconds.
2024-11-28 21:45:43,397:INFO:You can set `force_row_wise=true` to remove the overhead.
2024-11-28 21:45:43,398:INFO:And if memory is not enough, you can set `force_col_wise=true`.
2024-11-28 21:45:43,399:INFO:[LightGBM] [Info] Total Bins 9796
2024-11-28 21:45:43,427:INFO:[LightGBM] [Info] Number of data points in the train set: 19638, number of used features: 52
2024-11-28 21:45:43,447:INFO:[LightGBM] [Info] [binary:BoostFromScore]: pavg=0.511457 -> initscore=0.045838
2024-11-28 21:45:43,474:INFO:[LightGBM] [Info] Start training from score 0.045838
2024-11-28 21:51:13,848:INFO:Initializing create_model()
2024-11-28 21:51:13,849:INFO:create_model(self=<pycaret.classification.oop.ClassificationExperiment object at 0x7fd97f8984c0>, estimator=et, fold=3, round=4, cross_validation=True, predict=True, fit_kwargs=None, groups=None, refit=True, probability_threshold=None, experiment_custom_tags=None, verbose=True, system=True, add_to_model_list=True, metrics=None, display=None, model_only=True, return_train_score=False, error_score=0.0, kwargs={})
2024-11-28 21:51:13,849:INFO:Checking exceptions
2024-11-28 21:51:13,883:INFO:Importing libraries
2024-11-28 21:51:13,885:INFO:Copying training dataset
2024-11-28 21:51:14,146:INFO:Defining folds
2024-11-28 21:51:14,146:INFO:Declaring metric variables
2024-11-28 21:51:14,152:INFO:Importing untrained model
2024-11-28 21:51:14,166:INFO:Extra Trees Classifier Imported successfully
2024-11-28 21:51:14,186:INFO:Starting cross validation
2024-11-28 21:51:14,202:INFO:Cross validating with StratifiedKFold(n_splits=3, random_state=None, shuffle=False), n_jobs=-1
2024-11-28 21:51:17,738:INFO:[LightGBM] [Info] Number of positive: 10043, number of negative: 9594
2024-11-28 21:51:17,958:INFO:[LightGBM] [Info] Number of positive: 10043, number of negative: 9594
2024-11-28 21:51:18,284:INFO:[LightGBM] [Info] Number of positive: 10044, number of negative: 9594
2024-11-28 21:51:18,967:INFO:[LightGBM] [Info] Auto-choosing row-wise multi-threading, the overhead of testing was 0.740460 seconds.
2024-11-28 21:51:18,967:INFO:You can set `force_row_wise=true` to remove the overhead.
2024-11-28 21:51:18,968:INFO:And if memory is not enough, you can set `force_col_wise=true`.
2024-11-28 21:51:18,968:INFO:[LightGBM] [Info] Total Bins 9786
2024-11-28 21:51:19,017:INFO:[LightGBM] [Info] Number of data points in the train set: 19637, number of used features: 52
2024-11-28 21:51:19,090:INFO:[LightGBM] [Info] [binary:BoostFromScore]: pavg=0.511432 -> initscore=0.045738
2024-11-28 21:51:19,116:INFO:[LightGBM] [Info] Start training from score 0.045738
2024-11-28 21:51:19,229:INFO:[LightGBM] [Info] Auto-choosing row-wise multi-threading, the overhead of testing was 0.867934 seconds.
2024-11-28 21:51:19,229:INFO:You can set `force_row_wise=true` to remove the overhead.
2024-11-28 21:51:19,230:INFO:And if memory is not enough, you can set `force_col_wise=true`.
2024-11-28 21:51:19,237:INFO:[LightGBM] [Info] Total Bins 10049
2024-11-28 21:51:19,265:INFO:[LightGBM] [Info] Auto-choosing row-wise multi-threading, the overhead of testing was 0.599604 seconds.
2024-11-28 21:51:19,266:INFO:You can set `force_row_wise=true` to remove the overhead.
2024-11-28 21:51:19,266:INFO:And if memory is not enough, you can set `force_col_wise=true`.
2024-11-28 21:51:19,267:INFO:[LightGBM] [Info] Total Bins 9796
2024-11-28 21:51:19,277:INFO:[LightGBM] [Info] Number of data points in the train set: 19637, number of used features: 53
2024-11-28 21:51:19,290:INFO:[LightGBM] [Info] Number of data points in the train set: 19638, number of used features: 52
2024-11-28 21:51:19,307:INFO:[LightGBM] [Info] [binary:BoostFromScore]: pavg=0.511432 -> initscore=0.045738
2024-11-28 21:51:19,317:INFO:[LightGBM] [Info] [binary:BoostFromScore]: pavg=0.511457 -> initscore=0.045838
2024-11-28 21:51:19,337:INFO:[LightGBM] [Info] Start training from score 0.045738
2024-11-28 21:51:19,347:INFO:[LightGBM] [Info] Start training from score 0.045838
2024-11-28 21:54:25,180:INFO:Calculating mean and std
2024-11-28 21:54:25,183:INFO:Creating metrics dataframe
2024-11-28 21:54:25,197:INFO:Finalizing model
2024-11-28 21:54:25,464:INFO:Warning: No categorical columns found. Calling 'transform' will only return input data.
2024-11-28 21:54:26,171:INFO:[LightGBM] [Info] Number of positive: 15065, number of negative: 14391
2024-11-28 21:54:26,181:INFO:[LightGBM] [Info] Auto-choosing col-wise multi-threading, the overhead of testing was 0.007349 seconds.
2024-11-28 21:54:26,181:INFO:You can set `force_col_wise=true` to remove the overhead.
2024-11-28 21:54:26,182:INFO:[LightGBM] [Info] Total Bins 9820
2024-11-28 21:54:26,191:INFO:[LightGBM] [Info] Number of data points in the train set: 29456, number of used features: 52
2024-11-28 21:54:26,192:INFO:[LightGBM] [Info] [binary:BoostFromScore]: pavg=0.511441 -> initscore=0.045771
2024-11-28 21:54:26,192:INFO:[LightGBM] [Info] Start training from score 0.045771
2024-11-28 21:54:28,086:INFO:Uploading results into container
2024-11-28 21:54:28,088:INFO:Uploading model into container now
2024-11-28 21:54:28,104:INFO:_master_model_container: 3
2024-11-28 21:54:28,105:INFO:_display_container: 4
2024-11-28 21:54:28,105:INFO:ExtraTreesClassifier(bootstrap=False, ccp_alpha=0.0, class_weight=None,
                     criterion='gini', max_depth=None, max_features='sqrt',
                     max_leaf_nodes=None, max_samples=None,
                     min_impurity_decrease=0.0, min_samples_leaf=1,
                     min_samples_split=2, min_weight_fraction_leaf=0.0,
                     monotonic_cst=None, n_estimators=100, n_jobs=-1,
                     oob_score=False, random_state=444, verbose=0,
                     warm_start=False)
2024-11-28 21:54:28,106:INFO:create_model() successfully completed......................................
2024-11-28 21:54:28,309:INFO:Initializing predict_model()
2024-11-28 21:54:28,309:INFO:predict_model(self=<pycaret.classification.oop.ClassificationExperiment object at 0x7fd97f8984c0>, estimator=ExtraTreesClassifier(bootstrap=False, ccp_alpha=0.0, class_weight=None,
                     criterion='gini', max_depth=None, max_features='sqrt',
                     max_leaf_nodes=None, max_samples=None,
                     min_impurity_decrease=0.0, min_samples_leaf=1,
                     min_samples_split=2, min_weight_fraction_leaf=0.0,
                     monotonic_cst=None, n_estimators=100, n_jobs=-1,
                     oob_score=False, random_state=444, verbose=0,
                     warm_start=False), probability_threshold=None, encoded_labels=False, raw_score=False, round=4, verbose=True, ml_usecase=None, preprocess=True, encode_labels=<function _SupervisedExperiment.predict_model.<locals>.encode_labels at 0x7fd9c0474dc0>)
2024-11-28 21:54:28,310:INFO:Checking exceptions
2024-11-28 21:54:28,310:INFO:Preloading libraries
2024-11-28 21:54:28,313:INFO:Set up data.
2024-11-28 21:54:28,352:INFO:Set up index.
2024-11-28 21:54:28,809:INFO:Initializing create_model()
2024-11-28 21:54:28,810:INFO:create_model(self=<pycaret.classification.oop.ClassificationExperiment object at 0x7fd97f8984c0>, estimator=catboost, fold=3, round=4, cross_validation=True, predict=True, fit_kwargs=None, groups=None, refit=True, probability_threshold=None, experiment_custom_tags=None, verbose=True, system=True, add_to_model_list=True, metrics=None, display=None, model_only=True, return_train_score=False, error_score=0.0, kwargs={})
2024-11-28 21:54:28,811:INFO:Checking exceptions
2024-11-28 21:54:28,851:INFO:Importing libraries
2024-11-28 21:54:28,852:INFO:Copying training dataset
2024-11-28 21:54:28,978:INFO:Defining folds
2024-11-28 21:54:28,978:INFO:Declaring metric variables
2024-11-28 21:54:28,989:INFO:Importing untrained model
2024-11-28 21:54:29,126:INFO:CatBoost Classifier Imported successfully
2024-11-28 21:54:29,144:INFO:Starting cross validation
2024-11-28 21:54:29,157:INFO:Cross validating with StratifiedKFold(n_splits=3, random_state=None, shuffle=False), n_jobs=-1
2024-11-28 21:58:08,010:INFO:Calculating mean and std
2024-11-28 21:58:08,014:INFO:Creating metrics dataframe
2024-11-28 21:58:08,036:INFO:Finalizing model
2024-11-28 21:58:09,802:INFO:Warning: No categorical columns found. Calling 'transform' will only return input data.
2024-11-28 21:58:10,924:INFO:[LightGBM] [Info] Number of positive: 15065, number of negative: 14391
2024-11-28 21:58:10,961:INFO:[LightGBM] [Info] Auto-choosing row-wise multi-threading, the overhead of testing was 0.017768 seconds.
2024-11-28 21:58:10,962:INFO:You can set `force_row_wise=true` to remove the overhead.
2024-11-28 21:58:10,962:INFO:And if memory is not enough, you can set `force_col_wise=true`.
2024-11-28 21:58:10,963:INFO:[LightGBM] [Info] Total Bins 9820
2024-11-28 21:58:10,964:INFO:[LightGBM] [Info] Number of data points in the train set: 29456, number of used features: 52
2024-11-28 21:58:10,968:INFO:[LightGBM] [Info] [binary:BoostFromScore]: pavg=0.511441 -> initscore=0.045771
2024-11-28 21:58:10,969:INFO:[LightGBM] [Info] Start training from score 0.045771
2024-11-28 21:58:23,705:INFO:Uploading results into container
2024-11-28 21:58:23,706:INFO:Uploading model into container now
2024-11-28 21:58:23,726:INFO:_master_model_container: 4
2024-11-28 21:58:23,726:INFO:_display_container: 5
2024-11-28 21:58:23,729:INFO:<catboost.core.CatBoostClassifier object at 0x7fd97f320280>
2024-11-28 21:58:23,730:INFO:create_model() successfully completed......................................
2024-11-28 21:58:23,921:INFO:Initializing predict_model()
2024-11-28 21:58:23,921:INFO:predict_model(self=<pycaret.classification.oop.ClassificationExperiment object at 0x7fd97f8984c0>, estimator=<catboost.core.CatBoostClassifier object at 0x7fd97f320280>, probability_threshold=None, encoded_labels=False, raw_score=False, round=4, verbose=True, ml_usecase=None, preprocess=True, encode_labels=<function _SupervisedExperiment.predict_model.<locals>.encode_labels at 0x7fd9d3d02b00>)
2024-11-28 21:58:23,921:INFO:Checking exceptions
2024-11-28 21:58:23,921:INFO:Preloading libraries
2024-11-28 21:58:23,924:INFO:Set up data.
2024-11-28 21:58:23,959:INFO:Set up index.
2024-11-28 21:58:24,277:INFO:Initializing create_model()
2024-11-28 21:58:24,278:INFO:create_model(self=<pycaret.classification.oop.ClassificationExperiment object at 0x7fd97f8984c0>, estimator=lightgbm, fold=3, round=4, cross_validation=True, predict=True, fit_kwargs=None, groups=None, refit=True, probability_threshold=None, experiment_custom_tags=None, verbose=True, system=True, add_to_model_list=True, metrics=None, display=None, model_only=True, return_train_score=False, error_score=0.0, kwargs={})
2024-11-28 21:58:24,279:INFO:Checking exceptions
2024-11-28 21:58:24,305:INFO:Importing libraries
2024-11-28 21:58:24,305:INFO:Copying training dataset
2024-11-28 21:58:24,467:INFO:Defining folds
2024-11-28 21:58:24,467:INFO:Declaring metric variables
2024-11-28 21:58:24,479:INFO:Importing untrained model
2024-11-28 21:58:24,487:INFO:Light Gradient Boosting Machine Imported successfully
2024-11-28 21:58:24,520:INFO:Starting cross validation
2024-11-28 21:58:24,542:INFO:Cross validating with StratifiedKFold(n_splits=3, random_state=None, shuffle=False), n_jobs=-1
2024-11-28 22:01:52,924:INFO:Calculating mean and std
2024-11-28 22:01:52,926:INFO:Creating metrics dataframe
2024-11-28 22:01:52,939:INFO:Finalizing model
2024-11-28 22:01:53,976:INFO:Warning: No categorical columns found. Calling 'transform' will only return input data.
2024-11-28 22:01:54,704:INFO:[LightGBM] [Info] Number of positive: 15065, number of negative: 14391
2024-11-28 22:01:54,713:INFO:[LightGBM] [Info] Auto-choosing row-wise multi-threading, the overhead of testing was 0.004655 seconds.
2024-11-28 22:01:54,713:INFO:You can set `force_row_wise=true` to remove the overhead.
2024-11-28 22:01:54,713:INFO:And if memory is not enough, you can set `force_col_wise=true`.
2024-11-28 22:01:54,714:INFO:[LightGBM] [Info] Total Bins 9820
2024-11-28 22:01:54,714:INFO:[LightGBM] [Info] Number of data points in the train set: 29456, number of used features: 52
2024-11-28 22:01:54,715:INFO:[LightGBM] [Info] [binary:BoostFromScore]: pavg=0.511441 -> initscore=0.045771
2024-11-28 22:01:54,715:INFO:[LightGBM] [Info] Start training from score 0.045771
2024-11-28 22:01:55,603:INFO:[LightGBM] [Info] Number of positive: 15065, number of negative: 14391
2024-11-28 22:01:55,606:INFO:[LightGBM] [Info] Auto-choosing col-wise multi-threading, the overhead of testing was 0.002629 seconds.
2024-11-28 22:01:55,606:INFO:You can set `force_col_wise=true` to remove the overhead.
2024-11-28 22:01:55,607:INFO:[LightGBM] [Info] Total Bins 3602
2024-11-28 22:01:55,655:INFO:[LightGBM] [Info] Number of data points in the train set: 29456, number of used features: 15
2024-11-28 22:01:55,672:INFO:[LightGBM] [Info] [binary:BoostFromScore]: pavg=0.511441 -> initscore=0.045771
2024-11-28 22:01:55,688:INFO:[LightGBM] [Info] Start training from score 0.045771
2024-11-28 22:01:56,156:INFO:Uploading results into container
2024-11-28 22:01:56,157:INFO:Uploading model into container now
2024-11-28 22:01:56,177:INFO:_master_model_container: 5
2024-11-28 22:01:56,177:INFO:_display_container: 6
2024-11-28 22:01:56,178:INFO:LGBMClassifier(boosting_type='gbdt', class_weight=None, colsample_bytree=1.0,
               importance_type='split', learning_rate=0.1, max_depth=-1,
               min_child_samples=20, min_child_weight=0.001, min_split_gain=0.0,
               n_estimators=100, n_jobs=-1, num_leaves=31, objective=None,
               random_state=444, reg_alpha=0.0, reg_lambda=0.0, subsample=1.0,
               subsample_for_bin=200000, subsample_freq=0)
2024-11-28 22:01:56,178:INFO:create_model() successfully completed......................................
2024-11-28 22:01:56,404:INFO:Initializing predict_model()
2024-11-28 22:01:56,404:INFO:predict_model(self=<pycaret.classification.oop.ClassificationExperiment object at 0x7fd97f8984c0>, estimator=LGBMClassifier(boosting_type='gbdt', class_weight=None, colsample_bytree=1.0,
               importance_type='split', learning_rate=0.1, max_depth=-1,
               min_child_samples=20, min_child_weight=0.001, min_split_gain=0.0,
               n_estimators=100, n_jobs=-1, num_leaves=31, objective=None,
               random_state=444, reg_alpha=0.0, reg_lambda=0.0, subsample=1.0,
               subsample_for_bin=200000, subsample_freq=0), probability_threshold=None, encoded_labels=False, raw_score=False, round=4, verbose=True, ml_usecase=None, preprocess=True, encode_labels=<function _SupervisedExperiment.predict_model.<locals>.encode_labels at 0x7fd97fbf7f40>)
2024-11-28 22:01:56,404:INFO:Checking exceptions
2024-11-28 22:01:56,404:INFO:Preloading libraries
2024-11-28 22:01:56,407:INFO:Set up data.
2024-11-28 22:01:56,446:INFO:Set up index.
2024-11-28 22:01:56,756:INFO:Initializing create_model()
2024-11-28 22:01:56,757:INFO:create_model(self=<pycaret.classification.oop.ClassificationExperiment object at 0x7fd97f8984c0>, estimator=gbc, fold=3, round=4, cross_validation=True, predict=True, fit_kwargs=None, groups=None, refit=True, probability_threshold=None, experiment_custom_tags=None, verbose=True, system=True, add_to_model_list=True, metrics=None, display=None, model_only=True, return_train_score=False, error_score=0.0, kwargs={})
2024-11-28 22:01:56,758:INFO:Checking exceptions
2024-11-28 22:01:56,809:INFO:Importing libraries
2024-11-28 22:01:56,809:INFO:Copying training dataset
2024-11-28 22:01:56,999:INFO:Defining folds
2024-11-28 22:01:56,999:INFO:Declaring metric variables
2024-11-28 22:01:57,010:INFO:Importing untrained model
2024-11-28 22:01:57,024:INFO:Gradient Boosting Classifier Imported successfully
2024-11-28 22:01:57,047:INFO:Starting cross validation
2024-11-28 22:01:57,074:INFO:Cross validating with StratifiedKFold(n_splits=3, random_state=None, shuffle=False), n_jobs=-1
2024-11-28 22:05:14,250:INFO:Calculating mean and std
2024-11-28 22:05:14,252:INFO:Creating metrics dataframe
2024-11-28 22:05:14,265:INFO:Finalizing model
2024-11-28 22:05:14,679:INFO:Warning: No categorical columns found. Calling 'transform' will only return input data.
2024-11-28 22:05:15,456:INFO:[LightGBM] [Info] Number of positive: 15065, number of negative: 14391
2024-11-28 22:05:15,470:INFO:[LightGBM] [Info] Auto-choosing row-wise multi-threading, the overhead of testing was 0.009009 seconds.
2024-11-28 22:05:15,470:INFO:You can set `force_row_wise=true` to remove the overhead.
2024-11-28 22:05:15,470:INFO:And if memory is not enough, you can set `force_col_wise=true`.
2024-11-28 22:05:15,471:INFO:[LightGBM] [Info] Total Bins 9820
2024-11-28 22:05:15,474:INFO:[LightGBM] [Info] Number of data points in the train set: 29456, number of used features: 52
2024-11-28 22:05:15,475:INFO:[LightGBM] [Info] [binary:BoostFromScore]: pavg=0.511441 -> initscore=0.045771
2024-11-28 22:05:15,475:INFO:[LightGBM] [Info] Start training from score 0.045771
2024-11-28 22:05:34,334:INFO:Uploading results into container
2024-11-28 22:05:34,335:INFO:Uploading model into container now
2024-11-28 22:05:34,354:INFO:_master_model_container: 6
2024-11-28 22:05:34,355:INFO:_display_container: 7
2024-11-28 22:05:34,356:INFO:GradientBoostingClassifier(ccp_alpha=0.0, criterion='friedman_mse', init=None,
                           learning_rate=0.1, loss='log_loss', max_depth=3,
                           max_features=None, max_leaf_nodes=None,
                           min_impurity_decrease=0.0, min_samples_leaf=1,
                           min_samples_split=2, min_weight_fraction_leaf=0.0,
                           n_estimators=100, n_iter_no_change=None,
                           random_state=444, subsample=1.0, tol=0.0001,
                           validation_fraction=0.1, verbose=0,
                           warm_start=False)
2024-11-28 22:05:34,356:INFO:create_model() successfully completed......................................
2024-11-28 22:05:34,562:INFO:Initializing predict_model()
2024-11-28 22:05:34,563:INFO:predict_model(self=<pycaret.classification.oop.ClassificationExperiment object at 0x7fd97f8984c0>, estimator=GradientBoostingClassifier(ccp_alpha=0.0, criterion='friedman_mse', init=None,
                           learning_rate=0.1, loss='log_loss', max_depth=3,
                           max_features=None, max_leaf_nodes=None,
                           min_impurity_decrease=0.0, min_samples_leaf=1,
                           min_samples_split=2, min_weight_fraction_leaf=0.0,
                           n_estimators=100, n_iter_no_change=None,
                           random_state=444, subsample=1.0, tol=0.0001,
                           validation_fraction=0.1, verbose=0,
                           warm_start=False), probability_threshold=None, encoded_labels=False, raw_score=False, round=4, verbose=True, ml_usecase=None, preprocess=True, encode_labels=<function _SupervisedExperiment.predict_model.<locals>.encode_labels at 0x7fd97fbf76d0>)
2024-11-28 22:05:34,563:INFO:Checking exceptions
2024-11-28 22:05:34,563:INFO:Preloading libraries
2024-11-28 22:05:34,565:INFO:Set up data.
2024-11-28 22:05:34,608:INFO:Set up index.
2024-11-28 22:05:34,887:INFO:Initializing create_model()
2024-11-28 22:05:34,888:INFO:create_model(self=<pycaret.classification.oop.ClassificationExperiment object at 0x7fd97f8984c0>, estimator=ada, fold=3, round=4, cross_validation=True, predict=True, fit_kwargs=None, groups=None, refit=True, probability_threshold=None, experiment_custom_tags=None, verbose=True, system=True, add_to_model_list=True, metrics=None, display=None, model_only=True, return_train_score=False, error_score=0.0, kwargs={})
2024-11-28 22:05:34,888:INFO:Checking exceptions
2024-11-28 22:05:34,925:INFO:Importing libraries
2024-11-28 22:05:34,925:INFO:Copying training dataset
2024-11-28 22:05:35,055:INFO:Defining folds
2024-11-28 22:05:35,055:INFO:Declaring metric variables
2024-11-28 22:05:35,063:INFO:Importing untrained model
2024-11-28 22:05:35,074:INFO:Ada Boost Classifier Imported successfully
2024-11-28 22:05:35,087:INFO:Starting cross validation
2024-11-28 22:05:35,104:INFO:Cross validating with StratifiedKFold(n_splits=3, random_state=None, shuffle=False), n_jobs=-1
2024-11-28 22:08:08,988:WARNING:/home/damiatus/.local/lib/python3.10/site-packages/sklearn/ensemble/_weight_boosting.py:519: FutureWarning: The SAMME.R algorithm (the default) is deprecated and will be removed in 1.6. Use the SAMME algorithm to circumvent this warning.
  warnings.warn(

2024-11-28 22:09:27,670:WARNING:/home/damiatus/.local/lib/python3.10/site-packages/sklearn/ensemble/_weight_boosting.py:519: FutureWarning: The SAMME.R algorithm (the default) is deprecated and will be removed in 1.6. Use the SAMME algorithm to circumvent this warning.
  warnings.warn(

2024-11-28 22:09:28,484:WARNING:/home/damiatus/.local/lib/python3.10/site-packages/sklearn/ensemble/_weight_boosting.py:519: FutureWarning: The SAMME.R algorithm (the default) is deprecated and will be removed in 1.6. Use the SAMME algorithm to circumvent this warning.
  warnings.warn(

2024-11-28 22:09:31,374:INFO:Calculating mean and std
2024-11-28 22:09:31,376:INFO:Creating metrics dataframe
2024-11-28 22:09:31,385:INFO:Finalizing model
2024-11-28 22:09:31,819:INFO:Warning: No categorical columns found. Calling 'transform' will only return input data.
2024-11-28 22:09:33,014:INFO:[LightGBM] [Info] Number of positive: 15065, number of negative: 14391
2024-11-28 22:09:33,026:INFO:[LightGBM] [Info] Auto-choosing row-wise multi-threading, the overhead of testing was 0.003059 seconds.
2024-11-28 22:09:33,026:INFO:You can set `force_row_wise=true` to remove the overhead.
2024-11-28 22:09:33,026:INFO:And if memory is not enough, you can set `force_col_wise=true`.
2024-11-28 22:09:33,027:INFO:[LightGBM] [Info] Total Bins 9820
2024-11-28 22:09:33,062:INFO:[LightGBM] [Info] Number of data points in the train set: 29456, number of used features: 52
2024-11-28 22:09:33,063:INFO:[LightGBM] [Info] [binary:BoostFromScore]: pavg=0.511441 -> initscore=0.045771
2024-11-28 22:09:33,063:INFO:[LightGBM] [Info] Start training from score 0.045771
2024-11-28 22:09:33,823:WARNING:/home/damiatus/.local/lib/python3.10/site-packages/sklearn/ensemble/_weight_boosting.py:519: FutureWarning: The SAMME.R algorithm (the default) is deprecated and will be removed in 1.6. Use the SAMME algorithm to circumvent this warning.
  warnings.warn(

2024-11-28 22:09:37,310:INFO:Uploading results into container
2024-11-28 22:09:37,315:INFO:Uploading model into container now
2024-11-28 22:09:37,334:INFO:_master_model_container: 7
2024-11-28 22:09:37,334:INFO:_display_container: 8
2024-11-28 22:09:37,335:INFO:AdaBoostClassifier(algorithm='SAMME.R', estimator=None, learning_rate=1.0,
                   n_estimators=50, random_state=444)
2024-11-28 22:09:37,335:INFO:create_model() successfully completed......................................
2024-11-28 22:09:37,502:INFO:Initializing predict_model()
2024-11-28 22:09:37,502:INFO:predict_model(self=<pycaret.classification.oop.ClassificationExperiment object at 0x7fd97f8984c0>, estimator=AdaBoostClassifier(algorithm='SAMME.R', estimator=None, learning_rate=1.0,
                   n_estimators=50, random_state=444), probability_threshold=None, encoded_labels=False, raw_score=False, round=4, verbose=True, ml_usecase=None, preprocess=True, encode_labels=<function _SupervisedExperiment.predict_model.<locals>.encode_labels at 0x7fd9d39f8ca0>)
2024-11-28 22:09:37,502:INFO:Checking exceptions
2024-11-28 22:09:37,502:INFO:Preloading libraries
2024-11-28 22:09:37,505:INFO:Set up data.
2024-11-28 22:09:37,535:INFO:Set up index.
2024-11-28 22:15:55,698:INFO:Initializing tune_model()
2024-11-28 22:15:55,699:INFO:tune_model(estimator=XGBClassifier(base_score=None, booster='gbtree', callbacks=None,
              colsample_bylevel=None, colsample_bynode=None,
              colsample_bytree=None, device='cpu', early_stopping_rounds=None,
              enable_categorical=False, eval_metric=None, feature_types=None,
              gamma=None, grow_policy=None, importance_type=None,
              interaction_constraints=None, learning_rate=None, max_bin=None,
              max_cat_threshold=None, max_cat_to_onehot=None,
              max_delta_step=None, max_depth=None, max_leaves=None,
              min_child_weight=None, missing=nan, monotone_constraints=None,
              multi_strategy=None, n_estimators=None, n_jobs=-1,
              num_parallel_tree=None, objective='binary:logistic', ...), fold=None, round=4, n_iter=10, custom_grid=None, optimize=AUC, custom_scorer=None, search_library=scikit-learn, search_algorithm=None, early_stopping=False, early_stopping_max_iters=10, choose_better=True, fit_kwargs=None, groups=None, return_tuner=False, verbose=True, tuner_verbose=True, return_train_score=False, kwargs={}, self=<pycaret.classification.oop.ClassificationExperiment object at 0x7fd97f8984c0>)
2024-11-28 22:15:55,699:INFO:Checking exceptions
2024-11-28 22:15:55,838:INFO:Copying training dataset
2024-11-28 22:15:55,945:INFO:Checking base model
2024-11-28 22:15:55,945:INFO:Base model : Extreme Gradient Boosting
2024-11-28 22:15:55,952:INFO:Declaring metric variables
2024-11-28 22:15:55,968:INFO:Defining Hyperparameters
2024-11-28 22:15:56,280:INFO:Tuning with n_jobs=-1
2024-11-28 22:15:56,281:INFO:Initializing RandomizedSearchCV
2024-11-28 23:35:12,761:INFO:best_params: {'actual_estimator__subsample': 0.5, 'actual_estimator__scale_pos_weight': 16.7, 'actual_estimator__reg_lambda': 0.1, 'actual_estimator__reg_alpha': 0.5, 'actual_estimator__n_estimators': 280, 'actual_estimator__min_child_weight': 1, 'actual_estimator__max_depth': 9, 'actual_estimator__learning_rate': 0.1, 'actual_estimator__colsample_bytree': 0.5}
2024-11-28 23:35:12,786:INFO:Hyperparameter search completed
2024-11-28 23:35:12,786:INFO:SubProcess create_model() called ==================================
2024-11-28 23:35:12,825:INFO:Initializing create_model()
2024-11-28 23:35:12,825:INFO:create_model(self=<pycaret.classification.oop.ClassificationExperiment object at 0x7fd97f8984c0>, estimator=XGBClassifier(base_score=None, booster='gbtree', callbacks=None,
              colsample_bylevel=None, colsample_bynode=None,
              colsample_bytree=None, device='cpu', early_stopping_rounds=None,
              enable_categorical=False, eval_metric=None, feature_types=None,
              gamma=None, grow_policy=None, importance_type=None,
              interaction_constraints=None, learning_rate=None, max_bin=None,
              max_cat_threshold=None, max_cat_to_onehot=None,
              max_delta_step=None, max_depth=None, max_leaves=None,
              min_child_weight=None, missing=nan, monotone_constraints=None,
              multi_strategy=None, n_estimators=None, n_jobs=-1,
              num_parallel_tree=None, objective='binary:logistic', ...), fold=StratifiedKFold(n_splits=5, random_state=None, shuffle=False), round=4, cross_validation=True, predict=True, fit_kwargs={}, groups=None, refit=True, probability_threshold=None, experiment_custom_tags=None, verbose=True, system=False, add_to_model_list=True, metrics=None, display=<pycaret.internal.display.display.CommonDisplay object at 0x7fd97f8c0040>, model_only=True, return_train_score=False, error_score=0.0, kwargs={'subsample': 0.5, 'scale_pos_weight': 16.7, 'reg_lambda': 0.1, 'reg_alpha': 0.5, 'n_estimators': 280, 'min_child_weight': 1, 'max_depth': 9, 'learning_rate': 0.1, 'colsample_bytree': 0.5})
2024-11-28 23:35:12,825:INFO:Checking exceptions
2024-11-28 23:35:12,826:INFO:Importing libraries
2024-11-28 23:35:12,827:INFO:Copying training dataset
2024-11-28 23:35:16,400:INFO:Defining folds
2024-11-28 23:35:16,414:INFO:Declaring metric variables
2024-11-28 23:35:16,818:INFO:Importing untrained model
2024-11-28 23:35:16,818:INFO:Declaring custom model
2024-11-28 23:35:16,969:INFO:Extreme Gradient Boosting Imported successfully
2024-11-28 23:35:17,007:INFO:Starting cross validation
2024-11-28 23:35:17,077:INFO:Cross validating with StratifiedKFold(n_splits=5, random_state=None, shuffle=False), n_jobs=-1
2024-11-28 23:43:00,981:INFO:Calculating mean and std
2024-11-28 23:43:00,985:INFO:Creating metrics dataframe
2024-11-28 23:43:01,018:INFO:Finalizing model
2024-11-28 23:43:01,464:INFO:Warning: No categorical columns found. Calling 'transform' will only return input data.
2024-11-28 23:43:02,191:INFO:[LightGBM] [Info] Number of positive: 15065, number of negative: 14391
2024-11-28 23:43:02,202:INFO:[LightGBM] [Info] Auto-choosing col-wise multi-threading, the overhead of testing was 0.006932 seconds.
2024-11-28 23:43:02,202:INFO:You can set `force_col_wise=true` to remove the overhead.
2024-11-28 23:43:02,203:INFO:[LightGBM] [Info] Total Bins 9820
2024-11-28 23:43:02,218:INFO:[LightGBM] [Info] Number of data points in the train set: 29456, number of used features: 52
2024-11-28 23:43:02,219:INFO:[LightGBM] [Info] [binary:BoostFromScore]: pavg=0.511441 -> initscore=0.045771
2024-11-28 23:43:02,219:INFO:[LightGBM] [Info] Start training from score 0.045771
2024-11-28 23:43:09,080:INFO:Uploading results into container
2024-11-28 23:43:09,081:INFO:Uploading model into container now
2024-11-28 23:43:09,089:INFO:_master_model_container: 8
2024-11-28 23:43:09,089:INFO:_display_container: 9
2024-11-28 23:43:09,091:INFO:XGBClassifier(base_score=None, booster='gbtree', callbacks=None,
              colsample_bylevel=None, colsample_bynode=None,
              colsample_bytree=0.5, device='cpu', early_stopping_rounds=None,
              enable_categorical=False, eval_metric=None, feature_types=None,
              gamma=None, grow_policy=None, importance_type=None,
              interaction_constraints=None, learning_rate=0.1, max_bin=None,
              max_cat_threshold=None, max_cat_to_onehot=None,
              max_delta_step=None, max_depth=9, max_leaves=None,
              min_child_weight=1, missing=nan, monotone_constraints=None,
              multi_strategy=None, n_estimators=280, n_jobs=-1,
              num_parallel_tree=None, objective='binary:logistic', ...)
2024-11-28 23:43:09,091:INFO:create_model() successfully completed......................................
2024-11-28 23:43:12,088:INFO:SubProcess create_model() end ==================================
2024-11-28 23:43:12,088:INFO:choose_better activated
2024-11-28 23:43:12,093:INFO:SubProcess create_model() called ==================================
2024-11-28 23:43:12,095:INFO:Initializing create_model()
2024-11-28 23:43:12,095:INFO:create_model(self=<pycaret.classification.oop.ClassificationExperiment object at 0x7fd97f8984c0>, estimator=XGBClassifier(base_score=None, booster='gbtree', callbacks=None,
              colsample_bylevel=None, colsample_bynode=None,
              colsample_bytree=None, device='cpu', early_stopping_rounds=None,
              enable_categorical=False, eval_metric=None, feature_types=None,
              gamma=None, grow_policy=None, importance_type=None,
              interaction_constraints=None, learning_rate=None, max_bin=None,
              max_cat_threshold=None, max_cat_to_onehot=None,
              max_delta_step=None, max_depth=None, max_leaves=None,
              min_child_weight=None, missing=nan, monotone_constraints=None,
              multi_strategy=None, n_estimators=None, n_jobs=-1,
              num_parallel_tree=None, objective='binary:logistic', ...), fold=StratifiedKFold(n_splits=5, random_state=None, shuffle=False), round=4, cross_validation=True, predict=True, fit_kwargs={}, groups=None, refit=True, probability_threshold=None, experiment_custom_tags=None, verbose=False, system=False, add_to_model_list=True, metrics=None, display=None, model_only=True, return_train_score=False, error_score=0.0, kwargs={})
2024-11-28 23:43:12,095:INFO:Checking exceptions
2024-11-28 23:43:12,109:INFO:Importing libraries
2024-11-28 23:43:12,110:INFO:Copying training dataset
2024-11-28 23:43:12,210:INFO:Defining folds
2024-11-28 23:43:12,210:INFO:Declaring metric variables
2024-11-28 23:43:12,210:INFO:Importing untrained model
2024-11-28 23:43:12,210:INFO:Declaring custom model
2024-11-28 23:43:12,212:INFO:Extreme Gradient Boosting Imported successfully
2024-11-28 23:43:12,212:INFO:Starting cross validation
2024-11-28 23:43:12,221:INFO:Cross validating with StratifiedKFold(n_splits=5, random_state=None, shuffle=False), n_jobs=-1
2024-11-28 23:49:49,108:INFO:Calculating mean and std
2024-11-28 23:49:49,109:INFO:Creating metrics dataframe
2024-11-28 23:49:49,111:INFO:Finalizing model
2024-11-28 23:49:49,441:INFO:Warning: No categorical columns found. Calling 'transform' will only return input data.
2024-11-28 23:49:50,203:INFO:[LightGBM] [Info] Number of positive: 15065, number of negative: 14391
2024-11-28 23:49:50,215:INFO:[LightGBM] [Info] Auto-choosing col-wise multi-threading, the overhead of testing was 0.010645 seconds.
2024-11-28 23:49:50,217:INFO:You can set `force_col_wise=true` to remove the overhead.
2024-11-28 23:49:50,219:INFO:[LightGBM] [Info] Total Bins 9820
2024-11-28 23:49:50,219:INFO:[LightGBM] [Info] Number of data points in the train set: 29456, number of used features: 52
2024-11-28 23:49:50,220:INFO:[LightGBM] [Info] [binary:BoostFromScore]: pavg=0.511441 -> initscore=0.045771
2024-11-28 23:49:50,220:INFO:[LightGBM] [Info] Start training from score 0.045771
2024-11-28 23:49:51,920:INFO:Uploading results into container
2024-11-28 23:49:51,921:INFO:Uploading model into container now
2024-11-28 23:49:51,921:INFO:_master_model_container: 9
2024-11-28 23:49:51,922:INFO:_display_container: 10
2024-11-28 23:49:51,923:INFO:XGBClassifier(base_score=None, booster='gbtree', callbacks=None,
              colsample_bylevel=None, colsample_bynode=None,
              colsample_bytree=None, device='cpu', early_stopping_rounds=None,
              enable_categorical=False, eval_metric=None, feature_types=None,
              gamma=None, grow_policy=None, importance_type=None,
              interaction_constraints=None, learning_rate=None, max_bin=None,
              max_cat_threshold=None, max_cat_to_onehot=None,
              max_delta_step=None, max_depth=None, max_leaves=None,
              min_child_weight=None, missing=nan, monotone_constraints=None,
              multi_strategy=None, n_estimators=None, n_jobs=-1,
              num_parallel_tree=None, objective='binary:logistic', ...)
2024-11-28 23:49:51,923:INFO:create_model() successfully completed......................................
2024-11-28 23:49:52,120:INFO:SubProcess create_model() end ==================================
2024-11-28 23:49:52,121:INFO:XGBClassifier(base_score=None, booster='gbtree', callbacks=None,
              colsample_bylevel=None, colsample_bynode=None,
              colsample_bytree=None, device='cpu', early_stopping_rounds=None,
              enable_categorical=False, eval_metric=None, feature_types=None,
              gamma=None, grow_policy=None, importance_type=None,
              interaction_constraints=None, learning_rate=None, max_bin=None,
              max_cat_threshold=None, max_cat_to_onehot=None,
              max_delta_step=None, max_depth=None, max_leaves=None,
              min_child_weight=None, missing=nan, monotone_constraints=None,
              multi_strategy=None, n_estimators=None, n_jobs=-1,
              num_parallel_tree=None, objective='binary:logistic', ...) result for AUC is 0.9405
2024-11-28 23:49:52,122:INFO:XGBClassifier(base_score=None, booster='gbtree', callbacks=None,
              colsample_bylevel=None, colsample_bynode=None,
              colsample_bytree=0.5, device='cpu', early_stopping_rounds=None,
              enable_categorical=False, eval_metric=None, feature_types=None,
              gamma=None, grow_policy=None, importance_type=None,
              interaction_constraints=None, learning_rate=0.1, max_bin=None,
              max_cat_threshold=None, max_cat_to_onehot=None,
              max_delta_step=None, max_depth=9, max_leaves=None,
              min_child_weight=1, missing=nan, monotone_constraints=None,
              multi_strategy=None, n_estimators=280, n_jobs=-1,
              num_parallel_tree=None, objective='binary:logistic', ...) result for AUC is 0.9529
2024-11-28 23:49:52,123:INFO:XGBClassifier(base_score=None, booster='gbtree', callbacks=None,
              colsample_bylevel=None, colsample_bynode=None,
              colsample_bytree=0.5, device='cpu', early_stopping_rounds=None,
              enable_categorical=False, eval_metric=None, feature_types=None,
              gamma=None, grow_policy=None, importance_type=None,
              interaction_constraints=None, learning_rate=0.1, max_bin=None,
              max_cat_threshold=None, max_cat_to_onehot=None,
              max_delta_step=None, max_depth=9, max_leaves=None,
              min_child_weight=1, missing=nan, monotone_constraints=None,
              multi_strategy=None, n_estimators=280, n_jobs=-1,
              num_parallel_tree=None, objective='binary:logistic', ...) is best model
2024-11-28 23:49:52,123:INFO:choose_better completed
2024-11-28 23:49:52,165:INFO:_master_model_container: 9
2024-11-28 23:49:52,165:INFO:_display_container: 9
2024-11-28 23:49:52,166:INFO:XGBClassifier(base_score=None, booster='gbtree', callbacks=None,
              colsample_bylevel=None, colsample_bynode=None,
              colsample_bytree=0.5, device='cpu', early_stopping_rounds=None,
              enable_categorical=False, eval_metric=None, feature_types=None,
              gamma=None, grow_policy=None, importance_type=None,
              interaction_constraints=None, learning_rate=0.1, max_bin=None,
              max_cat_threshold=None, max_cat_to_onehot=None,
              max_delta_step=None, max_depth=9, max_leaves=None,
              min_child_weight=1, missing=nan, monotone_constraints=None,
              multi_strategy=None, n_estimators=280, n_jobs=-1,
              num_parallel_tree=None, objective='binary:logistic', ...)
2024-11-28 23:49:52,167:INFO:tune_model() successfully completed......................................
2024-11-28 23:49:52,434:INFO:Initializing plot_model()
2024-11-28 23:49:52,434:INFO:plot_model(plot=auc, fold=None, verbose=True, display=None, display_format=None, estimator=XGBClassifier(base_score=None, booster='gbtree', callbacks=None,
              colsample_bylevel=None, colsample_bynode=None,
              colsample_bytree=0.5, device='cpu', early_stopping_rounds=None,
              enable_categorical=False, eval_metric=None, feature_types=None,
              gamma=None, grow_policy=None, importance_type=None,
              interaction_constraints=None, learning_rate=0.1, max_bin=None,
              max_cat_threshold=None, max_cat_to_onehot=None,
              max_delta_step=None, max_depth=9, max_leaves=None,
              min_child_weight=1, missing=nan, monotone_constraints=None,
              multi_strategy=None, n_estimators=280, n_jobs=-1,
              num_parallel_tree=None, objective='binary:logistic', ...), feature_name=None, fit_kwargs=None, groups=None, label=False, plot_kwargs=None, save=False, scale=1, self=<pycaret.classification.oop.ClassificationExperiment object at 0x7fd97f8984c0>, system=True)
2024-11-28 23:49:52,434:INFO:Checking exceptions
2024-11-28 23:49:52,505:INFO:Preloading libraries
2024-11-28 23:49:52,531:INFO:Copying training dataset
2024-11-28 23:49:52,531:INFO:Plot type: auc
2024-11-28 23:49:53,100:INFO:Fitting Model
2024-11-28 23:49:53,114:INFO:Scoring test/hold-out set
2024-11-28 23:50:04,579:INFO:Visual Rendered Successfully
2024-11-28 23:50:04,779:INFO:plot_model() successfully completed......................................
2024-11-28 23:50:04,780:INFO:Initializing plot_model()
2024-11-28 23:50:04,780:INFO:plot_model(plot=confusion_matrix, fold=None, verbose=True, display=None, display_format=None, estimator=XGBClassifier(base_score=None, booster='gbtree', callbacks=None,
              colsample_bylevel=None, colsample_bynode=None,
              colsample_bytree=0.5, device='cpu', early_stopping_rounds=None,
              enable_categorical=False, eval_metric=None, feature_types=None,
              gamma=None, grow_policy=None, importance_type=None,
              interaction_constraints=None, learning_rate=0.1, max_bin=None,
              max_cat_threshold=None, max_cat_to_onehot=None,
              max_delta_step=None, max_depth=9, max_leaves=None,
              min_child_weight=1, missing=nan, monotone_constraints=None,
              multi_strategy=None, n_estimators=280, n_jobs=-1,
              num_parallel_tree=None, objective='binary:logistic', ...), feature_name=None, fit_kwargs=None, groups=None, label=False, plot_kwargs=None, save=False, scale=1, self=<pycaret.classification.oop.ClassificationExperiment object at 0x7fd97f8984c0>, system=True)
2024-11-28 23:50:04,798:INFO:Checking exceptions
2024-11-28 23:50:04,838:INFO:Preloading libraries
2024-11-28 23:50:04,879:INFO:Copying training dataset
2024-11-28 23:50:04,880:INFO:Plot type: confusion_matrix
2024-11-28 23:50:05,389:INFO:Fitting Model
2024-11-28 23:50:05,391:INFO:Scoring test/hold-out set
2024-11-28 23:50:05,953:INFO:Visual Rendered Successfully
2024-11-28 23:50:06,163:INFO:plot_model() successfully completed......................................
2024-11-28 23:50:06,165:INFO:Initializing finalize_model()
2024-11-28 23:50:06,165:INFO:finalize_model(self=<pycaret.classification.oop.ClassificationExperiment object at 0x7fd97f8984c0>, estimator=XGBClassifier(base_score=None, booster='gbtree', callbacks=None,
              colsample_bylevel=None, colsample_bynode=None,
              colsample_bytree=0.5, device='cpu', early_stopping_rounds=None,
              enable_categorical=False, eval_metric=None, feature_types=None,
              gamma=None, grow_policy=None, importance_type=None,
              interaction_constraints=None, learning_rate=0.1, max_bin=None,
              max_cat_threshold=None, max_cat_to_onehot=None,
              max_delta_step=None, max_depth=9, max_leaves=None,
              min_child_weight=1, missing=nan, monotone_constraints=None,
              multi_strategy=None, n_estimators=280, n_jobs=-1,
              num_parallel_tree=None, objective='binary:logistic', ...), fit_kwargs=None, groups=None, model_only=False, experiment_custom_tags=None)
2024-11-28 23:50:06,166:INFO:Finalizing XGBClassifier(base_score=None, booster='gbtree', callbacks=None,
              colsample_bylevel=None, colsample_bynode=None,
              colsample_bytree=0.5, device='cpu', early_stopping_rounds=None,
              enable_categorical=False, eval_metric=None, feature_types=None,
              gamma=None, grow_policy=None, importance_type=None,
              interaction_constraints=None, learning_rate=0.1, max_bin=None,
              max_cat_threshold=None, max_cat_to_onehot=None,
              max_delta_step=None, max_depth=9, max_leaves=None,
              min_child_weight=1, missing=nan, monotone_constraints=None,
              multi_strategy=None, n_estimators=280, n_jobs=-1,
              num_parallel_tree=None, objective='binary:logistic', ...)
2024-11-28 23:50:06,222:INFO:Initializing create_model()
2024-11-28 23:50:06,222:INFO:create_model(self=<pycaret.classification.oop.ClassificationExperiment object at 0x7fd97f8984c0>, estimator=XGBClassifier(base_score=None, booster='gbtree', callbacks=None,
              colsample_bylevel=None, colsample_bynode=None,
              colsample_bytree=0.5, device='cpu', early_stopping_rounds=None,
              enable_categorical=False, eval_metric=None, feature_types=None,
              gamma=None, grow_policy=None, importance_type=None,
              interaction_constraints=None, learning_rate=0.1, max_bin=None,
              max_cat_threshold=None, max_cat_to_onehot=None,
              max_delta_step=None, max_depth=9, max_leaves=None,
              min_child_weight=1, missing=nan, monotone_constraints=None,
              multi_strategy=None, n_estimators=280, n_jobs=-1,
              num_parallel_tree=None, objective='binary:logistic', ...), fold=None, round=4, cross_validation=False, predict=False, fit_kwargs={}, groups=None, refit=True, probability_threshold=None, experiment_custom_tags=None, verbose=False, system=False, add_to_model_list=False, metrics=None, display=None, model_only=False, return_train_score=False, error_score=0.0, kwargs={})
2024-11-28 23:50:06,222:INFO:Checking exceptions
2024-11-28 23:50:06,224:INFO:Importing libraries
2024-11-28 23:50:06,225:INFO:Copying training dataset
2024-11-28 23:50:06,262:INFO:Defining folds
2024-11-28 23:50:06,262:INFO:Declaring metric variables
2024-11-28 23:50:06,263:INFO:Importing untrained model
2024-11-28 23:50:06,263:INFO:Declaring custom model
2024-11-28 23:50:06,264:INFO:Extreme Gradient Boosting Imported successfully
2024-11-28 23:50:06,272:INFO:Cross validation set to False
2024-11-28 23:50:06,273:INFO:Fitting Model
2024-11-28 23:50:07,105:INFO:Warning: No categorical columns found. Calling 'transform' will only return input data.
2024-11-28 23:50:08,299:INFO:[LightGBM] [Info] Number of positive: 21522, number of negative: 20559
2024-11-28 23:50:08,351:INFO:[LightGBM] [Info] Auto-choosing col-wise multi-threading, the overhead of testing was 0.030673 seconds.
2024-11-28 23:50:08,360:INFO:You can set `force_col_wise=true` to remove the overhead.
2024-11-28 23:50:08,361:INFO:[LightGBM] [Info] Total Bins 9837
2024-11-28 23:50:08,361:INFO:[LightGBM] [Info] Number of data points in the train set: 42081, number of used features: 52
2024-11-28 23:50:08,362:INFO:[LightGBM] [Info] [binary:BoostFromScore]: pavg=0.511442 -> initscore=0.045777
2024-11-28 23:50:08,362:INFO:[LightGBM] [Info] Start training from score 0.045777
2024-11-28 23:50:13,770:INFO:Pipeline(memory=Memory(location=None),
         steps=[('date_feature_extractor',
                 TransformerWrapper(exclude=None,
                                    include=['borrow_timestamp',
                                             'first_tx_timestamp',
                                             'last_tx_timestamp',
                                             'risky_first_tx_timestamp',
                                             'risky_last_tx_timestamp'],
                                    transformer=ExtractDateTimeFeatures(features=['day',
                                                                                  'month',
                                                                                  'year']))),
                ('numerical_imputer',
                 TransformerWrapper(exclude=None,...
                               importance_type=None,
                               interaction_constraints=None, learning_rate=0.1,
                               max_bin=None, max_cat_threshold=None,
                               max_cat_to_onehot=None, max_delta_step=None,
                               max_depth=9, max_leaves=None, min_child_weight=1,
                               missing=nan, monotone_constraints=None,
                               multi_strategy=None, n_estimators=280, n_jobs=-1,
                               num_parallel_tree=None,
                               objective='binary:logistic', ...))],
         verbose=False)
2024-11-28 23:50:13,770:INFO:create_model() successfully completed......................................
2024-11-28 23:50:13,948:INFO:_master_model_container: 9
2024-11-28 23:50:13,949:INFO:_display_container: 9
2024-11-28 23:50:14,000:INFO:Pipeline(memory=Memory(location=None),
         steps=[('date_feature_extractor',
                 TransformerWrapper(exclude=None,
                                    include=['borrow_timestamp',
                                             'first_tx_timestamp',
                                             'last_tx_timestamp',
                                             'risky_first_tx_timestamp',
                                             'risky_last_tx_timestamp'],
                                    transformer=ExtractDateTimeFeatures(features=['day',
                                                                                  'month',
                                                                                  'year']))),
                ('numerical_imputer',
                 TransformerWrapper(exclude=None,...
                               importance_type=None,
                               interaction_constraints=None, learning_rate=0.1,
                               max_bin=None, max_cat_threshold=None,
                               max_cat_to_onehot=None, max_delta_step=None,
                               max_depth=9, max_leaves=None, min_child_weight=1,
                               missing=nan, monotone_constraints=None,
                               multi_strategy=None, n_estimators=280, n_jobs=-1,
                               num_parallel_tree=None,
                               objective='binary:logistic', ...))],
         verbose=False)
2024-11-28 23:50:14,000:INFO:finalize_model() successfully completed......................................
2024-11-28 23:50:19,222:INFO:Initializing predict_model()
2024-11-28 23:50:19,222:INFO:predict_model(self=<pycaret.classification.oop.ClassificationExperiment object at 0x7fd97f8984c0>, estimator=Pipeline(memory=Memory(location=None),
         steps=[('date_feature_extractor',
                 TransformerWrapper(exclude=None,
                                    include=['borrow_timestamp',
                                             'first_tx_timestamp',
                                             'last_tx_timestamp',
                                             'risky_first_tx_timestamp',
                                             'risky_last_tx_timestamp'],
                                    transformer=ExtractDateTimeFeatures(features=['day',
                                                                                  'month',
                                                                                  'year']))),
                ('numerical_imputer',
                 TransformerWrapper(exclude=None,...
                               importance_type=None,
                               interaction_constraints=None, learning_rate=0.1,
                               max_bin=None, max_cat_threshold=None,
                               max_cat_to_onehot=None, max_delta_step=None,
                               max_depth=9, max_leaves=None, min_child_weight=1,
                               missing=nan, monotone_constraints=None,
                               multi_strategy=None, n_estimators=280, n_jobs=-1,
                               num_parallel_tree=None,
                               objective='binary:logistic', ...))],
         verbose=False), probability_threshold=None, encoded_labels=False, raw_score=False, round=4, verbose=True, ml_usecase=None, preprocess=True, encode_labels=<function _SupervisedExperiment.predict_model.<locals>.encode_labels at 0x7fd97fbf76d0>)
2024-11-28 23:50:19,222:INFO:Checking exceptions
2024-11-28 23:50:19,222:INFO:Preloading libraries
2024-11-28 23:50:19,226:INFO:Set up data.
2024-11-28 23:50:19,266:INFO:Set up index.
2024-11-28 23:51:42,587:INFO:Initializing predict_model()
2024-11-28 23:51:42,587:INFO:predict_model(self=<pycaret.classification.oop.ClassificationExperiment object at 0x7fd97f8984c0>, estimator=Pipeline(memory=Memory(location=None),
         steps=[('date_feature_extractor',
                 TransformerWrapper(exclude=None,
                                    include=['borrow_timestamp',
                                             'first_tx_timestamp',
                                             'last_tx_timestamp',
                                             'risky_first_tx_timestamp',
                                             'risky_last_tx_timestamp'],
                                    transformer=ExtractDateTimeFeatures(features=['day',
                                                                                  'month',
                                                                                  'year']))),
                ('numerical_imputer',
                 TransformerWrapper(exclude=None,...
                               importance_type=None,
                               interaction_constraints=None, learning_rate=0.1,
                               max_bin=None, max_cat_threshold=None,
                               max_cat_to_onehot=None, max_delta_step=None,
                               max_depth=9, max_leaves=None, min_child_weight=1,
                               missing=nan, monotone_constraints=None,
                               multi_strategy=None, n_estimators=280, n_jobs=-1,
                               num_parallel_tree=None,
                               objective='binary:logistic', ...))],
         verbose=False), probability_threshold=None, encoded_labels=False, raw_score=False, round=4, verbose=True, ml_usecase=None, preprocess=True, encode_labels=<function _SupervisedExperiment.predict_model.<locals>.encode_labels at 0x7fd97fbf77f0>)
2024-11-28 23:51:42,597:INFO:Checking exceptions
2024-11-28 23:51:42,597:INFO:Preloading libraries
2024-11-28 23:51:42,600:INFO:Set up data.
2024-11-28 23:51:42,672:INFO:Set up index.
2024-11-28 23:53:28,444:INFO:Initializing save_model()
2024-11-28 23:53:28,444:INFO:save_model(model=Pipeline(memory=Memory(location=None),
         steps=[('date_feature_extractor',
                 TransformerWrapper(exclude=None,
                                    include=['borrow_timestamp',
                                             'first_tx_timestamp',
                                             'last_tx_timestamp',
                                             'risky_first_tx_timestamp',
                                             'risky_last_tx_timestamp'],
                                    transformer=ExtractDateTimeFeatures(features=['day',
                                                                                  'month',
                                                                                  'year']))),
                ('numerical_imputer',
                 TransformerWrapper(exclude=None,...
                               importance_type=None,
                               interaction_constraints=None, learning_rate=0.1,
                               max_bin=None, max_cat_threshold=None,
                               max_cat_to_onehot=None, max_delta_step=None,
                               max_depth=9, max_leaves=None, min_child_weight=1,
                               missing=nan, monotone_constraints=None,
                               multi_strategy=None, n_estimators=280, n_jobs=-1,
                               num_parallel_tree=None,
                               objective='binary:logistic', ...))],
         verbose=False), model_name=final_xgboost_light_28Nonv-23:53hrs, prep_pipe_=Pipeline(memory=FastMemory(location=/tmp/joblib),
         steps=[('date_feature_extractor',
                 TransformerWrapper(exclude=None,
                                    include=['borrow_timestamp',
                                             'first_tx_timestamp',
                                             'last_tx_timestamp',
                                             'risky_first_tx_timestamp',
                                             'risky_last_tx_timestamp'],
                                    transformer=ExtractDateTimeFeatures(features=['day',
                                                                                  'month',
                                                                                  'year']))),
                ('numerical_imputer',
                 TransformerWrapper(ex...
                                                                                         learning_rate=0.1,
                                                                                         max_depth=-1,
                                                                                         min_child_samples=20,
                                                                                         min_child_weight=0.001,
                                                                                         min_split_gain=0.0,
                                                                                         n_estimators=100,
                                                                                         n_jobs=None,
                                                                                         num_leaves=31,
                                                                                         objective=None,
                                                                                         random_state=None,
                                                                                         reg_alpha=0.0,
                                                                                         reg_lambda=0.0,
                                                                                         subsample=1.0,
                                                                                         subsample_for_bin=200000,
                                                                                         subsample_freq=0),
                                                                importance_getter='auto',
                                                                max_features=15,
                                                                norm_order=1,
                                                                prefit=False,
                                                                threshold=-inf)))],
         verbose=False), verbose=True, use_case=MLUsecase.CLASSIFICATION, kwargs={})
2024-11-28 23:53:28,444:INFO:Adding model into prep_pipe
2024-11-28 23:53:28,444:WARNING:Only Model saved as it was a pipeline.
2024-11-28 23:53:28,632:INFO:final_xgboost_light_28Nonv-23:53hrs.pkl saved in current working directory
2024-11-28 23:53:28,678:INFO:Pipeline(memory=Memory(location=None),
         steps=[('date_feature_extractor',
                 TransformerWrapper(exclude=None,
                                    include=['borrow_timestamp',
                                             'first_tx_timestamp',
                                             'last_tx_timestamp',
                                             'risky_first_tx_timestamp',
                                             'risky_last_tx_timestamp'],
                                    transformer=ExtractDateTimeFeatures(features=['day',
                                                                                  'month',
                                                                                  'year']))),
                ('numerical_imputer',
                 TransformerWrapper(exclude=None,...
                               importance_type=None,
                               interaction_constraints=None, learning_rate=0.1,
                               max_bin=None, max_cat_threshold=None,
                               max_cat_to_onehot=None, max_delta_step=None,
                               max_depth=9, max_leaves=None, min_child_weight=1,
                               missing=nan, monotone_constraints=None,
                               multi_strategy=None, n_estimators=280, n_jobs=-1,
                               num_parallel_tree=None,
                               objective='binary:logistic', ...))],
         verbose=False)
2024-11-28 23:53:28,678:INFO:save_model() successfully completed......................................
2024-11-28 23:54:28,633:INFO:Initializing predict_model()
2024-11-28 23:54:28,633:INFO:predict_model(self=<pycaret.classification.oop.ClassificationExperiment object at 0x7fd97f8984c0>, estimator=Pipeline(memory=Memory(location=None),
         steps=[('date_feature_extractor',
                 TransformerWrapper(exclude=None,
                                    include=['borrow_timestamp',
                                             'first_tx_timestamp',
                                             'last_tx_timestamp',
                                             'risky_first_tx_timestamp',
                                             'risky_last_tx_timestamp'],
                                    transformer=ExtractDateTimeFeatures(features=['day',
                                                                                  'month',
                                                                                  'year']))),
                ('numerical_imputer',
                 TransformerWrapper(exclude=None,...
                               importance_type=None,
                               interaction_constraints=None, learning_rate=0.1,
                               max_bin=None, max_cat_threshold=None,
                               max_cat_to_onehot=None, max_delta_step=None,
                               max_depth=9, max_leaves=None, min_child_weight=1,
                               missing=nan, monotone_constraints=None,
                               multi_strategy=None, n_estimators=280, n_jobs=-1,
                               num_parallel_tree=None,
                               objective='binary:logistic', ...))],
         verbose=False), probability_threshold=None, encoded_labels=False, raw_score=False, round=4, verbose=True, ml_usecase=None, preprocess=True, encode_labels=<function _SupervisedExperiment.predict_model.<locals>.encode_labels at 0x7fda06e04af0>)
2024-11-28 23:54:28,633:INFO:Checking exceptions
2024-11-28 23:54:28,633:INFO:Preloading libraries
2024-11-28 23:54:28,636:INFO:Set up data.
2024-11-28 23:54:28,794:INFO:Set up index.
2024-11-28 23:55:13,304:INFO:Initializing predict_model()
2024-11-28 23:55:13,304:INFO:predict_model(self=<pycaret.classification.oop.ClassificationExperiment object at 0x7fd97f8984c0>, estimator=Pipeline(memory=Memory(location=None),
         steps=[('date_feature_extractor',
                 TransformerWrapper(exclude=None,
                                    include=['borrow_timestamp',
                                             'first_tx_timestamp',
                                             'last_tx_timestamp',
                                             'risky_first_tx_timestamp',
                                             'risky_last_tx_timestamp'],
                                    transformer=ExtractDateTimeFeatures(features=['day',
                                                                                  'month',
                                                                                  'year']))),
                ('numerical_imputer',
                 TransformerWrapper(exclude=None,...
                               importance_type=None,
                               interaction_constraints=None, learning_rate=0.1,
                               max_bin=None, max_cat_threshold=None,
                               max_cat_to_onehot=None, max_delta_step=None,
                               max_depth=9, max_leaves=None, min_child_weight=1,
                               missing=nan, monotone_constraints=None,
                               multi_strategy=None, n_estimators=280, n_jobs=-1,
                               num_parallel_tree=None,
                               objective='binary:logistic', ...))],
         verbose=False), probability_threshold=None, encoded_labels=False, raw_score=False, round=4, verbose=True, ml_usecase=None, preprocess=True, encode_labels=<function _SupervisedExperiment.predict_model.<locals>.encode_labels at 0x7fd97c0ec8b0>)
2024-11-28 23:55:13,305:INFO:Checking exceptions
2024-11-28 23:55:13,305:INFO:Preloading libraries
2024-11-28 23:55:13,308:INFO:Set up data.
2024-11-28 23:55:13,546:INFO:Set up index.
2024-11-29 00:01:44,303:INFO:Initializing predict_model()
2024-11-29 00:01:44,303:INFO:predict_model(self=<pycaret.classification.oop.ClassificationExperiment object at 0x7fd97f8984c0>, estimator=Pipeline(memory=Memory(location=None),
         steps=[('date_feature_extractor',
                 TransformerWrapper(exclude=None,
                                    include=['borrow_timestamp',
                                             'first_tx_timestamp',
                                             'last_tx_timestamp',
                                             'risky_first_tx_timestamp',
                                             'risky_last_tx_timestamp'],
                                    transformer=ExtractDateTimeFeatures(features=['day',
                                                                                  'month',
                                                                                  'year']))),
                ('numerical_imputer',
                 TransformerWrapper(exclude=None,...
                               importance_type=None,
                               interaction_constraints=None, learning_rate=0.1,
                               max_bin=None, max_cat_threshold=None,
                               max_cat_to_onehot=None, max_delta_step=None,
                               max_depth=9, max_leaves=None, min_child_weight=1,
                               missing=nan, monotone_constraints=None,
                               multi_strategy=None, n_estimators=280, n_jobs=-1,
                               num_parallel_tree=None,
                               objective='binary:logistic', ...))],
         verbose=False), probability_threshold=None, encoded_labels=False, raw_score=False, round=4, verbose=True, ml_usecase=None, preprocess=True, encode_labels=<function _SupervisedExperiment.predict_model.<locals>.encode_labels at 0x7fd95a2629e0>)
2024-11-29 00:01:44,303:INFO:Checking exceptions
2024-11-29 00:01:44,303:INFO:Preloading libraries
2024-11-29 00:01:44,307:INFO:Set up data.
2024-11-29 00:01:44,378:INFO:Set up index.
2024-11-29 00:04:10,931:INFO:Initializing save_model()
2024-11-29 00:04:10,931:INFO:save_model(model=Pipeline(memory=Memory(location=None),
         steps=[('date_feature_extractor',
                 TransformerWrapper(exclude=None,
                                    include=['borrow_timestamp',
                                             'first_tx_timestamp',
                                             'last_tx_timestamp',
                                             'risky_first_tx_timestamp',
                                             'risky_last_tx_timestamp'],
                                    transformer=ExtractDateTimeFeatures(features=['day',
                                                                                  'month',
                                                                                  'year']))),
                ('numerical_imputer',
                 TransformerWrapper(exclude=None,...
                               importance_type=None,
                               interaction_constraints=None, learning_rate=0.1,
                               max_bin=None, max_cat_threshold=None,
                               max_cat_to_onehot=None, max_delta_step=None,
                               max_depth=9, max_leaves=None, min_child_weight=1,
                               missing=nan, monotone_constraints=None,
                               multi_strategy=None, n_estimators=280, n_jobs=-1,
                               num_parallel_tree=None,
                               objective='binary:logistic', ...))],
         verbose=False), model_name=final_xgboost_28Nonv-23:53hrs, prep_pipe_=Pipeline(memory=FastMemory(location=/tmp/joblib),
         steps=[('date_feature_extractor',
                 TransformerWrapper(exclude=None,
                                    include=['borrow_timestamp',
                                             'first_tx_timestamp',
                                             'last_tx_timestamp',
                                             'risky_first_tx_timestamp',
                                             'risky_last_tx_timestamp'],
                                    transformer=ExtractDateTimeFeatures(features=['day',
                                                                                  'month',
                                                                                  'year']))),
                ('numerical_imputer',
                 TransformerWrapper(ex...
                                                                                         learning_rate=0.1,
                                                                                         max_depth=-1,
                                                                                         min_child_samples=20,
                                                                                         min_child_weight=0.001,
                                                                                         min_split_gain=0.0,
                                                                                         n_estimators=100,
                                                                                         n_jobs=None,
                                                                                         num_leaves=31,
                                                                                         objective=None,
                                                                                         random_state=None,
                                                                                         reg_alpha=0.0,
                                                                                         reg_lambda=0.0,
                                                                                         subsample=1.0,
                                                                                         subsample_for_bin=200000,
                                                                                         subsample_freq=0),
                                                                importance_getter='auto',
                                                                max_features=15,
                                                                norm_order=1,
                                                                prefit=False,
                                                                threshold=-inf)))],
         verbose=False), verbose=True, use_case=MLUsecase.CLASSIFICATION, kwargs={})
2024-11-29 00:04:10,931:INFO:Adding model into prep_pipe
2024-11-29 00:04:10,931:WARNING:Only Model saved as it was a pipeline.
2024-11-29 00:04:11,079:INFO:final_xgboost_28Nonv-23:53hrs.pkl saved in current working directory
2024-11-29 00:04:11,135:INFO:Pipeline(memory=Memory(location=None),
         steps=[('date_feature_extractor',
                 TransformerWrapper(exclude=None,
                                    include=['borrow_timestamp',
                                             'first_tx_timestamp',
                                             'last_tx_timestamp',
                                             'risky_first_tx_timestamp',
                                             'risky_last_tx_timestamp'],
                                    transformer=ExtractDateTimeFeatures(features=['day',
                                                                                  'month',
                                                                                  'year']))),
                ('numerical_imputer',
                 TransformerWrapper(exclude=None,...
                               importance_type=None,
                               interaction_constraints=None, learning_rate=0.1,
                               max_bin=None, max_cat_threshold=None,
                               max_cat_to_onehot=None, max_delta_step=None,
                               max_depth=9, max_leaves=None, min_child_weight=1,
                               missing=nan, monotone_constraints=None,
                               multi_strategy=None, n_estimators=280, n_jobs=-1,
                               num_parallel_tree=None,
                               objective='binary:logistic', ...))],
         verbose=False)
2024-11-29 00:04:11,136:INFO:save_model() successfully completed......................................
2024-11-29 00:08:21,528:INFO:Initializing predict_model()
2024-11-29 00:08:21,528:INFO:predict_model(self=<pycaret.classification.oop.ClassificationExperiment object at 0x7fd97f8984c0>, estimator=Pipeline(memory=Memory(location=None),
         steps=[('date_feature_extractor',
                 TransformerWrapper(exclude=None,
                                    include=['borrow_timestamp',
                                             'first_tx_timestamp',
                                             'last_tx_timestamp',
                                             'risky_first_tx_timestamp',
                                             'risky_last_tx_timestamp'],
                                    transformer=ExtractDateTimeFeatures(features=['day',
                                                                                  'month',
                                                                                  'year']))),
                ('numerical_imputer',
                 TransformerWrapper(exclude=None,...
                               importance_type=None,
                               interaction_constraints=None, learning_rate=0.1,
                               max_bin=None, max_cat_threshold=None,
                               max_cat_to_onehot=None, max_delta_step=None,
                               max_depth=9, max_leaves=None, min_child_weight=1,
                               missing=nan, monotone_constraints=None,
                               multi_strategy=None, n_estimators=280, n_jobs=-1,
                               num_parallel_tree=None,
                               objective='binary:logistic', ...))],
         verbose=False), probability_threshold=None, encoded_labels=False, raw_score=False, round=4, verbose=True, ml_usecase=None, preprocess=True, encode_labels=<function _SupervisedExperiment.predict_model.<locals>.encode_labels at 0x7fd97f3a3640>)
2024-11-29 00:08:21,528:INFO:Checking exceptions
2024-11-29 00:08:21,528:INFO:Preloading libraries
2024-11-29 00:08:21,531:INFO:Set up data.
2024-11-29 00:08:21,623:INFO:Set up index.
2024-11-29 00:10:36,534:INFO:Initializing predict_model()
2024-11-29 00:10:36,534:INFO:predict_model(self=<pycaret.classification.oop.ClassificationExperiment object at 0x7fd97f8984c0>, estimator=Pipeline(memory=Memory(location=None),
         steps=[('date_feature_extractor',
                 TransformerWrapper(exclude=None,
                                    include=['borrow_timestamp',
                                             'first_tx_timestamp',
                                             'last_tx_timestamp',
                                             'risky_first_tx_timestamp',
                                             'risky_last_tx_timestamp'],
                                    transformer=ExtractDateTimeFeatures(features=['day',
                                                                                  'month',
                                                                                  'year']))),
                ('numerical_imputer',
                 TransformerWrapper(exclude=None,...
                               importance_type=None,
                               interaction_constraints=None, learning_rate=0.1,
                               max_bin=None, max_cat_threshold=None,
                               max_cat_to_onehot=None, max_delta_step=None,
                               max_depth=9, max_leaves=None, min_child_weight=1,
                               missing=nan, monotone_constraints=None,
                               multi_strategy=None, n_estimators=280, n_jobs=-1,
                               num_parallel_tree=None,
                               objective='binary:logistic', ...))],
         verbose=False), probability_threshold=None, encoded_labels=False, raw_score=False, round=4, verbose=True, ml_usecase=None, preprocess=True, encode_labels=<function _SupervisedExperiment.predict_model.<locals>.encode_labels at 0x7fd9590fbac0>)
2024-11-29 00:10:36,534:INFO:Checking exceptions
2024-11-29 00:10:36,534:INFO:Preloading libraries
2024-11-29 00:10:36,537:INFO:Set up data.
2024-11-29 00:10:36,642:INFO:Set up index.
2024-11-29 00:11:38,767:INFO:Initializing predict_model()
2024-11-29 00:11:38,768:INFO:predict_model(self=<pycaret.classification.oop.ClassificationExperiment object at 0x7fd97f8984c0>, estimator=Pipeline(memory=Memory(location=None),
         steps=[('date_feature_extractor',
                 TransformerWrapper(exclude=None,
                                    include=['borrow_timestamp',
                                             'first_tx_timestamp',
                                             'last_tx_timestamp',
                                             'risky_first_tx_timestamp',
                                             'risky_last_tx_timestamp'],
                                    transformer=ExtractDateTimeFeatures(features=['day',
                                                                                  'month',
                                                                                  'year']))),
                ('numerical_imputer',
                 TransformerWrapper(exclude=None,...
                               importance_type=None,
                               interaction_constraints=None, learning_rate=0.1,
                               max_bin=None, max_cat_threshold=None,
                               max_cat_to_onehot=None, max_delta_step=None,
                               max_depth=9, max_leaves=None, min_child_weight=1,
                               missing=nan, monotone_constraints=None,
                               multi_strategy=None, n_estimators=280, n_jobs=-1,
                               num_parallel_tree=None,
                               objective='binary:logistic', ...))],
         verbose=False), probability_threshold=None, encoded_labels=False, raw_score=False, round=4, verbose=True, ml_usecase=None, preprocess=True, encode_labels=<function _SupervisedExperiment.predict_model.<locals>.encode_labels at 0x7fd9df8d80d0>)
2024-11-29 00:11:38,768:INFO:Checking exceptions
2024-11-29 00:11:38,768:INFO:Preloading libraries
2024-11-29 00:11:38,771:INFO:Set up data.
2024-11-29 00:11:38,884:INFO:Set up index.
2024-11-29 00:11:48,626:INFO:Initializing predict_model()
2024-11-29 00:11:48,626:INFO:predict_model(self=<pycaret.classification.oop.ClassificationExperiment object at 0x7fd97f8984c0>, estimator=Pipeline(memory=Memory(location=None),
         steps=[('date_feature_extractor',
                 TransformerWrapper(exclude=None,
                                    include=['borrow_timestamp',
                                             'first_tx_timestamp',
                                             'last_tx_timestamp',
                                             'risky_first_tx_timestamp',
                                             'risky_last_tx_timestamp'],
                                    transformer=ExtractDateTimeFeatures(features=['day',
                                                                                  'month',
                                                                                  'year']))),
                ('numerical_imputer',
                 TransformerWrapper(exclude=None,...
                               importance_type=None,
                               interaction_constraints=None, learning_rate=0.1,
                               max_bin=None, max_cat_threshold=None,
                               max_cat_to_onehot=None, max_delta_step=None,
                               max_depth=9, max_leaves=None, min_child_weight=1,
                               missing=nan, monotone_constraints=None,
                               multi_strategy=None, n_estimators=280, n_jobs=-1,
                               num_parallel_tree=None,
                               objective='binary:logistic', ...))],
         verbose=False), probability_threshold=None, encoded_labels=False, raw_score=False, round=4, verbose=True, ml_usecase=None, preprocess=True, encode_labels=<function _SupervisedExperiment.predict_model.<locals>.encode_labels at 0x7fd97f3a3250>)
2024-11-29 00:11:48,626:INFO:Checking exceptions
2024-11-29 00:11:48,626:INFO:Preloading libraries
2024-11-29 00:11:48,629:INFO:Set up data.
2024-11-29 00:11:48,746:INFO:Set up index.
2024-12-05 23:50:41,441:WARNING:
'cuml' is a soft dependency and not included in the pycaret installation. Please run: `pip install cuml` to install.
2024-12-05 23:50:41,442:WARNING:
'cuml' is a soft dependency and not included in the pycaret installation. Please run: `pip install cuml` to install.
2024-12-05 23:50:41,442:WARNING:
'cuml' is a soft dependency and not included in the pycaret installation. Please run: `pip install cuml` to install.
2024-12-05 23:50:41,442:WARNING:
'cuml' is a soft dependency and not included in the pycaret installation. Please run: `pip install cuml` to install.
2024-12-12 12:52:47,225:WARNING:
'cuml' is a soft dependency and not included in the pycaret installation. Please run: `pip install cuml` to install.
2024-12-12 12:52:47,227:WARNING:
'cuml' is a soft dependency and not included in the pycaret installation. Please run: `pip install cuml` to install.
2024-12-12 12:52:47,227:WARNING:
'cuml' is a soft dependency and not included in the pycaret installation. Please run: `pip install cuml` to install.
2024-12-12 12:52:47,227:WARNING:
'cuml' is a soft dependency and not included in the pycaret installation. Please run: `pip install cuml` to install.
2024-12-12 13:00:14,239:WARNING:/home/damiatus/.local/lib/python3.10/site-packages/pycaret/internal/pipeline.py:148: UserWarning: Version mismatch:
current: {'deps_info': {'pip': '22.0.2', 'setuptools': '59.6.0', 'pycaret': '3.3.2', 'IPython': '8.30.0', 'ipywidgets': '8.1.5', 'tqdm': '4.67.1', 'numpy': '1.26.4', 'pandas': '2.1.4', 'jinja2': '3.1.4', 'scipy': '1.11.4', 'joblib': '1.3.2', 'sklearn': '1.4.2', 'pyod': '2.0.2', 'imblearn': '0.12.4', 'category_encoders': '2.6.4', 'lightgbm': '4.5.0', 'numba': '0.60.0', 'requests': '2.32.3', 'matplotlib': '3.7.5', 'scikitplot': '0.3.7', 'yellowbrick': '1.5', 'plotly': '5.24.1', 'plotly-resampler': 'Not installed', 'kaleido': '0.2.1', 'schemdraw': '0.15', 'statsmodels': '0.14.4', 'sktime': '0.26.0', 'tbats': '1.1.3', 'pmdarima': '2.0.4', 'psutil': '6.1.0', 'markupsafe': '2.1.5', 'pickle5': 'Not installed', 'cloudpickle': '3.1.0', 'deprecation': '2.1.0', 'xxhash': '3.5.0', 'wurlitzer': '3.1.1'}, 'python': {'version': '3.10.12', 'machine': 'x86_64'}}
pickle: {'deps_info': {'pip': '24.1.2', 'setuptools': '75.1.0', 'pycaret': '3.3.2', 'IPython': '7.34.0', 'ipywidgets': '7.7.1', 'tqdm': '4.66.6', 'numpy': '1.26.4', 'pandas': '2.1.4', 'jinja2': '3.1.4', 'scipy': '1.11.4', 'joblib': '1.3.2', 'sklearn': '1.4.2', 'pyod': '2.0.2', 'imblearn': '0.12.4', 'category_encoders': '2.6.4', 'lightgbm': '4.5.0', 'numba': '0.60.0', 'requests': '2.32.3', 'matplotlib': '3.7.5', 'scikitplot': '0.3.7', 'yellowbrick': '1.5', 'plotly': '5.24.1', 'plotly-resampler': 'Not installed', 'kaleido': '0.2.1', 'schemdraw': '0.15', 'statsmodels': '0.14.4', 'sktime': '0.26.0', 'tbats': '1.1.3', 'pmdarima': '2.0.4', 'psutil': '5.9.5', 'markupsafe': '3.0.2', 'pickle5': 'Not installed', 'cloudpickle': '3.1.0', 'deprecation': '2.1.0', 'xxhash': '3.5.0', 'wurlitzer': '3.1.1'}, 'python': {'version': '3.10.12', 'machine': 'x86_64'}}
  warnings.warn(

2024-12-12 13:43:55,847:WARNING:/tmp/ipykernel_29021/1483715953.py:21: FutureWarning: suggest_uniform has been deprecated in v3.0.0. This feature will be removed in v6.0.0. See https://github.com/optuna/optuna/releases/tag/v3.0.0. Use suggest_float instead.
  param['subsample'] = trial.suggest_uniform('subsample', 0.70, 0.85)

2024-12-12 13:49:14,457:WARNING:/tmp/ipykernel_29021/1046955856.py:20: FutureWarning: suggest_uniform has been deprecated in v3.0.0. This feature will be removed in v6.0.0. See https://github.com/optuna/optuna/releases/tag/v3.0.0. Use suggest_float instead.
  param['subsample'] = trial.suggest_uniform('subsample', 0.70, 0.85)

2024-12-12 13:49:58,993:WARNING:/tmp/ipykernel_29021/1410544738.py:21: FutureWarning: suggest_uniform has been deprecated in v3.0.0. This feature will be removed in v6.0.0. See https://github.com/optuna/optuna/releases/tag/v3.0.0. Use suggest_float instead.
  param['subsample'] = trial.suggest_uniform('subsample', 0.70, 0.85)

2024-12-12 13:50:20,474:WARNING:/tmp/ipykernel_29021/1410544738.py:21: FutureWarning: suggest_uniform has been deprecated in v3.0.0. This feature will be removed in v6.0.0. See https://github.com/optuna/optuna/releases/tag/v3.0.0. Use suggest_float instead.
  param['subsample'] = trial.suggest_uniform('subsample', 0.70, 0.85)

2024-12-12 13:50:39,867:WARNING:/tmp/ipykernel_29021/1410544738.py:21: FutureWarning: suggest_uniform has been deprecated in v3.0.0. This feature will be removed in v6.0.0. See https://github.com/optuna/optuna/releases/tag/v3.0.0. Use suggest_float instead.
  param['subsample'] = trial.suggest_uniform('subsample', 0.70, 0.85)

2024-12-12 13:51:02,155:WARNING:/tmp/ipykernel_29021/1410544738.py:21: FutureWarning: suggest_uniform has been deprecated in v3.0.0. This feature will be removed in v6.0.0. See https://github.com/optuna/optuna/releases/tag/v3.0.0. Use suggest_float instead.
  param['subsample'] = trial.suggest_uniform('subsample', 0.70, 0.85)

2024-12-12 13:51:17,601:WARNING:/tmp/ipykernel_29021/1410544738.py:21: FutureWarning: suggest_uniform has been deprecated in v3.0.0. This feature will be removed in v6.0.0. See https://github.com/optuna/optuna/releases/tag/v3.0.0. Use suggest_float instead.
  param['subsample'] = trial.suggest_uniform('subsample', 0.70, 0.85)

2024-12-12 13:51:35,389:WARNING:/tmp/ipykernel_29021/1410544738.py:21: FutureWarning: suggest_uniform has been deprecated in v3.0.0. This feature will be removed in v6.0.0. See https://github.com/optuna/optuna/releases/tag/v3.0.0. Use suggest_float instead.
  param['subsample'] = trial.suggest_uniform('subsample', 0.70, 0.85)

2024-12-12 13:52:13,452:WARNING:/tmp/ipykernel_29021/1410544738.py:21: FutureWarning: suggest_uniform has been deprecated in v3.0.0. This feature will be removed in v6.0.0. See https://github.com/optuna/optuna/releases/tag/v3.0.0. Use suggest_float instead.
  param['subsample'] = trial.suggest_uniform('subsample', 0.70, 0.85)

2024-12-12 13:52:46,397:WARNING:/tmp/ipykernel_29021/1410544738.py:21: FutureWarning: suggest_uniform has been deprecated in v3.0.0. This feature will be removed in v6.0.0. See https://github.com/optuna/optuna/releases/tag/v3.0.0. Use suggest_float instead.
  param['subsample'] = trial.suggest_uniform('subsample', 0.70, 0.85)

2024-12-12 13:53:10,162:WARNING:/tmp/ipykernel_29021/1410544738.py:21: FutureWarning: suggest_uniform has been deprecated in v3.0.0. This feature will be removed in v6.0.0. See https://github.com/optuna/optuna/releases/tag/v3.0.0. Use suggest_float instead.
  param['subsample'] = trial.suggest_uniform('subsample', 0.70, 0.85)

2024-12-12 13:53:33,780:WARNING:/tmp/ipykernel_29021/1410544738.py:21: FutureWarning: suggest_uniform has been deprecated in v3.0.0. This feature will be removed in v6.0.0. See https://github.com/optuna/optuna/releases/tag/v3.0.0. Use suggest_float instead.
  param['subsample'] = trial.suggest_uniform('subsample', 0.70, 0.85)

2024-12-12 13:53:50,794:WARNING:/tmp/ipykernel_29021/1410544738.py:21: FutureWarning: suggest_uniform has been deprecated in v3.0.0. This feature will be removed in v6.0.0. See https://github.com/optuna/optuna/releases/tag/v3.0.0. Use suggest_float instead.
  param['subsample'] = trial.suggest_uniform('subsample', 0.70, 0.85)

2024-12-12 13:54:17,677:WARNING:/tmp/ipykernel_29021/1410544738.py:21: FutureWarning: suggest_uniform has been deprecated in v3.0.0. This feature will be removed in v6.0.0. See https://github.com/optuna/optuna/releases/tag/v3.0.0. Use suggest_float instead.
  param['subsample'] = trial.suggest_uniform('subsample', 0.70, 0.85)

2024-12-12 13:54:39,865:WARNING:/tmp/ipykernel_29021/1410544738.py:21: FutureWarning: suggest_uniform has been deprecated in v3.0.0. This feature will be removed in v6.0.0. See https://github.com/optuna/optuna/releases/tag/v3.0.0. Use suggest_float instead.
  param['subsample'] = trial.suggest_uniform('subsample', 0.70, 0.85)

2024-12-12 13:54:58,164:WARNING:/tmp/ipykernel_29021/1410544738.py:21: FutureWarning: suggest_uniform has been deprecated in v3.0.0. This feature will be removed in v6.0.0. See https://github.com/optuna/optuna/releases/tag/v3.0.0. Use suggest_float instead.
  param['subsample'] = trial.suggest_uniform('subsample', 0.70, 0.85)

2024-12-12 13:55:19,088:WARNING:/tmp/ipykernel_29021/1410544738.py:21: FutureWarning: suggest_uniform has been deprecated in v3.0.0. This feature will be removed in v6.0.0. See https://github.com/optuna/optuna/releases/tag/v3.0.0. Use suggest_float instead.
  param['subsample'] = trial.suggest_uniform('subsample', 0.70, 0.85)

2024-12-12 14:04:04,965:WARNING:/tmp/ipykernel_29021/3117289889.py:21: FutureWarning: suggest_uniform has been deprecated in v3.0.0. This feature will be removed in v6.0.0. See https://github.com/optuna/optuna/releases/tag/v3.0.0. Use suggest_float instead.
  param['subsample'] = trial.suggest_uniform('subsample', 0.70, 0.85)

2024-12-12 14:04:29,373:WARNING:/tmp/ipykernel_29021/3117289889.py:21: FutureWarning: suggest_uniform has been deprecated in v3.0.0. This feature will be removed in v6.0.0. See https://github.com/optuna/optuna/releases/tag/v3.0.0. Use suggest_float instead.
  param['subsample'] = trial.suggest_uniform('subsample', 0.70, 0.85)

2024-12-12 14:04:43,055:WARNING:/tmp/ipykernel_29021/3117289889.py:21: FutureWarning: suggest_uniform has been deprecated in v3.0.0. This feature will be removed in v6.0.0. See https://github.com/optuna/optuna/releases/tag/v3.0.0. Use suggest_float instead.
  param['subsample'] = trial.suggest_uniform('subsample', 0.70, 0.85)

2024-12-12 14:05:03,590:WARNING:/tmp/ipykernel_29021/3117289889.py:21: FutureWarning: suggest_uniform has been deprecated in v3.0.0. This feature will be removed in v6.0.0. See https://github.com/optuna/optuna/releases/tag/v3.0.0. Use suggest_float instead.
  param['subsample'] = trial.suggest_uniform('subsample', 0.70, 0.85)

2024-12-12 14:05:26,987:WARNING:/tmp/ipykernel_29021/3117289889.py:21: FutureWarning: suggest_uniform has been deprecated in v3.0.0. This feature will be removed in v6.0.0. See https://github.com/optuna/optuna/releases/tag/v3.0.0. Use suggest_float instead.
  param['subsample'] = trial.suggest_uniform('subsample', 0.70, 0.85)

2024-12-12 14:05:43,633:WARNING:/tmp/ipykernel_29021/3117289889.py:21: FutureWarning: suggest_uniform has been deprecated in v3.0.0. This feature will be removed in v6.0.0. See https://github.com/optuna/optuna/releases/tag/v3.0.0. Use suggest_float instead.
  param['subsample'] = trial.suggest_uniform('subsample', 0.70, 0.85)

2024-12-12 14:06:02,922:WARNING:/tmp/ipykernel_29021/3117289889.py:21: FutureWarning: suggest_uniform has been deprecated in v3.0.0. This feature will be removed in v6.0.0. See https://github.com/optuna/optuna/releases/tag/v3.0.0. Use suggest_float instead.
  param['subsample'] = trial.suggest_uniform('subsample', 0.70, 0.85)

2024-12-12 14:06:22,546:WARNING:/tmp/ipykernel_29021/3117289889.py:21: FutureWarning: suggest_uniform has been deprecated in v3.0.0. This feature will be removed in v6.0.0. See https://github.com/optuna/optuna/releases/tag/v3.0.0. Use suggest_float instead.
  param['subsample'] = trial.suggest_uniform('subsample', 0.70, 0.85)

2024-12-12 14:06:38,042:WARNING:/tmp/ipykernel_29021/3117289889.py:21: FutureWarning: suggest_uniform has been deprecated in v3.0.0. This feature will be removed in v6.0.0. See https://github.com/optuna/optuna/releases/tag/v3.0.0. Use suggest_float instead.
  param['subsample'] = trial.suggest_uniform('subsample', 0.70, 0.85)

2024-12-12 14:06:55,973:WARNING:/tmp/ipykernel_29021/3117289889.py:21: FutureWarning: suggest_uniform has been deprecated in v3.0.0. This feature will be removed in v6.0.0. See https://github.com/optuna/optuna/releases/tag/v3.0.0. Use suggest_float instead.
  param['subsample'] = trial.suggest_uniform('subsample', 0.70, 0.85)

2024-12-12 14:07:10,816:WARNING:/tmp/ipykernel_29021/3117289889.py:21: FutureWarning: suggest_uniform has been deprecated in v3.0.0. This feature will be removed in v6.0.0. See https://github.com/optuna/optuna/releases/tag/v3.0.0. Use suggest_float instead.
  param['subsample'] = trial.suggest_uniform('subsample', 0.70, 0.85)

2024-12-12 14:07:31,036:WARNING:/tmp/ipykernel_29021/3117289889.py:21: FutureWarning: suggest_uniform has been deprecated in v3.0.0. This feature will be removed in v6.0.0. See https://github.com/optuna/optuna/releases/tag/v3.0.0. Use suggest_float instead.
  param['subsample'] = trial.suggest_uniform('subsample', 0.70, 0.85)

2024-12-12 14:07:47,121:WARNING:/tmp/ipykernel_29021/3117289889.py:21: FutureWarning: suggest_uniform has been deprecated in v3.0.0. This feature will be removed in v6.0.0. See https://github.com/optuna/optuna/releases/tag/v3.0.0. Use suggest_float instead.
  param['subsample'] = trial.suggest_uniform('subsample', 0.70, 0.85)

2024-12-12 14:08:03,007:WARNING:/tmp/ipykernel_29021/3117289889.py:21: FutureWarning: suggest_uniform has been deprecated in v3.0.0. This feature will be removed in v6.0.0. See https://github.com/optuna/optuna/releases/tag/v3.0.0. Use suggest_float instead.
  param['subsample'] = trial.suggest_uniform('subsample', 0.70, 0.85)

2024-12-12 14:08:19,292:WARNING:/tmp/ipykernel_29021/3117289889.py:21: FutureWarning: suggest_uniform has been deprecated in v3.0.0. This feature will be removed in v6.0.0. See https://github.com/optuna/optuna/releases/tag/v3.0.0. Use suggest_float instead.
  param['subsample'] = trial.suggest_uniform('subsample', 0.70, 0.85)

2024-12-12 14:09:03,219:WARNING:/tmp/ipykernel_29021/1999889032.py:21: FutureWarning: suggest_uniform has been deprecated in v3.0.0. This feature will be removed in v6.0.0. See https://github.com/optuna/optuna/releases/tag/v3.0.0. Use suggest_float instead.
  param['subsample'] = trial.suggest_uniform('subsample', 0.70, 0.85)

2024-12-12 14:09:19,384:WARNING:/tmp/ipykernel_29021/1999889032.py:21: FutureWarning: suggest_uniform has been deprecated in v3.0.0. This feature will be removed in v6.0.0. See https://github.com/optuna/optuna/releases/tag/v3.0.0. Use suggest_float instead.
  param['subsample'] = trial.suggest_uniform('subsample', 0.70, 0.85)

2024-12-12 14:09:40,798:WARNING:/tmp/ipykernel_29021/1999889032.py:21: FutureWarning: suggest_uniform has been deprecated in v3.0.0. This feature will be removed in v6.0.0. See https://github.com/optuna/optuna/releases/tag/v3.0.0. Use suggest_float instead.
  param['subsample'] = trial.suggest_uniform('subsample', 0.70, 0.85)

2024-12-12 14:09:59,816:WARNING:/tmp/ipykernel_29021/1999889032.py:21: FutureWarning: suggest_uniform has been deprecated in v3.0.0. This feature will be removed in v6.0.0. See https://github.com/optuna/optuna/releases/tag/v3.0.0. Use suggest_float instead.
  param['subsample'] = trial.suggest_uniform('subsample', 0.70, 0.85)

2024-12-12 14:10:19,535:WARNING:/tmp/ipykernel_29021/1999889032.py:21: FutureWarning: suggest_uniform has been deprecated in v3.0.0. This feature will be removed in v6.0.0. See https://github.com/optuna/optuna/releases/tag/v3.0.0. Use suggest_float instead.
  param['subsample'] = trial.suggest_uniform('subsample', 0.70, 0.85)

2024-12-12 14:10:41,687:WARNING:/tmp/ipykernel_29021/1999889032.py:21: FutureWarning: suggest_uniform has been deprecated in v3.0.0. This feature will be removed in v6.0.0. See https://github.com/optuna/optuna/releases/tag/v3.0.0. Use suggest_float instead.
  param['subsample'] = trial.suggest_uniform('subsample', 0.70, 0.85)

2024-12-12 14:11:01,372:WARNING:/home/damiatus/.local/lib/python3.10/site-packages/xgboost/core.py:158: UserWarning: [14:11:01] WARNING: /workspace/src/learner.cc:740: 
Parameters: { "use_label_encoder" } are not used.

  warnings.warn(smsg, UserWarning)

2024-12-12 14:11:53,571:WARNING:/tmp/ipykernel_29021/2329385857.py:24: FutureWarning: suggest_uniform has been deprecated in v3.0.0. This feature will be removed in v6.0.0. See https://github.com/optuna/optuna/releases/tag/v3.0.0. Use suggest_float instead.
  param['subsample'] = trial.suggest_uniform('subsample', 0.70, 0.85)

2024-12-12 14:12:13,865:WARNING:/tmp/ipykernel_29021/2329385857.py:24: FutureWarning: suggest_uniform has been deprecated in v3.0.0. This feature will be removed in v6.0.0. See https://github.com/optuna/optuna/releases/tag/v3.0.0. Use suggest_float instead.
  param['subsample'] = trial.suggest_uniform('subsample', 0.70, 0.85)

2024-12-12 14:12:34,390:WARNING:/tmp/ipykernel_29021/2329385857.py:24: FutureWarning: suggest_uniform has been deprecated in v3.0.0. This feature will be removed in v6.0.0. See https://github.com/optuna/optuna/releases/tag/v3.0.0. Use suggest_float instead.
  param['subsample'] = trial.suggest_uniform('subsample', 0.70, 0.85)

2024-12-12 14:12:52,098:WARNING:/tmp/ipykernel_29021/2329385857.py:24: FutureWarning: suggest_uniform has been deprecated in v3.0.0. This feature will be removed in v6.0.0. See https://github.com/optuna/optuna/releases/tag/v3.0.0. Use suggest_float instead.
  param['subsample'] = trial.suggest_uniform('subsample', 0.70, 0.85)

2024-12-12 14:13:09,366:WARNING:/tmp/ipykernel_29021/2329385857.py:24: FutureWarning: suggest_uniform has been deprecated in v3.0.0. This feature will be removed in v6.0.0. See https://github.com/optuna/optuna/releases/tag/v3.0.0. Use suggest_float instead.
  param['subsample'] = trial.suggest_uniform('subsample', 0.70, 0.85)

2024-12-12 14:13:29,218:WARNING:/home/damiatus/.local/lib/python3.10/site-packages/xgboost/core.py:158: UserWarning: [14:13:29] WARNING: /workspace/src/learner.cc:740: 
Parameters: { "use_label_encoder" } are not used.

  warnings.warn(smsg, UserWarning)

2024-12-12 14:14:40,002:WARNING:/tmp/ipykernel_29021/2664847979.py:24: FutureWarning: suggest_uniform has been deprecated in v3.0.0. This feature will be removed in v6.0.0. See https://github.com/optuna/optuna/releases/tag/v3.0.0. Use suggest_float instead.
  param['subsample'] = trial.suggest_uniform('subsample', 0.70, 0.85)

2024-12-12 14:14:57,913:WARNING:/tmp/ipykernel_29021/2664847979.py:24: FutureWarning: suggest_uniform has been deprecated in v3.0.0. This feature will be removed in v6.0.0. See https://github.com/optuna/optuna/releases/tag/v3.0.0. Use suggest_float instead.
  param['subsample'] = trial.suggest_uniform('subsample', 0.70, 0.85)

2024-12-12 14:15:14,838:WARNING:/home/damiatus/.local/lib/python3.10/site-packages/xgboost/core.py:158: UserWarning: [14:15:14] WARNING: /workspace/src/learner.cc:740: 
Parameters: { "use_label_encoder" } are not used.

  warnings.warn(smsg, UserWarning)

2024-12-12 14:21:01,166:WARNING:/tmp/ipykernel_29021/2350924314.py:29: FutureWarning: suggest_uniform has been deprecated in v3.0.0. This feature will be removed in v6.0.0. See https://github.com/optuna/optuna/releases/tag/v3.0.0. Use suggest_float instead.
  param['subsample'] = trial.suggest_uniform('subsample', 0.70, 0.85)

2024-12-12 14:21:27,542:WARNING:/tmp/ipykernel_29021/2350924314.py:29: FutureWarning: suggest_uniform has been deprecated in v3.0.0. This feature will be removed in v6.0.0. See https://github.com/optuna/optuna/releases/tag/v3.0.0. Use suggest_float instead.
  param['subsample'] = trial.suggest_uniform('subsample', 0.70, 0.85)

2024-12-12 14:21:42,528:WARNING:/home/damiatus/.local/lib/python3.10/site-packages/xgboost/core.py:158: UserWarning: [14:21:42] WARNING: /workspace/src/learner.cc:740: 
Parameters: { "use_label_encoder" } are not used.

  warnings.warn(smsg, UserWarning)

2024-12-12 14:38:09,726:WARNING:/tmp/ipykernel_29021/1636204649.py:32: FutureWarning: suggest_uniform has been deprecated in v3.0.0. This feature will be removed in v6.0.0. See https://github.com/optuna/optuna/releases/tag/v3.0.0. Use suggest_float instead.
  param['subsample'] = trial.suggest_uniform('subsample', 0.70, 0.85)

2024-12-12 14:38:28,174:WARNING:/tmp/ipykernel_29021/1636204649.py:32: FutureWarning: suggest_uniform has been deprecated in v3.0.0. This feature will be removed in v6.0.0. See https://github.com/optuna/optuna/releases/tag/v3.0.0. Use suggest_float instead.
  param['subsample'] = trial.suggest_uniform('subsample', 0.70, 0.85)

2024-12-12 14:38:56,383:WARNING:/home/damiatus/.local/lib/python3.10/site-packages/xgboost/core.py:158: UserWarning: [14:38:56] WARNING: /workspace/src/learner.cc:740: 
Parameters: { "use_label_encoder" } are not used.

  warnings.warn(smsg, UserWarning)

2024-12-12 14:47:00,206:WARNING:/tmp/ipykernel_29021/584130071.py:35: FutureWarning: suggest_uniform has been deprecated in v3.0.0. This feature will be removed in v6.0.0. See https://github.com/optuna/optuna/releases/tag/v3.0.0. Use suggest_float instead.
  param['subsample'] = trial.suggest_uniform('subsample', 0.70, 0.85)

2024-12-12 14:47:25,953:WARNING:/tmp/ipykernel_29021/584130071.py:35: FutureWarning: suggest_uniform has been deprecated in v3.0.0. This feature will be removed in v6.0.0. See https://github.com/optuna/optuna/releases/tag/v3.0.0. Use suggest_float instead.
  param['subsample'] = trial.suggest_uniform('subsample', 0.70, 0.85)

2024-12-12 14:47:46,695:WARNING:/home/damiatus/.local/lib/python3.10/site-packages/xgboost/core.py:158: UserWarning: [14:47:46] WARNING: /workspace/src/learner.cc:740: 
Parameters: { "use_label_encoder" } are not used.

  warnings.warn(smsg, UserWarning)

2024-12-12 15:15:40,763:WARNING:/tmp/ipykernel_29021/3484203580.py:59: FutureWarning: suggest_uniform has been deprecated in v3.0.0. This feature will be removed in v6.0.0. See https://github.com/optuna/optuna/releases/tag/v3.0.0. Use suggest_float instead.
  param['subsample'] = trial.suggest_uniform('subsample', 0.70, 0.85)

2024-12-12 15:16:07,921:WARNING:/tmp/ipykernel_29021/3484203580.py:59: FutureWarning: suggest_uniform has been deprecated in v3.0.0. This feature will be removed in v6.0.0. See https://github.com/optuna/optuna/releases/tag/v3.0.0. Use suggest_float instead.
  param['subsample'] = trial.suggest_uniform('subsample', 0.70, 0.85)

2024-12-12 15:16:31,740:WARNING:/home/damiatus/.local/lib/python3.10/site-packages/xgboost/core.py:158: UserWarning: [15:16:31] WARNING: /workspace/src/learner.cc:740: 
Parameters: { "use_label_encoder" } are not used.

  warnings.warn(smsg, UserWarning)

2024-12-12 15:20:10,294:WARNING:/tmp/ipykernel_29021/1755260115.py:59: FutureWarning: suggest_uniform has been deprecated in v3.0.0. This feature will be removed in v6.0.0. See https://github.com/optuna/optuna/releases/tag/v3.0.0. Use suggest_float instead.
  param['subsample'] = trial.suggest_uniform('subsample', 0.70, 0.85)

2024-12-12 15:20:38,084:WARNING:/tmp/ipykernel_29021/1755260115.py:59: FutureWarning: suggest_uniform has been deprecated in v3.0.0. This feature will be removed in v6.0.0. See https://github.com/optuna/optuna/releases/tag/v3.0.0. Use suggest_float instead.
  param['subsample'] = trial.suggest_uniform('subsample', 0.70, 0.85)

2024-12-12 15:20:58,058:WARNING:/tmp/ipykernel_29021/1755260115.py:59: FutureWarning: suggest_uniform has been deprecated in v3.0.0. This feature will be removed in v6.0.0. See https://github.com/optuna/optuna/releases/tag/v3.0.0. Use suggest_float instead.
  param['subsample'] = trial.suggest_uniform('subsample', 0.70, 0.85)

2024-12-12 15:21:21,739:WARNING:/tmp/ipykernel_29021/1755260115.py:59: FutureWarning: suggest_uniform has been deprecated in v3.0.0. This feature will be removed in v6.0.0. See https://github.com/optuna/optuna/releases/tag/v3.0.0. Use suggest_float instead.
  param['subsample'] = trial.suggest_uniform('subsample', 0.70, 0.85)

2024-12-12 15:21:39,922:WARNING:/tmp/ipykernel_29021/1755260115.py:59: FutureWarning: suggest_uniform has been deprecated in v3.0.0. This feature will be removed in v6.0.0. See https://github.com/optuna/optuna/releases/tag/v3.0.0. Use suggest_float instead.
  param['subsample'] = trial.suggest_uniform('subsample', 0.70, 0.85)

2024-12-12 15:22:01,108:WARNING:/tmp/ipykernel_29021/1755260115.py:59: FutureWarning: suggest_uniform has been deprecated in v3.0.0. This feature will be removed in v6.0.0. See https://github.com/optuna/optuna/releases/tag/v3.0.0. Use suggest_float instead.
  param['subsample'] = trial.suggest_uniform('subsample', 0.70, 0.85)

2024-12-12 15:22:19,218:WARNING:/tmp/ipykernel_29021/1755260115.py:59: FutureWarning: suggest_uniform has been deprecated in v3.0.0. This feature will be removed in v6.0.0. See https://github.com/optuna/optuna/releases/tag/v3.0.0. Use suggest_float instead.
  param['subsample'] = trial.suggest_uniform('subsample', 0.70, 0.85)

2024-12-12 15:22:36,956:WARNING:/tmp/ipykernel_29021/1755260115.py:59: FutureWarning: suggest_uniform has been deprecated in v3.0.0. This feature will be removed in v6.0.0. See https://github.com/optuna/optuna/releases/tag/v3.0.0. Use suggest_float instead.
  param['subsample'] = trial.suggest_uniform('subsample', 0.70, 0.85)

2024-12-12 15:23:00,351:WARNING:/tmp/ipykernel_29021/1755260115.py:59: FutureWarning: suggest_uniform has been deprecated in v3.0.0. This feature will be removed in v6.0.0. See https://github.com/optuna/optuna/releases/tag/v3.0.0. Use suggest_float instead.
  param['subsample'] = trial.suggest_uniform('subsample', 0.70, 0.85)

2024-12-12 15:23:24,076:WARNING:/tmp/ipykernel_29021/1755260115.py:59: FutureWarning: suggest_uniform has been deprecated in v3.0.0. This feature will be removed in v6.0.0. See https://github.com/optuna/optuna/releases/tag/v3.0.0. Use suggest_float instead.
  param['subsample'] = trial.suggest_uniform('subsample', 0.70, 0.85)

2024-12-12 15:23:41,687:WARNING:/tmp/ipykernel_29021/1755260115.py:59: FutureWarning: suggest_uniform has been deprecated in v3.0.0. This feature will be removed in v6.0.0. See https://github.com/optuna/optuna/releases/tag/v3.0.0. Use suggest_float instead.
  param['subsample'] = trial.suggest_uniform('subsample', 0.70, 0.85)

2024-12-12 15:24:08,500:WARNING:/tmp/ipykernel_29021/1755260115.py:59: FutureWarning: suggest_uniform has been deprecated in v3.0.0. This feature will be removed in v6.0.0. See https://github.com/optuna/optuna/releases/tag/v3.0.0. Use suggest_float instead.
  param['subsample'] = trial.suggest_uniform('subsample', 0.70, 0.85)

2024-12-12 15:24:30,680:WARNING:/tmp/ipykernel_29021/1755260115.py:59: FutureWarning: suggest_uniform has been deprecated in v3.0.0. This feature will be removed in v6.0.0. See https://github.com/optuna/optuna/releases/tag/v3.0.0. Use suggest_float instead.
  param['subsample'] = trial.suggest_uniform('subsample', 0.70, 0.85)

2024-12-12 15:24:51,247:WARNING:/tmp/ipykernel_29021/1755260115.py:59: FutureWarning: suggest_uniform has been deprecated in v3.0.0. This feature will be removed in v6.0.0. See https://github.com/optuna/optuna/releases/tag/v3.0.0. Use suggest_float instead.
  param['subsample'] = trial.suggest_uniform('subsample', 0.70, 0.85)

2024-12-12 15:25:09,575:WARNING:/tmp/ipykernel_29021/1755260115.py:59: FutureWarning: suggest_uniform has been deprecated in v3.0.0. This feature will be removed in v6.0.0. See https://github.com/optuna/optuna/releases/tag/v3.0.0. Use suggest_float instead.
  param['subsample'] = trial.suggest_uniform('subsample', 0.70, 0.85)

2024-12-12 15:25:30,747:WARNING:/home/damiatus/.local/lib/python3.10/site-packages/xgboost/core.py:158: UserWarning: [15:25:30] WARNING: /workspace/src/learner.cc:740: 
Parameters: { "use_label_encoder" } are not used.

  warnings.warn(smsg, UserWarning)

2024-12-12 15:27:51,871:WARNING:/tmp/ipykernel_29021/1755260115.py:59: FutureWarning: suggest_uniform has been deprecated in v3.0.0. This feature will be removed in v6.0.0. See https://github.com/optuna/optuna/releases/tag/v3.0.0. Use suggest_float instead.
  param['subsample'] = trial.suggest_uniform('subsample', 0.70, 0.85)

2024-12-12 15:28:40,470:WARNING:/tmp/ipykernel_29021/1755260115.py:59: FutureWarning: suggest_uniform has been deprecated in v3.0.0. This feature will be removed in v6.0.0. See https://github.com/optuna/optuna/releases/tag/v3.0.0. Use suggest_float instead.
  param['subsample'] = trial.suggest_uniform('subsample', 0.70, 0.85)

2024-12-12 15:33:51,725:WARNING:/tmp/ipykernel_29021/1755260115.py:59: FutureWarning: suggest_uniform has been deprecated in v3.0.0. This feature will be removed in v6.0.0. See https://github.com/optuna/optuna/releases/tag/v3.0.0. Use suggest_float instead.
  param['subsample'] = trial.suggest_uniform('subsample', 0.70, 0.85)

2024-12-12 15:35:25,809:WARNING:/tmp/ipykernel_29021/1755260115.py:59: FutureWarning: suggest_uniform has been deprecated in v3.0.0. This feature will be removed in v6.0.0. See https://github.com/optuna/optuna/releases/tag/v3.0.0. Use suggest_float instead.
  param['subsample'] = trial.suggest_uniform('subsample', 0.70, 0.85)

2024-12-12 15:36:27,058:WARNING:/tmp/ipykernel_29021/1755260115.py:59: FutureWarning: suggest_uniform has been deprecated in v3.0.0. This feature will be removed in v6.0.0. See https://github.com/optuna/optuna/releases/tag/v3.0.0. Use suggest_float instead.
  param['subsample'] = trial.suggest_uniform('subsample', 0.70, 0.85)

2024-12-12 15:38:00,720:WARNING:/tmp/ipykernel_29021/1755260115.py:59: FutureWarning: suggest_uniform has been deprecated in v3.0.0. This feature will be removed in v6.0.0. See https://github.com/optuna/optuna/releases/tag/v3.0.0. Use suggest_float instead.
  param['subsample'] = trial.suggest_uniform('subsample', 0.70, 0.85)

2024-12-12 15:39:16,557:WARNING:/tmp/ipykernel_29021/1755260115.py:59: FutureWarning: suggest_uniform has been deprecated in v3.0.0. This feature will be removed in v6.0.0. See https://github.com/optuna/optuna/releases/tag/v3.0.0. Use suggest_float instead.
  param['subsample'] = trial.suggest_uniform('subsample', 0.70, 0.85)

2024-12-12 15:40:26,879:WARNING:/tmp/ipykernel_29021/1755260115.py:59: FutureWarning: suggest_uniform has been deprecated in v3.0.0. This feature will be removed in v6.0.0. See https://github.com/optuna/optuna/releases/tag/v3.0.0. Use suggest_float instead.
  param['subsample'] = trial.suggest_uniform('subsample', 0.70, 0.85)

2024-12-12 15:41:43,042:WARNING:/tmp/ipykernel_29021/1755260115.py:59: FutureWarning: suggest_uniform has been deprecated in v3.0.0. This feature will be removed in v6.0.0. See https://github.com/optuna/optuna/releases/tag/v3.0.0. Use suggest_float instead.
  param['subsample'] = trial.suggest_uniform('subsample', 0.70, 0.85)

2024-12-12 15:43:05,706:WARNING:/tmp/ipykernel_29021/1755260115.py:59: FutureWarning: suggest_uniform has been deprecated in v3.0.0. This feature will be removed in v6.0.0. See https://github.com/optuna/optuna/releases/tag/v3.0.0. Use suggest_float instead.
  param['subsample'] = trial.suggest_uniform('subsample', 0.70, 0.85)

2024-12-12 15:44:15,197:WARNING:/tmp/ipykernel_29021/1755260115.py:59: FutureWarning: suggest_uniform has been deprecated in v3.0.0. This feature will be removed in v6.0.0. See https://github.com/optuna/optuna/releases/tag/v3.0.0. Use suggest_float instead.
  param['subsample'] = trial.suggest_uniform('subsample', 0.70, 0.85)

2024-12-12 15:44:59,594:WARNING:/tmp/ipykernel_29021/1755260115.py:59: FutureWarning: suggest_uniform has been deprecated in v3.0.0. This feature will be removed in v6.0.0. See https://github.com/optuna/optuna/releases/tag/v3.0.0. Use suggest_float instead.
  param['subsample'] = trial.suggest_uniform('subsample', 0.70, 0.85)

2024-12-12 15:45:59,960:WARNING:/tmp/ipykernel_29021/1755260115.py:59: FutureWarning: suggest_uniform has been deprecated in v3.0.0. This feature will be removed in v6.0.0. See https://github.com/optuna/optuna/releases/tag/v3.0.0. Use suggest_float instead.
  param['subsample'] = trial.suggest_uniform('subsample', 0.70, 0.85)

2024-12-12 15:47:03,479:WARNING:/tmp/ipykernel_29021/1755260115.py:59: FutureWarning: suggest_uniform has been deprecated in v3.0.0. This feature will be removed in v6.0.0. See https://github.com/optuna/optuna/releases/tag/v3.0.0. Use suggest_float instead.
  param['subsample'] = trial.suggest_uniform('subsample', 0.70, 0.85)

2024-12-12 15:48:07,469:WARNING:/tmp/ipykernel_29021/1755260115.py:59: FutureWarning: suggest_uniform has been deprecated in v3.0.0. This feature will be removed in v6.0.0. See https://github.com/optuna/optuna/releases/tag/v3.0.0. Use suggest_float instead.
  param['subsample'] = trial.suggest_uniform('subsample', 0.70, 0.85)

2024-12-12 15:48:58,713:WARNING:/home/damiatus/.local/lib/python3.10/site-packages/xgboost/core.py:158: UserWarning: [15:48:58] WARNING: /workspace/src/learner.cc:740: 
Parameters: { "use_label_encoder" } are not used.

  warnings.warn(smsg, UserWarning)

2024-12-12 16:27:52,448:WARNING:/tmp/ipykernel_29021/2703601615.py:50: FutureWarning: suggest_uniform has been deprecated in v3.0.0. This feature will be removed in v6.0.0. See https://github.com/optuna/optuna/releases/tag/v3.0.0. Use suggest_float instead.
  param['subsample'] = trial.suggest_uniform('subsample', 0.70, 0.85)

2024-12-12 16:28:48,435:WARNING:/tmp/ipykernel_29021/2703601615.py:50: FutureWarning: suggest_uniform has been deprecated in v3.0.0. This feature will be removed in v6.0.0. See https://github.com/optuna/optuna/releases/tag/v3.0.0. Use suggest_float instead.
  param['subsample'] = trial.suggest_uniform('subsample', 0.70, 0.85)

2024-12-12 16:29:46,367:WARNING:/home/damiatus/.local/lib/python3.10/site-packages/xgboost/core.py:158: UserWarning: [16:29:46] WARNING: /workspace/src/learner.cc:740: 
Parameters: { "use_label_encoder" } are not used.

  warnings.warn(smsg, UserWarning)

2024-12-12 18:55:12,130:WARNING:/tmp/ipykernel_29021/1405875196.py:50: FutureWarning: suggest_uniform has been deprecated in v3.0.0. This feature will be removed in v6.0.0. See https://github.com/optuna/optuna/releases/tag/v3.0.0. Use suggest_float instead.
  param['subsample'] = trial.suggest_uniform('subsample', 0.70, 0.85)

2024-12-12 19:01:37,766:WARNING:
'cuml' is a soft dependency and not included in the pycaret installation. Please run: `pip install cuml` to install.
2024-12-12 19:01:37,769:WARNING:
'cuml' is a soft dependency and not included in the pycaret installation. Please run: `pip install cuml` to install.
2024-12-12 19:01:37,769:WARNING:
'cuml' is a soft dependency and not included in the pycaret installation. Please run: `pip install cuml` to install.
2024-12-12 19:01:37,769:WARNING:
'cuml' is a soft dependency and not included in the pycaret installation. Please run: `pip install cuml` to install.
2024-12-12 19:06:33,620:WARNING:/tmp/ipykernel_178082/1929804214.py:50: FutureWarning: suggest_uniform has been deprecated in v3.0.0. This feature will be removed in v6.0.0. See https://github.com/optuna/optuna/releases/tag/v3.0.0. Use suggest_float instead.
  param['subsample'] = trial.suggest_uniform('subsample', 0.70, 0.85)

2024-12-12 19:07:13,234:WARNING:/tmp/ipykernel_178082/1929804214.py:50: FutureWarning: suggest_uniform has been deprecated in v3.0.0. This feature will be removed in v6.0.0. See https://github.com/optuna/optuna/releases/tag/v3.0.0. Use suggest_float instead.
  param['subsample'] = trial.suggest_uniform('subsample', 0.70, 0.85)

2024-12-12 19:08:17,999:WARNING:/home/damiatus/.local/lib/python3.10/site-packages/xgboost/core.py:158: UserWarning: [19:08:17] WARNING: /workspace/src/learner.cc:740: 
Parameters: { "use_label_encoder" } are not used.

  warnings.warn(smsg, UserWarning)

2024-12-12 19:25:07,600:WARNING:
'cuml' is a soft dependency and not included in the pycaret installation. Please run: `pip install cuml` to install.
2024-12-12 19:25:07,600:WARNING:
'cuml' is a soft dependency and not included in the pycaret installation. Please run: `pip install cuml` to install.
2024-12-12 19:25:07,600:WARNING:
'cuml' is a soft dependency and not included in the pycaret installation. Please run: `pip install cuml` to install.
2024-12-12 19:25:07,600:WARNING:
'cuml' is a soft dependency and not included in the pycaret installation. Please run: `pip install cuml` to install.
2024-12-12 19:32:07,369:WARNING:/tmp/ipykernel_187458/190741382.py:50: FutureWarning: suggest_uniform has been deprecated in v3.0.0. This feature will be removed in v6.0.0. See https://github.com/optuna/optuna/releases/tag/v3.0.0. Use suggest_float instead.
  param['subsample'] = trial.suggest_uniform('subsample', 0.70, 0.85)

2024-12-12 19:33:14,531:WARNING:/tmp/ipykernel_187458/190741382.py:50: FutureWarning: suggest_uniform has been deprecated in v3.0.0. This feature will be removed in v6.0.0. See https://github.com/optuna/optuna/releases/tag/v3.0.0. Use suggest_float instead.
  param['subsample'] = trial.suggest_uniform('subsample', 0.70, 0.85)

2024-12-12 19:34:17,832:WARNING:/home/damiatus/.local/lib/python3.10/site-packages/xgboost/core.py:158: UserWarning: [19:34:17] WARNING: /workspace/src/learner.cc:740: 
Parameters: { "use_label_encoder" } are not used.

  warnings.warn(smsg, UserWarning)

2024-12-12 19:38:41,787:WARNING:/tmp/ipykernel_187458/2619177218.py:50: FutureWarning: suggest_uniform has been deprecated in v3.0.0. This feature will be removed in v6.0.0. See https://github.com/optuna/optuna/releases/tag/v3.0.0. Use suggest_float instead.
  param['subsample'] = trial.suggest_uniform('subsample', 0.70, 0.85)

2024-12-12 19:39:46,866:WARNING:/tmp/ipykernel_187458/2619177218.py:50: FutureWarning: suggest_uniform has been deprecated in v3.0.0. This feature will be removed in v6.0.0. See https://github.com/optuna/optuna/releases/tag/v3.0.0. Use suggest_float instead.
  param['subsample'] = trial.suggest_uniform('subsample', 0.70, 0.85)

2024-12-12 19:41:01,000:WARNING:/home/damiatus/.local/lib/python3.10/site-packages/xgboost/core.py:158: UserWarning: [19:41:00] WARNING: /workspace/src/learner.cc:740: 
Parameters: { "use_label_encoder" } are not used.

  warnings.warn(smsg, UserWarning)

2024-12-12 19:46:00,045:WARNING:/tmp/ipykernel_187458/285299628.py:50: FutureWarning: suggest_uniform has been deprecated in v3.0.0. This feature will be removed in v6.0.0. See https://github.com/optuna/optuna/releases/tag/v3.0.0. Use suggest_float instead.
  param['subsample'] = trial.suggest_uniform('subsample', 0.70, 0.85)

2024-12-12 19:47:30,237:WARNING:/tmp/ipykernel_187458/285299628.py:50: FutureWarning: suggest_uniform has been deprecated in v3.0.0. This feature will be removed in v6.0.0. See https://github.com/optuna/optuna/releases/tag/v3.0.0. Use suggest_float instead.
  param['subsample'] = trial.suggest_uniform('subsample', 0.70, 0.85)

2024-12-12 19:48:28,760:WARNING:/home/damiatus/.local/lib/python3.10/site-packages/xgboost/core.py:158: UserWarning: [19:48:28] WARNING: /workspace/src/learner.cc:740: 
Parameters: { "use_label_encoder" } are not used.

  warnings.warn(smsg, UserWarning)

2024-12-12 19:52:59,228:WARNING:/tmp/ipykernel_187458/1776318729.py:50: FutureWarning: suggest_uniform has been deprecated in v3.0.0. This feature will be removed in v6.0.0. See https://github.com/optuna/optuna/releases/tag/v3.0.0. Use suggest_float instead.
  param['subsample'] = trial.suggest_uniform('subsample', 0.70, 0.85)

2024-12-12 19:53:44,272:WARNING:/tmp/ipykernel_187458/1776318729.py:50: FutureWarning: suggest_uniform has been deprecated in v3.0.0. This feature will be removed in v6.0.0. See https://github.com/optuna/optuna/releases/tag/v3.0.0. Use suggest_float instead.
  param['subsample'] = trial.suggest_uniform('subsample', 0.70, 0.85)

2024-12-12 19:54:45,835:WARNING:/home/damiatus/.local/lib/python3.10/site-packages/xgboost/core.py:158: UserWarning: [19:54:45] WARNING: /workspace/src/learner.cc:740: 
Parameters: { "use_label_encoder" } are not used.

  warnings.warn(smsg, UserWarning)

2024-12-12 23:31:56,635:WARNING:
'cuml' is a soft dependency and not included in the pycaret installation. Please run: `pip install cuml` to install.
2024-12-12 23:31:56,635:WARNING:
'cuml' is a soft dependency and not included in the pycaret installation. Please run: `pip install cuml` to install.
2024-12-12 23:31:56,635:WARNING:
'cuml' is a soft dependency and not included in the pycaret installation. Please run: `pip install cuml` to install.
2024-12-12 23:31:56,635:WARNING:
'cuml' is a soft dependency and not included in the pycaret installation. Please run: `pip install cuml` to install.
2024-12-12 23:45:00,043:WARNING:/tmp/ipykernel_18277/2345462771.py:50: FutureWarning: suggest_uniform has been deprecated in v3.0.0. This feature will be removed in v6.0.0. See https://github.com/optuna/optuna/releases/tag/v3.0.0. Use suggest_float instead.
  param['subsample'] = trial.suggest_uniform('subsample', 0.70, 0.85)

2024-12-12 23:46:57,253:WARNING:/tmp/ipykernel_18277/309430666.py:50: FutureWarning: suggest_uniform has been deprecated in v3.0.0. This feature will be removed in v6.0.0. See https://github.com/optuna/optuna/releases/tag/v3.0.0. Use suggest_float instead.
  param['subsample'] = trial.suggest_uniform('subsample', 0.70, 0.85)

2024-12-12 23:48:09,126:WARNING:/tmp/ipykernel_18277/309430666.py:50: FutureWarning: suggest_uniform has been deprecated in v3.0.0. This feature will be removed in v6.0.0. See https://github.com/optuna/optuna/releases/tag/v3.0.0. Use suggest_float instead.
  param['subsample'] = trial.suggest_uniform('subsample', 0.70, 0.85)

2024-12-12 23:48:58,951:WARNING:/home/damiatus/.local/lib/python3.10/site-packages/xgboost/core.py:158: UserWarning: [23:48:58] WARNING: /workspace/src/learner.cc:740: 
Parameters: { "use_label_encoder" } are not used.

  warnings.warn(smsg, UserWarning)

